-- MySQL dump 10.13  Distrib 8.0.30, for Win64 (x86_64)
--
-- Host: localhost    Database: graduationdb
-- ------------------------------------------------------
-- Server version	8.0.30

/*!40101 SET @OLD_CHARACTER_SET_CLIENT=@@CHARACTER_SET_CLIENT */;
/*!40101 SET @OLD_CHARACTER_SET_RESULTS=@@CHARACTER_SET_RESULTS */;
/*!40101 SET @OLD_COLLATION_CONNECTION=@@COLLATION_CONNECTION */;
/*!50503 SET NAMES utf8 */;
/*!40103 SET @OLD_TIME_ZONE=@@TIME_ZONE */;
/*!40103 SET TIME_ZONE='+00:00' */;
/*!40014 SET @OLD_UNIQUE_CHECKS=@@UNIQUE_CHECKS, UNIQUE_CHECKS=0 */;
/*!40014 SET @OLD_FOREIGN_KEY_CHECKS=@@FOREIGN_KEY_CHECKS, FOREIGN_KEY_CHECKS=0 */;
/*!40101 SET @OLD_SQL_MODE=@@SQL_MODE, SQL_MODE='NO_AUTO_VALUE_ON_ZERO' */;
/*!40111 SET @OLD_SQL_NOTES=@@SQL_NOTES, SQL_NOTES=0 */;

--
-- Table structure for table `accessory`
--

DROP TABLE IF EXISTS `accessory`;
/*!40101 SET @saved_cs_client     = @@character_set_client */;
/*!50503 SET character_set_client = utf8mb4 */;
CREATE TABLE `accessory` (
  `accessory_id` bigint NOT NULL,
  `charging` varchar(255) DEFAULT NULL,
  `connector` varchar(255) DEFAULT NULL,
  `length` varchar(255) DEFAULT NULL,
  `size_key` varchar(255) DEFAULT NULL,
  `size_keyboard` varchar(255) DEFAULT NULL,
  `special` varchar(255) DEFAULT NULL,
  `switches` varchar(255) DEFAULT NULL,
  `type_keyboard` varchar(255) DEFAULT NULL,
  PRIMARY KEY (`accessory_id`),
  CONSTRAINT `FKlqq66yfqdsnl7mvnsvs1kvbkh` FOREIGN KEY (`accessory_id`) REFERENCES `products` (`prod_id`)
) ENGINE=InnoDB DEFAULT CHARSET=utf8mb4 COLLATE=utf8mb4_0900_ai_ci;
/*!40101 SET character_set_client = @saved_cs_client */;

--
-- Dumping data for table `accessory`
--

LOCK TABLES `accessory` WRITE;
/*!40000 ALTER TABLE `accessory` DISABLE KEYS */;
INSERT INTO `accessory` VALUES (876,'Không có','Dây cắm USB','1.85 m','Dài 43.5 cm - Rộng 15 cm - Cao 3.2 cm - Nặng 1.042 kg','108 Phím','Không có','Hãng không công bố','Full size'),(893,'Không có','Dây cắm USB','1.82 m','Dài 45.2 cm - Rộng 19 cm - Cao 2.4 cm - Nặng 866.5 g','104 Phím','Không có','Hãng không công bố','Full size'),(911,'Không có','Kết nối Wired - Attached','1.82 m','Dài 44.5 cm - Rộng 16 cm - Cao 2.5 cm - Nặng 1.74 kg','104 Phím','Không có','Razer Green Switch','Full size'),(1152,'Không có','Wired - Detachable Type-C','2.01m','Dài 36.5 cm - Rộng 13.5 cm - Cao 1.9 cm - Nặng 1 kg','87 Phím','Không có','Razer Linear Optical','Tankeyless'),(1169,'Không có','Dây cắm USB','1.96m','Dài 44.8 cm - Rộng 15 cm - Cao 3.8 cm - Nặng 1.69 kg','104 Phím','Không có','Razer Green Switch','Full size'),(1187,'Không có','Micro USB','2.05m','Dài 35.5 cm - Rộng 12.5 cm - Cao 3 cm - Nặng 1kg','87 Phím','Không có','Razer Orange Switch','Tankeyless'),(1205,'Không có','Dây cắm USB','2.22m','Dài 45.5 cm - Rộng 17 cm - Cao 5 cm - Nặng 1.4kg','104 Phím','Chống nước IP32','Cherry MX Red','Full size'),(1222,'Không có','Dây cắm USB','2.21m','Dài 36.5 cm - Rộng 17.4 cm - Cao 5 cm - Nặng 500g','87 Phím','Không có','Cherry MX Red','Tankeyless'),(1238,'20W','Type-C','1M','Không','Không','Không','Không','Không'),(1244,'Sạc Nhanh','USB Type-C','1M','Không','Không','Không','Không','Không'),(1251,'Không','USB Receiver;Bluetooth','10M','Dài 37.1 cm - Rộng 14.4 cm - Cao 2.2 cm - Nặng 558g','101 Phím','Không','Không','Full size'),(1289,'Không','USB Receiver','10M','Dài 37 cm - Rộng 14.5 cm - Cao 2 cm - Nặng 300g','78 Phím','Không','Không','Full size'),(1304,'Không','USB Receiver','10m','Dài 37 cm - Rộng 14.5 cm - Cao 2 cm - Nặng 300g','78 Phím','Không có','Không có','Full size'),(1315,'Không','USB Receiver','10m','Dài 43 cm - Rộng 12.3 cm - Cao 1.7 cm - Nặng 200g','104 Phím','Không','Không','Full size'),(1330,'Không','Dây cắm USB','1.5m','Dài 35.1 cm - Rộng 15.3 cm - Cao 3.7 cm - Nặng 1kg','87 phím','Không','Blue Switch','Tankeyless'),(1338,'Không có','Dây cắm USB','10M','Dài 45 cm - Rộng 13 cm - Cao 3 cm - Nặng 680g','106 Phím','Không có','Không có','Full size'),(1343,'Không có','USB Receiver','5m','Dài 45.5 cm - Rộng 16 cm - Cao 2.8 cm - Nặng 550g','109 phím','Không có','Không có','Full size'),(1348,'Không có','USB Receiver','10m','Dài 38 cm - Rộng 14 cm - Cao 4 cm - Nặng 395g','87 phím','Tích hợp bàn di chuột','Không có','Full size'),(1355,'Không có','Dây cắm USB','1.81m','Dài 42.5 cm - Rộng 13 cm - Cao 3 cm - Nặng 1.02kg','104 phím','Không','Blue Switch','Full size'),(1374,'Không','Dây cắm USB','1.88m','Dài 35.7 cm - Rộng 12.9 cm - Cao 3.5cm','87 phím','Không','Blue Switch','Tankeyless'),(1392,'USB Type-C','Dây cắm USB;Blutooth','8M','Dài 31 cm - Rộng 11.1 cm - Cao 3.2cm','68 phím','Không có','Blue Switch','Full size');
/*!40000 ALTER TABLE `accessory` ENABLE KEYS */;
UNLOCK TABLES;

--
-- Table structure for table `category`
--

DROP TABLE IF EXISTS `category`;
/*!40101 SET @saved_cs_client     = @@character_set_client */;
/*!50503 SET character_set_client = utf8mb4 */;
CREATE TABLE `category` (
  `cat_id` bigint NOT NULL,
  `name` varchar(255) DEFAULT NULL,
  PRIMARY KEY (`cat_id`)
) ENGINE=InnoDB DEFAULT CHARSET=utf8mb4 COLLATE=utf8mb4_0900_ai_ci;
/*!40101 SET character_set_client = @saved_cs_client */;

--
-- Dumping data for table `category`
--

LOCK TABLES `category` WRITE;
/*!40000 ALTER TABLE `category` DISABLE KEYS */;
INSERT INTO `category` VALUES (7,'Laptop'),(8,'Accessory'),(9,'Smartphone');
/*!40000 ALTER TABLE `category` ENABLE KEYS */;
UNLOCK TABLES;

--
-- Table structure for table `chat`
--

DROP TABLE IF EXISTS `chat`;
/*!40101 SET @saved_cs_client     = @@character_set_client */;
/*!50503 SET character_set_client = utf8mb4 */;
CREATE TABLE `chat` (
  `chat_id` bigint NOT NULL,
  `is_apply` bit(1) DEFAULT NULL,
  `is_end` bit(1) DEFAULT NULL,
  `time_send` datetime(6) DEFAULT NULL,
  `user_admin_user_id` bigint DEFAULT NULL,
  `user_customer_user_id` bigint DEFAULT NULL,
  PRIMARY KEY (`chat_id`),
  KEY `FK8jdxlcdgbss3bie4qs8egj4j` (`user_admin_user_id`),
  KEY `FKm6mma7w292mdfdasg61hdp3y6` (`user_customer_user_id`),
  CONSTRAINT `FK8jdxlcdgbss3bie4qs8egj4j` FOREIGN KEY (`user_admin_user_id`) REFERENCES `users` (`user_id`),
  CONSTRAINT `FKm6mma7w292mdfdasg61hdp3y6` FOREIGN KEY (`user_customer_user_id`) REFERENCES `users` (`user_id`)
) ENGINE=InnoDB DEFAULT CHARSET=utf8mb4 COLLATE=utf8mb4_0900_ai_ci;
/*!40101 SET character_set_client = @saved_cs_client */;

--
-- Dumping data for table `chat`
--

LOCK TABLES `chat` WRITE;
/*!40000 ALTER TABLE `chat` DISABLE KEYS */;
INSERT INTO `chat` VALUES (930,_binary '',_binary '\0','2022-11-22 16:20:10.957000',5,4),(1032,_binary '',_binary '\0','2022-11-23 13:55:22.881000',5,249);
/*!40000 ALTER TABLE `chat` ENABLE KEYS */;
UNLOCK TABLES;

--
-- Table structure for table `chat_detail`
--

DROP TABLE IF EXISTS `chat_detail`;
/*!40101 SET @saved_cs_client     = @@character_set_client */;
/*!50503 SET character_set_client = utf8mb4 */;
CREATE TABLE `chat_detail` (
  `chat_detail_id` bigint NOT NULL,
  `content` varchar(500) DEFAULT NULL,
  `image` varchar(255) DEFAULT NULL,
  `is_read` bit(1) DEFAULT NULL,
  `time_chat` datetime(6) DEFAULT NULL,
  `chat_chat_id` bigint DEFAULT NULL,
  `man_chat` bit(1) DEFAULT NULL,
  PRIMARY KEY (`chat_detail_id`),
  KEY `FK8x03vjw41po9ljgn6gwl0wvog` (`chat_chat_id`),
  CONSTRAINT `FK8x03vjw41po9ljgn6gwl0wvog` FOREIGN KEY (`chat_chat_id`) REFERENCES `chat` (`chat_id`)
) ENGINE=InnoDB DEFAULT CHARSET=utf8mb4 COLLATE=utf8mb4_0900_ai_ci;
/*!40101 SET character_set_client = @saved_cs_client */;

--
-- Dumping data for table `chat_detail`
--

LOCK TABLES `chat_detail` WRITE;
/*!40000 ALTER TABLE `chat_detail` DISABLE KEYS */;
INSERT INTO `chat_detail` VALUES (931,'hello',NULL,_binary '\0','2022-11-22 16:20:10.957000',930,_binary '\0'),(934,'hello ban oi',NULL,_binary '\0','2022-11-22 16:48:13.971000',930,_binary '\0'),(935,'alo nghe khoong ban',NULL,_binary '\0','2022-11-22 16:49:31.650000',930,_binary '\0'),(936,'sdsad',NULL,_binary '\0','2022-11-22 16:50:30.666000',930,_binary '\0'),(937,'sdasdsadas',NULL,_binary '\0','2022-11-22 16:51:08.164000',930,_binary '\0'),(938,'dsadá',NULL,_binary '\0','2022-11-22 16:58:54.733000',930,_binary '\0'),(939,'dsadsa',NULL,_binary '\0','2022-11-22 16:58:57.331000',930,_binary '\0'),(940,'noi gi co',NULL,_binary '\0','2022-11-22 17:50:07.660000',930,_binary '\0'),(941,'noi gi',NULL,_binary '\0','2022-11-22 17:51:21.672000',930,_binary '\0'),(942,'ok',NULL,_binary '\0','2022-11-22 17:51:59.505000',930,_binary '\0'),(943,'helldsds',NULL,_binary '\0','2022-11-22 18:57:36.856000',930,_binary '\0'),(944,'s',NULL,_binary '\0','2022-11-22 18:57:50.686000',930,_binary '\0'),(945,'saa',NULL,_binary '\0','2022-11-22 19:00:57.379000',930,_binary '\0'),(946,'ds',NULL,_binary '\0','2022-11-22 19:02:01.361000',930,_binary '\0'),(947,'dsdsad',NULL,_binary '\0','2022-11-22 19:02:08.903000',930,_binary '\0'),(948,'helo may oi',NULL,_binary '\0','2022-11-22 19:02:15.541000',930,_binary '\0'),(949,'canh sat day',NULL,_binary '\0','2022-11-22 19:09:53.641000',930,_binary '\0'),(950,'xZXzxZXA',NULL,_binary '\0','2022-11-22 19:15:12.999000',930,_binary '\0'),(951,'chu shop oi',NULL,_binary '\0','2022-11-22 22:36:49.368000',930,_binary '\0'),(952,'alo fdsfs',NULL,_binary '\0','2022-11-22 22:37:39.736000',930,_binary '\0'),(953,'me su may',NULL,_binary '\0','2022-11-22 22:37:55.246000',930,_binary '\0'),(954,'opioiopipip\\',NULL,_binary '\0','2022-11-22 22:38:33.774000',930,_binary '\0'),(955,'haha',NULL,_binary '\0','2022-11-22 23:10:08.655000',930,_binary '\0'),(956,'ok ban',NULL,_binary '\0','2022-11-22 23:11:13.721000',930,_binary '\0'),(958,'nho nha ban oi',NULL,_binary '\0','2022-11-22 23:55:31.214000',930,_binary ''),(970,'that khoong',NULL,_binary '\0','2022-11-23 00:29:54.552000',930,_binary ''),(971,'that ma',NULL,_binary '\0','2022-11-23 00:34:32.346000',930,_binary ''),(972,'dung gioi nha',NULL,_binary '\0','2022-11-23 00:34:57.166000',930,_binary '\0'),(973,'that ma ban',NULL,_binary '\0','2022-11-23 00:44:58.948000',930,_binary ''),(974,'hello',NULL,_binary '\0','2022-11-23 00:56:23.927000',930,_binary ''),(975,'xao vua thoi',NULL,_binary '\0','2022-11-23 00:56:51.601000',930,_binary '\0'),(976,'xao',NULL,_binary '\0','2022-11-23 00:58:49.970000',930,_binary ''),(977,'dsadsa',NULL,_binary '\0','2022-11-23 00:59:53.205000',930,_binary ''),(978,'dsadasdqw',NULL,_binary '\0','2022-11-23 01:01:12.494000',930,_binary ''),(979,'dsadsa',NULL,_binary '\0','2022-11-23 01:11:01.841000',930,_binary '\0'),(980,'scoll toi',NULL,_binary '\0','2022-11-23 01:18:59.134000',930,_binary '\0'),(981,'dasd',NULL,_binary '\0','2022-11-23 01:19:18.147000',930,_binary '\0'),(982,'sadas',NULL,_binary '\0','2022-11-23 01:21:06.817000',930,_binary '\0'),(983,'czxcxz',NULL,_binary '\0','2022-11-23 01:42:11.415000',930,_binary '\0'),(984,'dasdas',NULL,_binary '\0','2022-11-23 01:42:42.063000',930,_binary ''),(985,'dfsfsd',NULL,_binary '\0','2022-11-23 01:42:49.974000',930,_binary '\0'),(986,'chan rua bay',NULL,_binary '\0','2022-11-23 01:44:33.398000',930,_binary ''),(987,'co gi dau ma chan ong',NULL,_binary '\0','2022-11-23 01:45:00.198000',930,_binary '\0'),(988,'ong noi ma duoc ak',NULL,_binary '\0','2022-11-23 01:45:43.305000',930,_binary ''),(989,'thi ong muon toio sao nua',NULL,_binary '\0','2022-11-23 01:45:53.168000',930,_binary '\0'),(990,'me no',NULL,_binary '\0','2022-11-23 01:46:19.011000',930,_binary '\0'),(991,'thoi di ngu mai noi tiep',NULL,_binary '\0','2022-11-23 02:14:22.201000',930,_binary '\0'),(992,'a ma o ma thoi de mai noi',NULL,_binary '\0','2022-11-23 02:15:14.105000',930,_binary '\0'),(993,'ok ong chuc ngu ngon bye',NULL,_binary '\0','2022-11-23 02:15:38.908000',930,_binary ''),(994,'ma chuyen gi rua ong',NULL,_binary '\0','2022-11-23 02:16:03.548000',930,_binary ''),(995,'e',NULL,_binary '\0','2022-11-23 03:09:07.592000',930,_binary ''),(996,'sao ong',NULL,_binary '\0','2022-11-23 03:11:29.940000',930,_binary '\0'),(997,'hazzz van loi',NULL,_binary '\0','2022-11-23 03:11:53.364000',930,_binary '\0'),(998,'day chua ong',NULL,_binary '\0','2022-11-23 12:27:13.370000',930,_binary '\0'),(999,'alo alo',NULL,_binary '\0','2022-11-23 12:36:56.521000',930,_binary '\0'),(1000,'alo sao tra loi',NULL,_binary '\0','2022-11-23 12:38:13.828000',930,_binary '\0'),(1001,'nghe k opng',NULL,_binary '\0','2022-11-23 12:38:43.809000',930,_binary '\0'),(1002,'chan',NULL,_binary '\0','2022-11-23 12:41:08.852000',930,_binary '\0'),(1003,NULL,NULL,_binary '\0','2022-11-23 12:41:08.856000',930,_binary '\0'),(1004,'chan',NULL,_binary '\0','2022-11-23 12:41:13.015000',930,_binary '\0'),(1005,' ',NULL,_binary '\0','2022-11-23 12:41:31.057000',930,_binary '\0'),(1006,'alo',NULL,_binary '\0','2022-11-23 12:43:19.368000',930,_binary '\0'),(1007,'czxczx',NULL,_binary '\0','2022-11-23 12:43:34.452000',930,_binary '\0'),(1008,'fsdfsd',NULL,_binary '\0','2022-11-23 12:45:08.691000',930,_binary '\0'),(1009,'sdfasfsf',NULL,_binary '\0','2022-11-23 12:45:19.514000',930,_binary ''),(1010,'fgdsfsd',NULL,_binary '\0','2022-11-23 12:46:45.607000',930,_binary '\0'),(1011,'bvc',NULL,_binary '\0','2022-11-23 12:46:53.908000',930,_binary '\0'),(1012,'nvbnvb',NULL,_binary '\0','2022-11-23 12:47:49.544000',930,_binary '\0'),(1013,'hazzz',NULL,_binary '\0','2022-11-23 12:49:01.636000',930,_binary '\0'),(1014,'sfdre',NULL,_binary '\0','2022-11-23 12:50:26.014000',930,_binary '\0'),(1015,'troi oi',NULL,_binary '\0','2022-11-23 12:52:26.725000',930,_binary '\0'),(1016,'fdsfewerewr',NULL,_binary '\0','2022-11-23 12:52:48.725000',930,_binary '\0'),(1017,'kho qua ma',NULL,_binary '\0','2022-11-23 12:53:30.266000',930,_binary '\0'),(1018,'dfsf',NULL,_binary '\0','2022-11-23 13:08:50.740000',930,_binary '\0'),(1019,'dsadas',NULL,_binary '\0','2022-11-23 13:13:16.089000',930,_binary '\0'),(1020,'fdsf',NULL,_binary '\0','2022-11-23 13:21:08.020000',930,_binary '\0'),(1021,'fdsfds',NULL,_binary '\0','2022-11-23 13:22:08.237000',930,_binary '\0'),(1022,'dsadsa',NULL,_binary '\0','2022-11-23 13:22:50.868000',930,_binary '\0'),(1023,'hjgf',NULL,_binary '\0','2022-11-23 13:24:08.484000',930,_binary '\0'),(1024,'fdsfs',NULL,_binary '\0','2022-11-23 13:26:17.686000',930,_binary '\0'),(1025,'iuoui',NULL,_binary '\0','2022-11-23 13:27:19.625000',930,_binary '\0'),(1026,'hgfh',NULL,_binary '\0','2022-11-23 13:27:24.197000',930,_binary '\0'),(1027,'nha nhie the',NULL,_binary '\0','2022-11-23 13:27:34.992000',930,_binary ''),(1028,'dau co',NULL,_binary '\0','2022-11-23 13:27:43.082000',930,_binary '\0'),(1029,'dsad',NULL,_binary '\0','2022-11-23 13:28:21.305000',930,_binary '\0'),(1030,'ok ban',NULL,_binary '\0','2022-11-23 13:28:50.647000',930,_binary '\0'),(1031,'chan kinh',NULL,_binary '\0','2022-11-23 13:29:20.807000',930,_binary '\0'),(1033,'dsadsa',NULL,_binary '\0','2022-11-23 13:55:22.881000',1032,_binary '\0'),(1034,'sdsa',NULL,_binary '\0','2022-11-23 14:21:03.864000',1032,_binary '\0'),(1035,'sao lai chan',NULL,_binary '\0','2022-11-23 16:35:38.609000',1032,_binary ''),(1036,'?.',NULL,_binary '\0','2022-11-23 16:37:10.570000',1032,_binary ''),(1037,'thi no chan chu sao',NULL,_binary '\0','2022-11-23 16:37:20.511000',1032,_binary '\0'),(1038,'hazzz',NULL,_binary '\0','2022-11-23 16:37:37.114000',1032,_binary '\0'),(1039,'lo',NULL,_binary '\0','2022-11-23 16:44:23.476000',1032,_binary '\0'),(1040,'dsad',NULL,_binary '\0','2022-11-23 16:45:10.638000',1032,_binary '\0'),(1041,'fdsf',NULL,_binary '\0','2022-11-23 16:45:39.355000',1032,_binary '\0'),(1042,'ne ong',NULL,_binary '\0','2022-11-23 16:47:08.715000',1032,_binary '\0'),(1043,'dfs',NULL,_binary '\0','2022-11-23 16:48:02.103000',1032,_binary '\0'),(1044,'dsadwqejhkhk',NULL,_binary '\0','2022-11-23 16:49:21.260000',1032,_binary '\0'),(1045,'dok ong',NULL,_binary '\0','2022-11-23 16:50:03.920000',1032,_binary ''),(1046,'cvxc',NULL,_binary '\0','2022-11-23 16:50:14.774000',1032,_binary ''),(1047,'dsadsadas',NULL,_binary '\0','2022-11-23 16:50:36.236000',1032,_binary '\0'),(1048,'cai chi',NULL,_binary '\0','2022-11-23 16:51:35.768000',1032,_binary ''),(1049,'dsad',NULL,_binary '\0','2022-11-23 16:53:46.285000',1032,_binary '\0'),(1050,'asdasda',NULL,_binary '\0','2022-11-23 16:53:55.470000',1032,_binary ''),(1051,'kj',NULL,_binary '\0','2022-11-23 16:53:59.241000',1032,_binary '\0'),(1052,'sdas',NULL,_binary '\0','2022-11-23 16:54:07.876000',930,_binary ''),(1053,'dfsfsd',NULL,_binary '\0','2022-11-23 16:54:18.917000',1032,_binary ''),(1054,'fdsf',NULL,_binary '\0','2022-11-23 16:54:24.393000',930,_binary ''),(1055,'dsad',NULL,_binary '\0','2022-11-23 16:55:21.884000',930,_binary ''),(1056,'dsawqelio',NULL,_binary '\0','2022-11-23 16:55:29.945000',930,_binary ''),(1057,'fdsfsd',NULL,_binary '\0','2022-11-23 16:55:34.708000',1032,_binary ''),(1058,'hahah',NULL,_binary '\0','2022-11-23 16:55:43.174000',1032,_binary '\0'),(1059,'ong cuoi noi qua len ak',NULL,_binary '\0','2022-11-23 16:56:00.579000',1032,_binary '\0'),(1060,'ong cai chi rua',NULL,_binary '\0','2022-11-23 16:57:02.473000',930,_binary '\0'),(1061,'co nha chi dau',NULL,_binary '\0','2022-11-23 16:57:24.604000',930,_binary ''),(1062,'das',NULL,_binary '\0','2022-11-23 16:57:35.633000',930,_binary ''),(1063,'retre]',NULL,_binary '\0','2022-11-23 16:57:48.189000',930,_binary ''),(1064,'gfd',NULL,_binary '\0','2022-11-23 16:57:51.550000',930,_binary ''),(1065,'fdsfsd',NULL,_binary '\0','2022-11-23 16:58:04.296000',930,_binary '\0'),(1066,'dsadasd',NULL,_binary '\0','2022-11-23 16:58:12.535000',930,_binary ''),(1067,'dsadsadsawqeqw',NULL,_binary '\0','2022-11-23 16:58:20.170000',930,_binary '\0'),(1068,'fdsfs',NULL,_binary '\0','2022-11-23 16:59:02.814000',930,_binary ''),(1069,'ok ong nha',NULL,_binary '\0','2022-11-23 16:59:13.262000',930,_binary '\0'),(1071,'alo co khong ong oi',NULL,_binary '\0','2022-11-24 14:33:05.244000',930,_binary '\0'),(1072,'co sao vay',NULL,_binary '\0','2022-11-24 14:33:20.096000',930,_binary ''),(1073,'lo',NULL,_binary '\0','2022-11-24 17:09:38.456000',930,_binary ''),(1074,'lo cc',NULL,_binary '\0','2022-11-24 17:09:45.160000',930,_binary '\0'),(1075,'me may noi gi',NULL,_binary '\0','2022-11-24 17:09:53.766000',930,_binary ''),(1076,'cho tau cai dai chi',NULL,_binary '\0','2022-11-24 17:10:14.309000',930,_binary ''),(1077,'bo may so may chac',NULL,_binary '\0','2022-11-24 17:10:32.225000',930,_binary '\0'),(1078,'alo',NULL,_binary '\0','2022-11-24 17:26:56.861000',930,_binary ''),(1079,'lo',NULL,_binary '\0','2022-11-24 17:27:03.977000',930,_binary ''),(1080,'lo',NULL,_binary '\0','2022-11-24 17:28:38.073000',930,_binary ''),(1081,'lo',NULL,_binary '\0','2022-11-24 17:29:52.269000',930,_binary ''),(1082,'lo',NULL,_binary '\0','2022-11-24 17:29:55.960000',930,_binary ''),(1083,'dadas',NULL,_binary '\0','2022-11-24 17:30:25.296000',930,_binary ''),(1084,'cai chi rua',NULL,_binary '\0','2022-11-24 17:30:35.305000',930,_binary '\0'),(1085,'co cai nay ha lam',NULL,_binary '\0','2022-11-24 17:30:49.471000',930,_binary ''),(1086,'cai gi vay',NULL,_binary '\0','2022-11-24 17:32:15.199000',930,_binary '\0'),(1087,'sd',NULL,_binary '\0','2022-11-24 17:32:26.980000',930,_binary ''),(1417,'chao em anh dung day tu chieu',NULL,_binary '\0','2022-11-27 17:56:55.073000',930,_binary '\0'),(1418,'chao em anh cung dung day tu chieu',NULL,_binary '\0','2022-11-27 17:57:33.921000',930,_binary '');
/*!40000 ALTER TABLE `chat_detail` ENABLE KEYS */;
UNLOCK TABLES;

--
-- Table structure for table `comment`
--

DROP TABLE IF EXISTS `comment`;
/*!40101 SET @saved_cs_client     = @@character_set_client */;
/*!50503 SET character_set_client = utf8mb4 */;
CREATE TABLE `comment` (
  `comment_id` bigint NOT NULL,
  `comment_date` datetime DEFAULT NULL,
  `content` varchar(255) DEFAULT NULL,
  `prod_comment_prod_id` bigint DEFAULT NULL,
  `user_comments_user_id` bigint DEFAULT NULL,
  `hidden` bit(1) NOT NULL,
  PRIMARY KEY (`comment_id`),
  KEY `FKi1vgaagpm131l5xcjtwti1y14` (`prod_comment_prod_id`),
  KEY `FKec81nnlp0108b8kho0er3ngi2` (`user_comments_user_id`),
  CONSTRAINT `FKec81nnlp0108b8kho0er3ngi2` FOREIGN KEY (`user_comments_user_id`) REFERENCES `users` (`user_id`),
  CONSTRAINT `FKi1vgaagpm131l5xcjtwti1y14` FOREIGN KEY (`prod_comment_prod_id`) REFERENCES `products` (`prod_id`)
) ENGINE=InnoDB DEFAULT CHARSET=utf8mb4 COLLATE=utf8mb4_0900_ai_ci;
/*!40101 SET character_set_client = @saved_cs_client */;

--
-- Dumping data for table `comment`
--

LOCK TABLES `comment` WRITE;
/*!40000 ALTER TABLE `comment` DISABLE KEYS */;
INSERT INTO `comment` VALUES (290,'2022-10-31 15:55:10','san pham tot k',72,249,_binary '\0'),(298,'2022-11-07 19:25:25','ban oi co onl k',72,249,_binary '\0'),(300,'2022-11-07 22:29:39','hello',72,4,_binary '\0'),(333,'2022-11-13 12:03:29','dsa',72,4,_binary '\0'),(338,'2022-11-13 23:53:19','hello',72,249,_binary '\0'),(339,'2022-11-13 23:53:44','alo',72,249,_binary '\0'),(340,'2022-11-13 23:54:48','alo 123',72,249,_binary '\0'),(341,'2022-11-14 00:00:56','hello',72,249,_binary '\0'),(342,'2022-11-14 00:27:05','hello world',72,249,_binary '\0'),(1070,'2022-11-23 17:48:54','alo',398,4,_binary '\0'),(1415,'2022-11-27 17:54:59','asdasd',398,4,_binary '\0'),(1416,'2022-11-27 17:55:38','asdasd',398,5,_binary '\0');
/*!40000 ALTER TABLE `comment` ENABLE KEYS */;
UNLOCK TABLES;

--
-- Table structure for table `comment_detail`
--

DROP TABLE IF EXISTS `comment_detail`;
/*!40101 SET @saved_cs_client     = @@character_set_client */;
/*!50503 SET character_set_client = utf8mb4 */;
CREATE TABLE `comment_detail` (
  `cmde_id` bigint NOT NULL,
  `content_date_reply` datetime DEFAULT NULL,
  `content_reply` varchar(255) DEFAULT NULL,
  `cmde_comment_id` bigint DEFAULT NULL,
  `user_cmde_user_id` bigint DEFAULT NULL,
  `user_reply_user_id` bigint DEFAULT NULL,
  PRIMARY KEY (`cmde_id`),
  KEY `FK4atbnlqkl7wf1yink30wlsrol` (`cmde_comment_id`),
  KEY `FK15b4r99agxvqvsk1kahfk88ok` (`user_cmde_user_id`),
  KEY `FKb41ec837vlc4f6fkwifqfjpx7` (`user_reply_user_id`),
  CONSTRAINT `FK15b4r99agxvqvsk1kahfk88ok` FOREIGN KEY (`user_cmde_user_id`) REFERENCES `users` (`user_id`),
  CONSTRAINT `FK4atbnlqkl7wf1yink30wlsrol` FOREIGN KEY (`cmde_comment_id`) REFERENCES `comment` (`comment_id`),
  CONSTRAINT `FKb41ec837vlc4f6fkwifqfjpx7` FOREIGN KEY (`user_reply_user_id`) REFERENCES `users` (`user_id`)
) ENGINE=InnoDB DEFAULT CHARSET=utf8mb4 COLLATE=utf8mb4_0900_ai_ci;
/*!40101 SET character_set_client = @saved_cs_client */;

--
-- Dumping data for table `comment_detail`
--

LOCK TABLES `comment_detail` WRITE;
/*!40000 ALTER TABLE `comment_detail` DISABLE KEYS */;
INSERT INTO `comment_detail` VALUES (299,'2022-11-07 19:25:41','co ban oi',298,4,249),(1428,'2022-11-28 01:40:59','hello',342,4,249),(1434,'2022-11-30 02:05:33','ban nhan gi vay',1416,4,5);
/*!40000 ALTER TABLE `comment_detail` ENABLE KEYS */;
UNLOCK TABLES;

--
-- Table structure for table `favorites`
--

DROP TABLE IF EXISTS `favorites`;
/*!40101 SET @saved_cs_client     = @@character_set_client */;
/*!50503 SET character_set_client = utf8mb4 */;
CREATE TABLE `favorites` (
  `prod_id` bigint NOT NULL,
  `user_id` bigint NOT NULL,
  `your_favorite` bit(1) DEFAULT NULL,
  PRIMARY KEY (`prod_id`,`user_id`),
  KEY `FKk7du8b8ewipawnnpg76d55fus` (`user_id`),
  CONSTRAINT `FKk7du8b8ewipawnnpg76d55fus` FOREIGN KEY (`user_id`) REFERENCES `users` (`user_id`),
  CONSTRAINT `FKrea91iqo3p2c5e9esdo7flq0r` FOREIGN KEY (`prod_id`) REFERENCES `products` (`prod_id`)
) ENGINE=InnoDB DEFAULT CHARSET=utf8mb4 COLLATE=utf8mb4_0900_ai_ci;
/*!40101 SET character_set_client = @saved_cs_client */;

--
-- Dumping data for table `favorites`
--

LOCK TABLES `favorites` WRITE;
/*!40000 ALTER TABLE `favorites` DISABLE KEYS */;
INSERT INTO `favorites` VALUES (72,4,_binary ''),(1238,249,_binary ''),(1392,4,_binary '');
/*!40000 ALTER TABLE `favorites` ENABLE KEYS */;
UNLOCK TABLES;

--
-- Table structure for table `hibernate_sequence`
--

DROP TABLE IF EXISTS `hibernate_sequence`;
/*!40101 SET @saved_cs_client     = @@character_set_client */;
/*!50503 SET character_set_client = utf8mb4 */;
CREATE TABLE `hibernate_sequence` (
  `next_val` bigint DEFAULT NULL
) ENGINE=InnoDB DEFAULT CHARSET=utf8mb4 COLLATE=utf8mb4_0900_ai_ci;
/*!40101 SET character_set_client = @saved_cs_client */;

--
-- Dumping data for table `hibernate_sequence`
--

LOCK TABLES `hibernate_sequence` WRITE;
/*!40000 ALTER TABLE `hibernate_sequence` DISABLE KEYS */;
INSERT INTO `hibernate_sequence` VALUES (1435);
/*!40000 ALTER TABLE `hibernate_sequence` ENABLE KEYS */;
UNLOCK TABLES;

--
-- Table structure for table `image_detail`
--

DROP TABLE IF EXISTS `image_detail`;
/*!40101 SET @saved_cs_client     = @@character_set_client */;
/*!50503 SET character_set_client = utf8mb4 */;
CREATE TABLE `image_detail` (
  `imde_id` bigint NOT NULL,
  `image_name` varchar(2000) DEFAULT NULL,
  `prod_imde_prod_id` bigint DEFAULT NULL,
  PRIMARY KEY (`imde_id`),
  KEY `FK7ik7lddhusem3g6wue8w0xjvi` (`prod_imde_prod_id`),
  CONSTRAINT `FK7ik7lddhusem3g6wue8w0xjvi` FOREIGN KEY (`prod_imde_prod_id`) REFERENCES `products` (`prod_id`)
) ENGINE=InnoDB DEFAULT CHARSET=utf8mb4 COLLATE=utf8mb4_0900_ai_ci;
/*!40101 SET character_set_client = @saved_cs_client */;

--
-- Dumping data for table `image_detail`
--

LOCK TABLES `image_detail` WRITE;
/*!40000 ALTER TABLE `image_detail` DISABLE KEYS */;
INSERT INTO `image_detail` VALUES (73,'https://firebasestorage.googleapis.com/v0/b/graduation-396ec.appspot.com/o/products%2F0.ue6p2cjk0n_Laptop%20Acer%20TravelMate%20B3?alt=media&token=642589b7-a240-415b-a22f-1c1b62ed9b6a',72),(74,'https://firebasestorage.googleapis.com/v0/b/graduation-396ec.appspot.com/o/products%2F0.z7agk0wq0i_Laptop%20Acer%20TravelMate%20B3?alt=media&token=d33f865c-1062-4c59-b285-72caddb76d3a',72),(75,'https://firebasestorage.googleapis.com/v0/b/graduation-396ec.appspot.com/o/products%2F0.fuv1xhbqz4r_Laptop%20Acer%20TravelMate%20B3?alt=media&token=bdacb464-43ea-44ad-9f4e-c53ea8d3426a',72),(76,'https://firebasestorage.googleapis.com/v0/b/graduation-396ec.appspot.com/o/products%2F0.og1tg1jhg9_Laptop%20Acer%20TravelMate%20B3?alt=media&token=6bcf5c57-25bc-4f59-8dc7-38ac746fc2a7',72),(77,'https://firebasestorage.googleapis.com/v0/b/graduation-396ec.appspot.com/o/products%2F0.8gayav30xwg_Laptop%20Acer%20TravelMate%20B3?alt=media&token=d1f44b2f-8d72-4c64-880a-c808606ac11d',72),(78,'https://firebasestorage.googleapis.com/v0/b/graduation-396ec.appspot.com/o/products%2F0.kgkoumklunn_Laptop%20Acer%20TravelMate%20B3?alt=media&token=1e629050-9cca-4b83-b554-3f27042adac8',72),(79,'https://firebasestorage.googleapis.com/v0/b/graduation-396ec.appspot.com/o/products%2F0.zsn902cgc7e_Laptop%20Acer%20TravelMate%20B3?alt=media&token=3918eaa9-00a9-4a23-b4f7-585187f11cc4',72),(80,'https://firebasestorage.googleapis.com/v0/b/graduation-396ec.appspot.com/o/products%2F0.85vdcb304pq_Laptop%20Acer%20TravelMate%20B3?alt=media&token=823e4407-ba33-41d0-b356-240df05e26ce',72),(81,'https://firebasestorage.googleapis.com/v0/b/graduation-396ec.appspot.com/o/products%2F0.1hh5x8eejkyj_Laptop%20Acer%20TravelMate%20B3?alt=media&token=535f78a6-d090-4fe6-af1a-6c71f3af5394',72),(82,'https://firebasestorage.googleapis.com/v0/b/graduation-396ec.appspot.com/o/products%2F0.u7deh3cyy47_Laptop%20Acer%20TravelMate%20B3?alt=media&token=d58b773f-9b10-43eb-831e-b82088c91c51',72),(83,'https://firebasestorage.googleapis.com/v0/b/graduation-396ec.appspot.com/o/products%2F0.70z0olmoc3j_Laptop%20Acer%20TravelMate%20B3?alt=media&token=c0ad64b5-5380-4ecb-b89d-d93cdc845431',72),(84,'https://firebasestorage.googleapis.com/v0/b/graduation-396ec.appspot.com/o/products%2F0.0lwsjezbt4z_Laptop%20Acer%20TravelMate%20B3?alt=media&token=2c1176ff-528d-4299-94f6-b2a254c508a4',72),(85,'https://firebasestorage.googleapis.com/v0/b/graduation-396ec.appspot.com/o/products%2F0.2ewfgi3cqcl_Laptop%20Acer%20TravelMate%20B3?alt=media&token=4f677e70-d66c-4145-b978-a9f69256df73',72),(86,'https://firebasestorage.googleapis.com/v0/b/graduation-396ec.appspot.com/o/products%2F0.a9gp3s4zl9l_Laptop%20Acer%20TravelMate%20B3?alt=media&token=1eb892e6-a1b8-4e58-ac2f-7f24dc3d6ce8',72),(87,'https://firebasestorage.googleapis.com/v0/b/graduation-396ec.appspot.com/o/products%2F0.gdnvxpzmx6_Laptop%20Acer%20TravelMate%20B3?alt=media&token=19d0ea7a-2ee6-463e-9c2e-a8eb137ee036',72),(89,'https://firebasestorage.googleapis.com/v0/b/graduation-396ec.appspot.com/o/products%2F0.z4om6j4z8e_Lenovo%20Gaming%20Legion%205%20i7?alt=media&token=42fcada7-3fe1-41f6-93a2-2d9e67af62d2',88),(90,'https://firebasestorage.googleapis.com/v0/b/graduation-396ec.appspot.com/o/products%2F0.zuwdhn74h3_Lenovo%20Gaming%20Legion%205%20i7?alt=media&token=ff5733eb-4b2a-4c55-81d0-d3da2cde292a',88),(91,'https://firebasestorage.googleapis.com/v0/b/graduation-396ec.appspot.com/o/products%2F0.7hz2sn73pe3_Lenovo%20Gaming%20Legion%205%20i7?alt=media&token=91a5ad34-c026-49ae-8c96-b6f0fec74809',88),(92,'https://firebasestorage.googleapis.com/v0/b/graduation-396ec.appspot.com/o/products%2F0.p18zpj1ur98_Lenovo%20Gaming%20Legion%205%20i7?alt=media&token=d1695c82-b625-407b-90eb-b773fda43a6c',88),(93,'https://firebasestorage.googleapis.com/v0/b/graduation-396ec.appspot.com/o/products%2F0.218eiigjxpf_Lenovo%20Gaming%20Legion%205%20i7?alt=media&token=c79de2a5-02a0-4fd8-8cc5-6d1822961466',88),(94,'https://firebasestorage.googleapis.com/v0/b/graduation-396ec.appspot.com/o/products%2F0.t0zb2yzz6fb_Lenovo%20Gaming%20Legion%205%20i7?alt=media&token=5c1e899d-c448-454e-97ea-30964c730da6',88),(95,'https://firebasestorage.googleapis.com/v0/b/graduation-396ec.appspot.com/o/products%2F0.ww6hiugbcob_Lenovo%20Gaming%20Legion%205%20i7?alt=media&token=917b9287-6884-42f9-9b68-65c325453ef3',88),(376,'https://firebasestorage.googleapis.com/v0/b/graduation-396ec.appspot.com/o/products%2F0.daenex0gye_Laptop%20Asus%20Gaming%20ROG%20Flow%20z13?alt=media&token=65fde029-9240-4388-a736-242ef32f67d4',375),(377,'https://firebasestorage.googleapis.com/v0/b/graduation-396ec.appspot.com/o/products%2F0.ozp45jgkw2l_Laptop%20Asus%20Gaming%20ROG%20Flow%20z13?alt=media&token=4661d37f-5f47-4d25-9adf-8329eb722a8c',375),(378,'https://firebasestorage.googleapis.com/v0/b/graduation-396ec.appspot.com/o/products%2F0.wxkggvisho9_Laptop%20Asus%20Gaming%20ROG%20Flow%20z13?alt=media&token=8a059fe1-2850-420a-93a3-0ea5a2220d62',375),(379,'https://firebasestorage.googleapis.com/v0/b/graduation-396ec.appspot.com/o/products%2F0.c8xprw735jv_Laptop%20Asus%20Gaming%20ROG%20Flow%20z13?alt=media&token=d7742d35-2fcb-4f4a-a577-c157148ff5cd',375),(380,'https://firebasestorage.googleapis.com/v0/b/graduation-396ec.appspot.com/o/products%2F0.v0xml2gnj5_Laptop%20Asus%20Gaming%20ROG%20Flow%20z13?alt=media&token=bbae7c7b-bb9d-4799-8393-c06cdfb5b82d',375),(381,'https://firebasestorage.googleapis.com/v0/b/graduation-396ec.appspot.com/o/products%2F0.e1o4xge0c14_Laptop%20Asus%20Gaming%20ROG%20Flow%20z13?alt=media&token=36db62f3-4c74-4ba7-9095-b810f1a512a5',375),(382,'https://firebasestorage.googleapis.com/v0/b/graduation-396ec.appspot.com/o/products%2F0.5b3vtkprn14_Laptop%20Asus%20Gaming%20ROG%20Flow%20z13?alt=media&token=1585955c-6da3-4768-9563-8975635e9e64',375),(383,'https://firebasestorage.googleapis.com/v0/b/graduation-396ec.appspot.com/o/products%2F0.tz3ulnkg4ak_Laptop%20Asus%20Gaming%20ROG%20Flow%20z13?alt=media&token=e1483a06-9edd-4e13-9d80-54e324d2f124',375),(384,'https://firebasestorage.googleapis.com/v0/b/graduation-396ec.appspot.com/o/products%2F0.ki2g54xnu5k_Laptop%20Asus%20Gaming%20ROG%20Flow%20z13?alt=media&token=0bf90b74-a9aa-4033-9a57-e7e506bd22d7',375),(385,'https://firebasestorage.googleapis.com/v0/b/graduation-396ec.appspot.com/o/products%2F0.18lilkof5a3_Laptop%20Asus%20Gaming%20ROG%20Flow%20z13?alt=media&token=58089ed0-077c-4155-ade0-2e1c18ee70af',375),(387,'https://firebasestorage.googleapis.com/v0/b/graduation-396ec.appspot.com/o/products%2F0.eov9bjuzedt_Laptop%20GIGABYTE%20Gaming%20G5Laptop%20GIGABYTE%20Gaming%20G5?alt=media&token=afe8c88f-25bc-471a-a0b3-d9d781a4cc76',386),(388,'https://firebasestorage.googleapis.com/v0/b/graduation-396ec.appspot.com/o/products%2F0.psamrv0o95r_Laptop%20GIGABYTE%20Gaming%20G5Laptop%20GIGABYTE%20Gaming%20G5?alt=media&token=7f5b1404-2a4c-4824-ad3b-1193392cb3e7',386),(389,'https://firebasestorage.googleapis.com/v0/b/graduation-396ec.appspot.com/o/products%2F0.4rprpm4uwun_Laptop%20GIGABYTE%20Gaming%20G5Laptop%20GIGABYTE%20Gaming%20G5?alt=media&token=4adad7a6-ce1b-4f3f-ae67-3a1694bf436e',386),(390,'https://firebasestorage.googleapis.com/v0/b/graduation-396ec.appspot.com/o/products%2F0.p2r2itos68a_Laptop%20GIGABYTE%20Gaming%20G5Laptop%20GIGABYTE%20Gaming%20G5?alt=media&token=9daf180f-430c-4af2-9b7d-325624b2da52',386),(391,'https://firebasestorage.googleapis.com/v0/b/graduation-396ec.appspot.com/o/products%2F0.qpu7k9eu4r_Laptop%20GIGABYTE%20Gaming%20G5Laptop%20GIGABYTE%20Gaming%20G5?alt=media&token=fe240d63-f001-452b-81c9-ba0fd4e5dfec',386),(392,'https://firebasestorage.googleapis.com/v0/b/graduation-396ec.appspot.com/o/products%2F0.rzcbqcjtots_Laptop%20GIGABYTE%20Gaming%20G5Laptop%20GIGABYTE%20Gaming%20G5?alt=media&token=b611880c-217b-4bde-b98e-70bfcadb321e',386),(393,'https://firebasestorage.googleapis.com/v0/b/graduation-396ec.appspot.com/o/products%2F0.py6vfsbby9a_Laptop%20GIGABYTE%20Gaming%20G5Laptop%20GIGABYTE%20Gaming%20G5?alt=media&token=cfe6a3bf-273f-449c-a39a-107e31227153',386),(394,'https://firebasestorage.googleapis.com/v0/b/graduation-396ec.appspot.com/o/products%2F0.h181xwh8ux4_Laptop%20GIGABYTE%20Gaming%20G5Laptop%20GIGABYTE%20Gaming%20G5?alt=media&token=effe7e14-e7c4-45ca-ba41-ac399175a3ac',386),(395,'https://firebasestorage.googleapis.com/v0/b/graduation-396ec.appspot.com/o/products%2F0.w7rgoqefbh_Laptop%20GIGABYTE%20Gaming%20G5Laptop%20GIGABYTE%20Gaming%20G5?alt=media&token=a7552096-51e5-4091-b524-e670a46c5f5f',386),(396,'https://firebasestorage.googleapis.com/v0/b/graduation-396ec.appspot.com/o/products%2F0.4hjh5ej4yka_Laptop%20GIGABYTE%20Gaming%20G5Laptop%20GIGABYTE%20Gaming%20G5?alt=media&token=9cacc453-c3be-4da1-a878-246f7dd7efcf',386),(397,'https://firebasestorage.googleapis.com/v0/b/graduation-396ec.appspot.com/o/products%2F0.sslsusutt6k_Laptop%20GIGABYTE%20Gaming%20G5Laptop%20GIGABYTE%20Gaming%20G5?alt=media&token=84c84a4d-fae8-49f7-8060-2522405ddb6e',386),(399,'https://firebasestorage.googleapis.com/v0/b/graduation-396ec.appspot.com/o/products%2F0.6lih2o10a0v_Laptop%20Acer%20Nitro%205%20Gaming%20an515?alt=media&token=657b2f14-6aa3-4123-a765-08bb1fd7a323',398),(400,'https://firebasestorage.googleapis.com/v0/b/graduation-396ec.appspot.com/o/products%2F0.17ze3ibf90l_Laptop%20Acer%20Nitro%205%20Gaming%20an515?alt=media&token=61233d1a-8761-4791-a59e-5eb9fb5b0263',398),(401,'https://firebasestorage.googleapis.com/v0/b/graduation-396ec.appspot.com/o/products%2F0.307jxkurlvm_Laptop%20Acer%20Nitro%205%20Gaming%20an515?alt=media&token=c0b7f1d7-59b1-4d11-b95f-b65adaebf79a',398),(402,'https://firebasestorage.googleapis.com/v0/b/graduation-396ec.appspot.com/o/products%2F0.3os355yw98u_Laptop%20Acer%20Nitro%205%20Gaming%20an515?alt=media&token=fbbcf248-585b-4718-bead-efb1a32777e7',398),(403,'https://firebasestorage.googleapis.com/v0/b/graduation-396ec.appspot.com/o/products%2F0.yngyoywkw1o_Laptop%20Acer%20Nitro%205%20Gaming%20an515?alt=media&token=952792a0-4595-4f49-bdf5-abf49bdb1252',398),(404,'https://firebasestorage.googleapis.com/v0/b/graduation-396ec.appspot.com/o/products%2F0.mdgowpnkg6d_Laptop%20Acer%20Nitro%205%20Gaming%20an515?alt=media&token=90e36423-4ab9-4fb1-9c87-00299a0f88e9',398),(405,'https://firebasestorage.googleapis.com/v0/b/graduation-396ec.appspot.com/o/products%2F0.5j7tqzxzzap_Laptop%20Acer%20Nitro%205%20Gaming%20an515?alt=media&token=df954591-e18c-4891-a9ff-fdc8ff6ca117',398),(406,'https://firebasestorage.googleapis.com/v0/b/graduation-396ec.appspot.com/o/products%2F0.vsty6fc1c9q_Laptop%20Acer%20Nitro%205%20Gaming%20an515?alt=media&token=87c70617-0173-4691-97da-d79588f580a0',398),(407,'https://firebasestorage.googleapis.com/v0/b/graduation-396ec.appspot.com/o/products%2F0.rh7xhhrnla_Laptop%20Acer%20Nitro%205%20Gaming%20an515?alt=media&token=4b20f127-fedd-4644-82aa-601bf1536a26',398),(408,'https://firebasestorage.googleapis.com/v0/b/graduation-396ec.appspot.com/o/products%2F0.pbhg50zzfki_Laptop%20Acer%20Nitro%205%20Gaming%20an515?alt=media&token=d6048dd6-7463-4aac-958c-2f118df50b9f',398),(409,'https://firebasestorage.googleapis.com/v0/b/graduation-396ec.appspot.com/o/products%2F0.oehl7ncp5fq_Laptop%20Acer%20Nitro%205%20Gaming%20an515?alt=media&token=ecf72143-cf5d-457c-9943-6435ecf22a8f',398),(410,'https://firebasestorage.googleapis.com/v0/b/graduation-396ec.appspot.com/o/products%2F0.ut6ww59h8w_Laptop%20Acer%20Nitro%205%20Gaming%20an515?alt=media&token=3c0b3055-8e8a-445b-af25-6fbed5841d04',398),(411,'https://firebasestorage.googleapis.com/v0/b/graduation-396ec.appspot.com/o/products%2F0.z8mps7z4rpl_Laptop%20Acer%20Nitro%205%20Gaming%20an515?alt=media&token=9c0db8c2-9742-495a-b230-f141b3f584c6',398),(413,'https://firebasestorage.googleapis.com/v0/b/graduation-396ec.appspot.com/o/products%2F0.e11mh7e2ul4_Laptop%20MSI%20Gaming%20GE66%20Raider%2011UG?alt=media&token=8a97ba68-884a-4c5c-8376-8c254520149e',412),(414,'https://firebasestorage.googleapis.com/v0/b/graduation-396ec.appspot.com/o/products%2F0.n7mtpipgjr_Laptop%20MSI%20Gaming%20GE66%20Raider%2011UG?alt=media&token=bea36e9b-a4c3-47bc-bf9b-bfb90333943a',412),(415,'https://firebasestorage.googleapis.com/v0/b/graduation-396ec.appspot.com/o/products%2F0.ldoteoakcui_Laptop%20MSI%20Gaming%20GE66%20Raider%2011UG?alt=media&token=cc21b9ff-172b-45be-aae8-30ba8a2ea955',412),(416,'https://firebasestorage.googleapis.com/v0/b/graduation-396ec.appspot.com/o/products%2F0.7x13fg62ki_Laptop%20MSI%20Gaming%20GE66%20Raider%2011UG?alt=media&token=e26797d4-ea9b-4c7c-8369-529525bcea91',412),(417,'https://firebasestorage.googleapis.com/v0/b/graduation-396ec.appspot.com/o/products%2F0.4mhpfhcrv36_Laptop%20MSI%20Gaming%20GE66%20Raider%2011UG?alt=media&token=2039e2c6-a846-418d-bcc0-437636df07cc',412),(418,'https://firebasestorage.googleapis.com/v0/b/graduation-396ec.appspot.com/o/products%2F0.d19f3qkmknv_Laptop%20MSI%20Gaming%20GE66%20Raider%2011UG?alt=media&token=60fda2df-0d03-4965-a3fa-064db8794c1c',412),(419,'https://firebasestorage.googleapis.com/v0/b/graduation-396ec.appspot.com/o/products%2F0.l77q8891mxh_Laptop%20MSI%20Gaming%20GE66%20Raider%2011UG?alt=media&token=0ba886a1-a9fc-433e-97df-5cc8dd948e4c',412),(420,'https://firebasestorage.googleapis.com/v0/b/graduation-396ec.appspot.com/o/products%2F0.cuc6c8lgye_Laptop%20MSI%20Gaming%20GE66%20Raider%2011UG?alt=media&token=e75a9414-db19-420b-98f8-ff80bda09fae',412),(421,'https://firebasestorage.googleapis.com/v0/b/graduation-396ec.appspot.com/o/products%2F0.pccrb4ax31_Laptop%20MSI%20Gaming%20GE66%20Raider%2011UG?alt=media&token=ef4d8e34-3a45-46e7-a884-0a74d029e625',412),(422,'https://firebasestorage.googleapis.com/v0/b/graduation-396ec.appspot.com/o/products%2F0.yir2u61vaf_Laptop%20MSI%20Gaming%20GE66%20Raider%2011UG?alt=media&token=1f60efcb-1ca5-4d34-9099-b15668319c8e',412),(423,'https://firebasestorage.googleapis.com/v0/b/graduation-396ec.appspot.com/o/products%2F0.uiwdrjocx4f_Laptop%20MSI%20Gaming%20GE66%20Raider%2011UG?alt=media&token=c2701c93-c7b0-4312-a6af-4abd25356903',412),(424,'https://firebasestorage.googleapis.com/v0/b/graduation-396ec.appspot.com/o/products%2F0.wbssvz6s4el_Laptop%20MSI%20Gaming%20GE66%20Raider%2011UG?alt=media&token=9425211c-166b-41f8-87bd-0594cb95bd46',412),(426,'https://firebasestorage.googleapis.com/v0/b/graduation-396ec.appspot.com/o/products%2F0.6s5uhn8r0o5_Laptop%20Lenovo%20IdeaPad%20Gaming%203?alt=media&token=c9153d6a-4563-46d5-a521-7719456f5231',425),(427,'https://firebasestorage.googleapis.com/v0/b/graduation-396ec.appspot.com/o/products%2F0.3ne86tnre32_Laptop%20Lenovo%20IdeaPad%20Gaming%203?alt=media&token=ce9ae0a7-7b00-4f76-acce-a6a89c48f894',425),(428,'https://firebasestorage.googleapis.com/v0/b/graduation-396ec.appspot.com/o/products%2F0.53jhsmig13e_Laptop%20Lenovo%20IdeaPad%20Gaming%203?alt=media&token=b23cb3f0-be8f-48b9-922e-bb661f54bb3f',425),(429,'https://firebasestorage.googleapis.com/v0/b/graduation-396ec.appspot.com/o/products%2F0.mr30r97u6nk_Laptop%20Lenovo%20IdeaPad%20Gaming%203?alt=media&token=868211c6-2419-4001-943c-0be2bc98ec75',425),(430,'https://firebasestorage.googleapis.com/v0/b/graduation-396ec.appspot.com/o/products%2F0.m3l94yyotw_Laptop%20Lenovo%20IdeaPad%20Gaming%203?alt=media&token=d17bdeb3-eab5-43a6-a4ac-2bd1cd352dce',425),(431,'https://firebasestorage.googleapis.com/v0/b/graduation-396ec.appspot.com/o/products%2F0.v1mog43105m_Laptop%20Lenovo%20IdeaPad%20Gaming%203?alt=media&token=c968c27d-41d9-4ddc-ad4c-e39615f50d71',425),(432,'https://firebasestorage.googleapis.com/v0/b/graduation-396ec.appspot.com/o/products%2F0.o8bjwh5pvdd_Laptop%20Lenovo%20IdeaPad%20Gaming%203?alt=media&token=1975e17c-7ddd-4f86-9f91-5bdf856f43e4',425),(433,'https://firebasestorage.googleapis.com/v0/b/graduation-396ec.appspot.com/o/products%2F0.erbqaaaqzvt_Laptop%20Lenovo%20IdeaPad%20Gaming%203?alt=media&token=d0de3391-c004-4994-9044-0de70ed7988c',425),(435,'https://firebasestorage.googleapis.com/v0/b/graduation-396ec.appspot.com/o/products%2F0.pinl344amm_Laptop%20Asus%20TUF%20Gaming%20FX506LH?alt=media&token=a94b7f0c-1029-4265-b33d-e0d1519cf5d9',434),(436,'https://firebasestorage.googleapis.com/v0/b/graduation-396ec.appspot.com/o/products%2F0.j390hp4pskf_Laptop%20Asus%20TUF%20Gaming%20FX506LH?alt=media&token=309707de-4bad-40ee-9c3e-024a20b889d9',434),(437,'https://firebasestorage.googleapis.com/v0/b/graduation-396ec.appspot.com/o/products%2F0.90pbmalcvvm_Laptop%20Asus%20TUF%20Gaming%20FX506LH?alt=media&token=824cb2db-41db-4a56-b194-c8019439e35b',434),(438,'https://firebasestorage.googleapis.com/v0/b/graduation-396ec.appspot.com/o/products%2F0.s3zmkm9psda_Laptop%20Asus%20TUF%20Gaming%20FX506LH?alt=media&token=45d88708-662a-4369-92c0-6e230d31cdc8',434),(439,'https://firebasestorage.googleapis.com/v0/b/graduation-396ec.appspot.com/o/products%2F0.u1abh39hain_Laptop%20Asus%20TUF%20Gaming%20FX506LH?alt=media&token=b668207a-b45e-413c-9991-08da7495e9be',434),(440,'https://firebasestorage.googleapis.com/v0/b/graduation-396ec.appspot.com/o/products%2F0.78mpvo9xnl8_Laptop%20Asus%20TUF%20Gaming%20FX506LH?alt=media&token=9c1c9e9c-d2b3-4ea6-b510-7122238b02e7',434),(441,'https://firebasestorage.googleapis.com/v0/b/graduation-396ec.appspot.com/o/products%2F0.6h96m18qaxr_Laptop%20Asus%20TUF%20Gaming%20FX506LH?alt=media&token=e1bc34a8-7c48-4d2c-89ac-d44139fd3fc4',434),(442,'https://firebasestorage.googleapis.com/v0/b/graduation-396ec.appspot.com/o/products%2F0.8sfxx6nzyx4_Laptop%20Asus%20TUF%20Gaming%20FX506LH?alt=media&token=6e66bd1e-2196-4434-9128-65ec69f6ac7e',434),(443,'https://firebasestorage.googleapis.com/v0/b/graduation-396ec.appspot.com/o/products%2F0.m1liifkrbll_Laptop%20Asus%20TUF%20Gaming%20FX506LH?alt=media&token=fe148cda-898b-45e8-b1d4-fe08df52b094',434),(444,'https://firebasestorage.googleapis.com/v0/b/graduation-396ec.appspot.com/o/products%2F0.xzff3myombc_Laptop%20Asus%20TUF%20Gaming%20FX506LH?alt=media&token=c7d948bb-b167-4808-b1ba-fdc2df8c0e5f',434),(445,'https://firebasestorage.googleapis.com/v0/b/graduation-396ec.appspot.com/o/products%2F0.mqlrhcgtdrt_Laptop%20Asus%20TUF%20Gaming%20FX506LH?alt=media&token=3ff6ed22-f0a6-4030-8e7b-11c9353bf8ff',434),(446,'https://firebasestorage.googleapis.com/v0/b/graduation-396ec.appspot.com/o/products%2F0.o9lxjyamde_Laptop%20Asus%20TUF%20Gaming%20FX506LH?alt=media&token=c0d14515-f7c2-4717-93a2-5a2618ffb9c4',434),(447,'https://firebasestorage.googleapis.com/v0/b/graduation-396ec.appspot.com/o/products%2F0.rjrujf24ili_Laptop%20Asus%20TUF%20Gaming%20FX506LH?alt=media&token=d105b50b-6a13-4a13-bc59-d61a881ac58b',434),(449,'https://firebasestorage.googleapis.com/v0/b/graduation-396ec.appspot.com/o/products%2F0.2sn2y8yhrej_Laptop%20MSI%20Gaming%20GF63%20Thin%2010SC?alt=media&token=2267719a-3a12-47c9-b38d-2b8c6edd8b6d',448),(450,'https://firebasestorage.googleapis.com/v0/b/graduation-396ec.appspot.com/o/products%2F0.39kcfe0q0b5_Laptop%20MSI%20Gaming%20GF63%20Thin%2010SC?alt=media&token=4f2e7fea-ff23-4ef7-ba81-cf40522827d3',448),(451,'https://firebasestorage.googleapis.com/v0/b/graduation-396ec.appspot.com/o/products%2F0.13d07for8ro_Laptop%20MSI%20Gaming%20GF63%20Thin%2010SC?alt=media&token=3ab93af7-ffff-4e53-ad67-efcd6b36ab62',448),(452,'https://firebasestorage.googleapis.com/v0/b/graduation-396ec.appspot.com/o/products%2F0.c5mreh0o2hk_Laptop%20MSI%20Gaming%20GF63%20Thin%2010SC?alt=media&token=1d62dbd2-9e9c-48aa-bfa8-6172a04d2706',448),(453,'https://firebasestorage.googleapis.com/v0/b/graduation-396ec.appspot.com/o/products%2F0.vhwrkdyziv8_Laptop%20MSI%20Gaming%20GF63%20Thin%2010SC?alt=media&token=609fb691-dfc9-4ab1-bb20-9e83f2f2046c',448),(454,'https://firebasestorage.googleapis.com/v0/b/graduation-396ec.appspot.com/o/products%2F0.a2uir90hd1w_Laptop%20MSI%20Gaming%20GF63%20Thin%2010SC?alt=media&token=a4a56676-a056-40fe-88c4-c3b1d2a948b4',448),(455,'https://firebasestorage.googleapis.com/v0/b/graduation-396ec.appspot.com/o/products%2F0.lz5m4b1wpf_Laptop%20MSI%20Gaming%20GF63%20Thin%2010SC?alt=media&token=89ecd11a-a38b-47d2-a5b1-1a01b395d1dc',448),(456,'https://firebasestorage.googleapis.com/v0/b/graduation-396ec.appspot.com/o/products%2F0.pk5y48isy8_Laptop%20MSI%20Gaming%20GF63%20Thin%2010SC?alt=media&token=4784d1b0-96a2-4713-9afe-abfa5a6e7ac9',448),(457,'https://firebasestorage.googleapis.com/v0/b/graduation-396ec.appspot.com/o/products%2F0.ndpj2vhrnei_Laptop%20MSI%20Gaming%20GF63%20Thin%2010SC?alt=media&token=fc7d7662-fac4-4c80-9443-513da9f097c5',448),(458,'https://firebasestorage.googleapis.com/v0/b/graduation-396ec.appspot.com/o/products%2F0.gz5zen727w7_Laptop%20MSI%20Gaming%20GF63%20Thin%2010SC?alt=media&token=8d37866c-7f33-4b2b-ac09-10d4be2d2e33',448),(459,'https://firebasestorage.googleapis.com/v0/b/graduation-396ec.appspot.com/o/products%2F0.f9q3x5psu2g_Laptop%20MSI%20Gaming%20GF63%20Thin%2010SC?alt=media&token=e6bd779a-5327-4f8c-82c7-0eac95d746ea',448),(460,'https://firebasestorage.googleapis.com/v0/b/graduation-396ec.appspot.com/o/products%2F0.fmtaetoz7sh_Laptop%20MSI%20Gaming%20GF63%20Thin%2010SC?alt=media&token=07193550-359f-4cea-bedd-40dd9ed3bc51',448),(462,'https://firebasestorage.googleapis.com/v0/b/graduation-396ec.appspot.com/o/products%2F0.unkyz5q8ok_Laptop%20MSI%20Gaming%20GE66%20Raider%2011UH?alt=media&token=ecd83516-3139-40bd-87c0-dc7ee0f09212',461),(463,'https://firebasestorage.googleapis.com/v0/b/graduation-396ec.appspot.com/o/products%2F0.y11ka1cj7kq_Laptop%20MSI%20Gaming%20GE66%20Raider%2011UH?alt=media&token=7f362b21-ade2-4aca-8975-2abbbea61d38',461),(464,'https://firebasestorage.googleapis.com/v0/b/graduation-396ec.appspot.com/o/products%2F0.m5ak7krznc_Laptop%20MSI%20Gaming%20GE66%20Raider%2011UH?alt=media&token=53060b98-fe2e-4f37-bca2-ab35cc809279',461),(465,'https://firebasestorage.googleapis.com/v0/b/graduation-396ec.appspot.com/o/products%2F0.r10ngwm88c9_Laptop%20MSI%20Gaming%20GE66%20Raider%2011UH?alt=media&token=ca00dcf0-d340-4daf-a619-e483e6469f05',461),(466,'https://firebasestorage.googleapis.com/v0/b/graduation-396ec.appspot.com/o/products%2F0.lpywqptimde_Laptop%20MSI%20Gaming%20GE66%20Raider%2011UH?alt=media&token=434aebfe-0384-4c06-a009-3c1c7a8635a4',461),(467,'https://firebasestorage.googleapis.com/v0/b/graduation-396ec.appspot.com/o/products%2F0.zczqluh9rum_Laptop%20MSI%20Gaming%20GE66%20Raider%2011UH?alt=media&token=a186ba87-4fbd-485d-84a3-704d527dcd55',461),(468,'https://firebasestorage.googleapis.com/v0/b/graduation-396ec.appspot.com/o/products%2F0.337hz71ygd8_Laptop%20MSI%20Gaming%20GE66%20Raider%2011UH?alt=media&token=4b3e9479-0b3b-4c21-8a35-aa32d38b50d3',461),(469,'https://firebasestorage.googleapis.com/v0/b/graduation-396ec.appspot.com/o/products%2F0.ks8z1fb4eon_Laptop%20MSI%20Gaming%20GE66%20Raider%2011UH?alt=media&token=a14a2f14-204b-4f65-98b0-d9f6a3cb1187',461),(470,'https://firebasestorage.googleapis.com/v0/b/graduation-396ec.appspot.com/o/products%2F0.3lef9uc9p5n_Laptop%20MSI%20Gaming%20GE66%20Raider%2011UH?alt=media&token=42aa0a5d-0399-40ae-a3cf-c66159951179',461),(471,'https://firebasestorage.googleapis.com/v0/b/graduation-396ec.appspot.com/o/products%2F0.jx1ck35zxh_Laptop%20MSI%20Gaming%20GE66%20Raider%2011UH?alt=media&token=b3330ffe-7b97-4a36-9da5-713058a1449d',461),(472,'https://firebasestorage.googleapis.com/v0/b/graduation-396ec.appspot.com/o/products%2F0.b20qbc8r1yc_Laptop%20MSI%20Gaming%20GE66%20Raider%2011UH?alt=media&token=74ed0937-6a7b-4afb-b0f1-a105e56b0315',461),(473,'https://firebasestorage.googleapis.com/v0/b/graduation-396ec.appspot.com/o/products%2F0.zjhe1alxyr_Laptop%20MSI%20Gaming%20GE66%20Raider%2011UH?alt=media&token=f9952621-bc8c-41e3-a2d4-8f4901625d80',461),(475,'https://firebasestorage.googleapis.com/v0/b/graduation-396ec.appspot.com/o/products%2F0.z8x0lxeh1v_Laptop%20MSI%20Gaming%20GS66%20Stealth%2011UG?alt=media&token=fb2f7e7a-28f8-4a35-9f0b-a2a52c3e70f3',474),(476,'https://firebasestorage.googleapis.com/v0/b/graduation-396ec.appspot.com/o/products%2F0.b93oze6fk1c_Laptop%20MSI%20Gaming%20GS66%20Stealth%2011UG?alt=media&token=02d1ab95-b000-4611-9fe7-2fa3f922b23d',474),(477,'https://firebasestorage.googleapis.com/v0/b/graduation-396ec.appspot.com/o/products%2F0.fjqyxriko7s_Laptop%20MSI%20Gaming%20GS66%20Stealth%2011UG?alt=media&token=5c17e9ee-fdd1-4624-b88d-d431d165f654',474),(478,'https://firebasestorage.googleapis.com/v0/b/graduation-396ec.appspot.com/o/products%2F0.53hr6gjs2h2_Laptop%20MSI%20Gaming%20GS66%20Stealth%2011UG?alt=media&token=915d77c6-1f89-495c-a08e-68b12cff4b09',474),(479,'https://firebasestorage.googleapis.com/v0/b/graduation-396ec.appspot.com/o/products%2F0.p1v3azswuqi_Laptop%20MSI%20Gaming%20GS66%20Stealth%2011UG?alt=media&token=7b22fd55-72fd-4381-a80a-b5122f1b85a5',474),(480,'https://firebasestorage.googleapis.com/v0/b/graduation-396ec.appspot.com/o/products%2F0.3oem8q2f0vf_Laptop%20MSI%20Gaming%20GS66%20Stealth%2011UG?alt=media&token=317efa79-f333-4ba0-913f-b7f3ba03ee09',474),(481,'https://firebasestorage.googleapis.com/v0/b/graduation-396ec.appspot.com/o/products%2F0.l7fh5jv5g8f_Laptop%20MSI%20Gaming%20GS66%20Stealth%2011UG?alt=media&token=451b4121-cb8d-4de1-b086-0f95747a165e',474),(482,'https://firebasestorage.googleapis.com/v0/b/graduation-396ec.appspot.com/o/products%2F0.zhvhb2dpgqm_Laptop%20MSI%20Gaming%20GS66%20Stealth%2011UG?alt=media&token=1a0e864d-6bcb-40ab-ab3d-630b725c0dc9',474),(483,'https://firebasestorage.googleapis.com/v0/b/graduation-396ec.appspot.com/o/products%2F0.dwrjase97gh_Laptop%20MSI%20Gaming%20GS66%20Stealth%2011UG?alt=media&token=36ed529e-900a-4733-8cdb-5c17c966a20a',474),(484,'https://firebasestorage.googleapis.com/v0/b/graduation-396ec.appspot.com/o/products%2F0.kb5596gttnn_Laptop%20MSI%20Gaming%20GS66%20Stealth%2011UG?alt=media&token=bfeb6f7f-3ee4-4013-adb7-f42812c66c9d',474),(485,'https://firebasestorage.googleapis.com/v0/b/graduation-396ec.appspot.com/o/products%2F0.jpm16w6px5h_Laptop%20MSI%20Gaming%20GS66%20Stealth%2011UG?alt=media&token=b2ffb595-033e-4d06-a55d-abedb1b01564',474),(486,'https://firebasestorage.googleapis.com/v0/b/graduation-396ec.appspot.com/o/products%2F0.kbbx6et9q9m_Laptop%20MSI%20Gaming%20GS66%20Stealth%2011UG?alt=media&token=ddc292eb-8223-43c0-81ef-be69154854e0',474),(487,'https://firebasestorage.googleapis.com/v0/b/graduation-396ec.appspot.com/o/products%2F0.djnvn2k8hud_Laptop%20MSI%20Gaming%20GS66%20Stealth%2011UG?alt=media&token=110d7bf6-ce31-46d4-bffc-02e2f30847bc',474),(488,'https://firebasestorage.googleapis.com/v0/b/graduation-396ec.appspot.com/o/products%2F0.9wxz5tni06_Laptop%20MSI%20Gaming%20GS66%20Stealth%2011UG?alt=media&token=5d19490b-af5c-4d78-b0e8-0bc1706544ae',474),(490,'https://firebasestorage.googleapis.com/v0/b/graduation-396ec.appspot.com/o/products%2F0.n5up9zwsveo_Laptop%20MSI%20Gaming%20Vector%20GP66%2012UGS?alt=media&token=0ca160c2-1aef-4aed-aca2-8ae36bded258',489),(491,'https://firebasestorage.googleapis.com/v0/b/graduation-396ec.appspot.com/o/products%2F0.a0ai6pvxhg_Laptop%20MSI%20Gaming%20Vector%20GP66%2012UGS?alt=media&token=165aa952-44ca-4c3e-8e12-e181fc56d42f',489),(492,'https://firebasestorage.googleapis.com/v0/b/graduation-396ec.appspot.com/o/products%2F0.ds0atbw36eb_Laptop%20MSI%20Gaming%20Vector%20GP66%2012UGS?alt=media&token=97d2d955-c1ef-49ec-83da-25203bcb436f',489),(493,'https://firebasestorage.googleapis.com/v0/b/graduation-396ec.appspot.com/o/products%2F0.xovyr2eatqd_Laptop%20MSI%20Gaming%20Vector%20GP66%2012UGS?alt=media&token=2189be48-d719-4b82-9a8b-e36b4b92d3b8',489),(494,'https://firebasestorage.googleapis.com/v0/b/graduation-396ec.appspot.com/o/products%2F0.h1n9qc655rk_Laptop%20MSI%20Gaming%20Vector%20GP66%2012UGS?alt=media&token=5bb210cd-0c95-479f-b071-09d92463c84c',489),(495,'https://firebasestorage.googleapis.com/v0/b/graduation-396ec.appspot.com/o/products%2F0.snsrtyl0d8f_Laptop%20MSI%20Gaming%20Vector%20GP66%2012UGS?alt=media&token=a44d8bf9-c004-470c-b883-f357c17553dd',489),(496,'https://firebasestorage.googleapis.com/v0/b/graduation-396ec.appspot.com/o/products%2F0.mijp1j13qv_Laptop%20MSI%20Gaming%20Vector%20GP66%2012UGS?alt=media&token=bd32e27b-cb04-419f-a53e-e9ccc1daa0f2',489),(498,'https://firebasestorage.googleapis.com/v0/b/graduation-396ec.appspot.com/o/products%2F0.snj19oql6to_Laptop%20MSI%20Gaming%20Leopard%20GP76%2011UG?alt=media&token=5dabfaf1-3639-4bf8-99d4-aeca6061b5d7',497),(499,'https://firebasestorage.googleapis.com/v0/b/graduation-396ec.appspot.com/o/products%2F0.wfmvjx79l68_Laptop%20MSI%20Gaming%20Leopard%20GP76%2011UG?alt=media&token=d4102feb-bc4b-46a4-92a6-8adbe8a0a493',497),(500,'https://firebasestorage.googleapis.com/v0/b/graduation-396ec.appspot.com/o/products%2F0.xhkahb6oqy8_Laptop%20MSI%20Gaming%20Leopard%20GP76%2011UG?alt=media&token=ee710bbd-6fd7-4c4e-8e9d-6aeb7bb0de36',497),(501,'https://firebasestorage.googleapis.com/v0/b/graduation-396ec.appspot.com/o/products%2F0.201lk976zh9_Laptop%20MSI%20Gaming%20Leopard%20GP76%2011UG?alt=media&token=0bae49bd-f0f7-416d-b754-bb7442c56df9',497),(502,'https://firebasestorage.googleapis.com/v0/b/graduation-396ec.appspot.com/o/products%2F0.cglb4g1t6yd_Laptop%20MSI%20Gaming%20Leopard%20GP76%2011UG?alt=media&token=eeb02fde-77c5-4502-b26a-11ead3792d15',497),(503,'https://firebasestorage.googleapis.com/v0/b/graduation-396ec.appspot.com/o/products%2F0.cs8xyz9yhs_Laptop%20MSI%20Gaming%20Leopard%20GP76%2011UG?alt=media&token=c0d3d420-61de-4da7-a185-71a909237906',497),(504,'https://firebasestorage.googleapis.com/v0/b/graduation-396ec.appspot.com/o/products%2F0.apz1lc65pr4_Laptop%20MSI%20Gaming%20Leopard%20GP76%2011UG?alt=media&token=d5759c8c-4086-4db5-8437-637654672a3d',497),(505,'https://firebasestorage.googleapis.com/v0/b/graduation-396ec.appspot.com/o/products%2F0.bfjgtqq0dd_Laptop%20MSI%20Gaming%20Leopard%20GP76%2011UG?alt=media&token=5c6f4560-baab-46a8-a168-a5465b741e7b',497),(506,'https://firebasestorage.googleapis.com/v0/b/graduation-396ec.appspot.com/o/products%2F0.2pp3fdwhu5i_Laptop%20MSI%20Gaming%20Leopard%20GP76%2011UG?alt=media&token=1fad8c75-05e4-4f23-9926-7fd346cc8c14',497),(507,'https://firebasestorage.googleapis.com/v0/b/graduation-396ec.appspot.com/o/products%2F0.1t1lgmwm5dbj_Laptop%20MSI%20Gaming%20Leopard%20GP76%2011UG?alt=media&token=4780d4c7-7400-4b84-8801-6ca214360424',497),(508,'https://firebasestorage.googleapis.com/v0/b/graduation-396ec.appspot.com/o/products%2F0.ucbw33ifi1_Laptop%20MSI%20Gaming%20Leopard%20GP76%2011UG?alt=media&token=acf05ebc-8f6d-454a-ba02-48e0d4c2afb6',497),(509,'https://firebasestorage.googleapis.com/v0/b/graduation-396ec.appspot.com/o/products%2F0.rd7624z5zx_Laptop%20MSI%20Gaming%20Leopard%20GP76%2011UG?alt=media&token=75460e95-a5c1-4624-aa00-b3bc8133ceb9',497),(511,'https://firebasestorage.googleapis.com/v0/b/graduation-396ec.appspot.com/o/products%2F0.3ltqx8tx8a_Laptop%20MSI%20Gaming%20Stealth%2015M%20A11UEK?alt=media&token=fc638e8c-cbb2-4faf-ac1a-4250730dcf60',510),(512,'https://firebasestorage.googleapis.com/v0/b/graduation-396ec.appspot.com/o/products%2F0.1601n9ssae9_Laptop%20MSI%20Gaming%20Stealth%2015M%20A11UEK?alt=media&token=a0f4a047-5005-41cf-b25f-5e2c9cd9a8c1',510),(513,'https://firebasestorage.googleapis.com/v0/b/graduation-396ec.appspot.com/o/products%2F0.0ysh4me6pay_Laptop%20MSI%20Gaming%20Stealth%2015M%20A11UEK?alt=media&token=723e4e18-e435-44f1-9dad-386f86792a63',510),(514,'https://firebasestorage.googleapis.com/v0/b/graduation-396ec.appspot.com/o/products%2F0.bq42ckjm8ao_Laptop%20MSI%20Gaming%20Stealth%2015M%20A11UEK?alt=media&token=e3a5525a-f7a8-4952-865a-3beccec2559d',510),(515,'https://firebasestorage.googleapis.com/v0/b/graduation-396ec.appspot.com/o/products%2F0.l3stxz4q08_Laptop%20MSI%20Gaming%20Stealth%2015M%20A11UEK?alt=media&token=8fdfd95a-21c4-4f38-905d-e39c3e306d66',510),(516,'https://firebasestorage.googleapis.com/v0/b/graduation-396ec.appspot.com/o/products%2F0.b1xdbghla04_Laptop%20MSI%20Gaming%20Stealth%2015M%20A11UEK?alt=media&token=283cf620-3cd2-41e6-8b2b-e4ba069475ae',510),(517,'https://firebasestorage.googleapis.com/v0/b/graduation-396ec.appspot.com/o/products%2F0.6zatirzio73_Laptop%20MSI%20Gaming%20Stealth%2015M%20A11UEK?alt=media&token=2cb0c346-5169-438d-b64f-9f6a2f19724f',510),(518,'https://firebasestorage.googleapis.com/v0/b/graduation-396ec.appspot.com/o/products%2F0.9kgot6hl57_Laptop%20MSI%20Gaming%20Stealth%2015M%20A11UEK?alt=media&token=393dc304-774a-49e8-9864-60d1eeb07fd8',510),(519,'https://firebasestorage.googleapis.com/v0/b/graduation-396ec.appspot.com/o/products%2F0.9ix7i29bxve_Laptop%20MSI%20Gaming%20Stealth%2015M%20A11UEK?alt=media&token=75a6351f-06fc-4b93-90c0-a68f38776bb2',510),(520,'https://firebasestorage.googleapis.com/v0/b/graduation-396ec.appspot.com/o/products%2F0.s8utwp6xnzg_Laptop%20MSI%20Gaming%20Stealth%2015M%20A11UEK?alt=media&token=22bc64bd-4eeb-411f-bfae-f74d041b60d7',510),(521,'https://firebasestorage.googleapis.com/v0/b/graduation-396ec.appspot.com/o/products%2F0.161hl1gju51_Laptop%20MSI%20Gaming%20Stealth%2015M%20A11UEK?alt=media&token=fefc820d-c48d-4cea-be94-75b002e7d162',510),(522,'https://firebasestorage.googleapis.com/v0/b/graduation-396ec.appspot.com/o/products%2F0.epvpfu7d9e9_Laptop%20MSI%20Gaming%20Stealth%2015M%20A11UEK?alt=media&token=393a7c03-1dc0-48f7-b3c2-bbbaedb4d9fd',510),(523,'https://firebasestorage.googleapis.com/v0/b/graduation-396ec.appspot.com/o/products%2F0.2rr58hy2try_Laptop%20MSI%20Gaming%20Stealth%2015M%20A11UEK?alt=media&token=d291d9f0-8ed2-4fc8-8073-193be0c4db36',510),(525,'https://firebasestorage.googleapis.com/v0/b/graduation-396ec.appspot.com/o/products%2F0.huu8z3ffblh_Laptop%20MSI%20Creator%20M16%20A12UC?alt=media&token=90a9667a-d117-4b27-bef9-dd533074282d',524),(526,'https://firebasestorage.googleapis.com/v0/b/graduation-396ec.appspot.com/o/products%2F0.aci7e9n5jq_Laptop%20MSI%20Creator%20M16%20A12UC?alt=media&token=ee5df228-f391-43c5-8d34-985be07852b5',524),(527,'https://firebasestorage.googleapis.com/v0/b/graduation-396ec.appspot.com/o/products%2F0.rwpqlxj242b_Laptop%20MSI%20Creator%20M16%20A12UC?alt=media&token=808cf9a6-e5ef-464d-b9c1-9996982aa99b',524),(528,'https://firebasestorage.googleapis.com/v0/b/graduation-396ec.appspot.com/o/products%2F0.bregowe8wkd_Laptop%20MSI%20Creator%20M16%20A12UC?alt=media&token=67068694-b49f-463f-8021-8ebab16be407',524),(529,'https://firebasestorage.googleapis.com/v0/b/graduation-396ec.appspot.com/o/products%2F0.gi66ekamikg_Laptop%20MSI%20Creator%20M16%20A12UC?alt=media&token=03456cf7-4dc9-488f-a963-1184bbd5a6c7',524),(530,'https://firebasestorage.googleapis.com/v0/b/graduation-396ec.appspot.com/o/products%2F0.dvly9iio8rn_Laptop%20MSI%20Creator%20M16%20A12UC?alt=media&token=3e05ef2f-06ba-4cfa-a6a1-6a00b5ea7b0e',524),(531,'https://firebasestorage.googleapis.com/v0/b/graduation-396ec.appspot.com/o/products%2F0.pvkhekbzjn_Laptop%20MSI%20Creator%20M16%20A12UC?alt=media&token=7d564c0d-070b-4c72-ab0e-957020d77ff3',524),(534,'https://firebasestorage.googleapis.com/v0/b/graduation-396ec.appspot.com/o/products%2F0.48x3iy65d3a_Laptop%20HP%20Gaming%20VICTUS%2016%20d0198TX?alt=media&token=01a392a0-0bbd-469f-a93a-94016016488e',533),(535,'https://firebasestorage.googleapis.com/v0/b/graduation-396ec.appspot.com/o/products%2F0.1eorr5ff6oti_Laptop%20HP%20Gaming%20VICTUS%2016%20d0198TX?alt=media&token=f9ab2f6b-9219-4162-ad3f-8b5e7b588fb3',533),(536,'https://firebasestorage.googleapis.com/v0/b/graduation-396ec.appspot.com/o/products%2F0.8sk1v3z9jg_Laptop%20HP%20Gaming%20VICTUS%2016%20d0198TX?alt=media&token=c6b78277-ceda-46a5-b446-6855ec66c7bd',533),(537,'https://firebasestorage.googleapis.com/v0/b/graduation-396ec.appspot.com/o/products%2F0.1u7v1nx6hgg_Laptop%20HP%20Gaming%20VICTUS%2016%20d0198TX?alt=media&token=5ac7d187-27cb-4f88-9610-e8de366ac29c',533),(538,'https://firebasestorage.googleapis.com/v0/b/graduation-396ec.appspot.com/o/products%2F0.jmdy2d91qw_Laptop%20HP%20Gaming%20VICTUS%2016%20d0198TX?alt=media&token=98041fd4-db71-47c6-8483-08c0204fd38e',533),(539,'https://firebasestorage.googleapis.com/v0/b/graduation-396ec.appspot.com/o/products%2F0.dhlfmvufibt_Laptop%20HP%20Gaming%20VICTUS%2016%20d0198TX?alt=media&token=58a8f061-b394-4d7f-a211-ab94592b95a1',533),(540,'https://firebasestorage.googleapis.com/v0/b/graduation-396ec.appspot.com/o/products%2F0.71ew4l615m_Laptop%20HP%20Gaming%20VICTUS%2016%20d0198TX?alt=media&token=294cf568-9fdb-421b-af9f-bd659c3fe86b',533),(541,'https://firebasestorage.googleapis.com/v0/b/graduation-396ec.appspot.com/o/products%2F0.gs6gucx1xlm_Laptop%20HP%20Gaming%20VICTUS%2016%20d0198TX?alt=media&token=ffb5f951-c12f-481e-894d-5b34e0be6003',533),(543,'https://firebasestorage.googleapis.com/v0/b/graduation-396ec.appspot.com/o/products%2F0.syp1dic7zb_Laptop%20Lenovo%20Gaming%20Legion%205%20(R5)?alt=media&token=117e9cfd-9673-44b6-9803-bdb2b528e1d6',542),(544,'https://firebasestorage.googleapis.com/v0/b/graduation-396ec.appspot.com/o/products%2F0.zjfrjkg5y6_Laptop%20Lenovo%20Gaming%20Legion%205%20(R5)?alt=media&token=902b6340-dbcd-44b0-a0a5-9ab5a42a8a79',542),(545,'https://firebasestorage.googleapis.com/v0/b/graduation-396ec.appspot.com/o/products%2F0.qkuyojk0q9p_Laptop%20Lenovo%20Gaming%20Legion%205%20(R5)?alt=media&token=f955b633-9b4c-4ff5-b94f-f2223fcd3006',542),(546,'https://firebasestorage.googleapis.com/v0/b/graduation-396ec.appspot.com/o/products%2F0.j8oi1rl2ejl_Laptop%20Lenovo%20Gaming%20Legion%205%20(R5)?alt=media&token=04d39bef-4a75-4b13-8dde-e156ee2ac767',542),(547,'https://firebasestorage.googleapis.com/v0/b/graduation-396ec.appspot.com/o/products%2F0.1seax8y30mv_Laptop%20Lenovo%20Gaming%20Legion%205%20(R5)?alt=media&token=1f46969c-5ad3-4d7f-8510-011c14e98417',542),(548,'https://firebasestorage.googleapis.com/v0/b/graduation-396ec.appspot.com/o/products%2F0.7eqs3mvuqk4_Laptop%20Lenovo%20Gaming%20Legion%205%20(R5)?alt=media&token=d5a0f151-6bbb-4664-8924-dc16aafa14df',542),(549,'https://firebasestorage.googleapis.com/v0/b/graduation-396ec.appspot.com/o/products%2F0.073lffo7j5hc_Laptop%20Lenovo%20Gaming%20Legion%205%20(R5)?alt=media&token=3f36bd47-2ddc-455e-a8ff-741426e2623f',542),(551,'https://firebasestorage.googleapis.com/v0/b/graduation-396ec.appspot.com/o/products%2F0.25myd7t4lw8_Laptop%20HP%20EliteBook%20X360%201040%20G8?alt=media&token=85164c4e-abeb-4f54-86b5-3a1c6cdf5521',550),(552,'https://firebasestorage.googleapis.com/v0/b/graduation-396ec.appspot.com/o/products%2F0.0yx9jsgujvyp_Laptop%20HP%20EliteBook%20X360%201040%20G8?alt=media&token=8aeaccb1-bec2-4ee6-801e-ac2c76ed5c88',550),(553,'https://firebasestorage.googleapis.com/v0/b/graduation-396ec.appspot.com/o/products%2F0.sas6j522t7_Laptop%20HP%20EliteBook%20X360%201040%20G8?alt=media&token=528d26a3-ce61-487b-9ec6-09e00ded780a',550),(554,'https://firebasestorage.googleapis.com/v0/b/graduation-396ec.appspot.com/o/products%2F0.8x68dyme169_Laptop%20HP%20EliteBook%20X360%201040%20G8?alt=media&token=baddd4c0-543a-4b39-ad48-1d635ea6d623',550),(555,'https://firebasestorage.googleapis.com/v0/b/graduation-396ec.appspot.com/o/products%2F0.23e16wsiybdh_Laptop%20HP%20EliteBook%20X360%201040%20G8?alt=media&token=115859e1-e40a-426c-ba3e-14df672aaf98',550),(556,'https://firebasestorage.googleapis.com/v0/b/graduation-396ec.appspot.com/o/products%2F0.bsaooxz4xwh_Laptop%20HP%20EliteBook%20X360%201040%20G8?alt=media&token=14a55224-ceed-4bfd-929b-c0f0d1554c34',550),(557,'https://firebasestorage.googleapis.com/v0/b/graduation-396ec.appspot.com/o/products%2F0.6p1ykatuml7_Laptop%20HP%20EliteBook%20X360%201040%20G8?alt=media&token=26ccea87-3951-434a-a0c9-904cc6060e22',550),(558,'https://firebasestorage.googleapis.com/v0/b/graduation-396ec.appspot.com/o/products%2F0.180us7bdptr_Laptop%20HP%20EliteBook%20X360%201040%20G8?alt=media&token=3778f7b4-167a-4919-88fd-179ed86f6e08',550),(559,'https://firebasestorage.googleapis.com/v0/b/graduation-396ec.appspot.com/o/products%2F0.t9kqtemdurh_Laptop%20HP%20EliteBook%20X360%201040%20G8?alt=media&token=98c0ed92-293b-44be-a085-b4ea0cee2227',550),(560,'https://firebasestorage.googleapis.com/v0/b/graduation-396ec.appspot.com/o/products%2F0.p3quetlrvn8_Laptop%20HP%20EliteBook%20X360%201040%20G8?alt=media&token=1f7c037e-4402-4731-88cb-bd5e61aaf234',550),(561,'https://firebasestorage.googleapis.com/v0/b/graduation-396ec.appspot.com/o/products%2F0.rvooikjbeao_Laptop%20HP%20EliteBook%20X360%201040%20G8?alt=media&token=ebd55df9-6759-4a1a-a28b-04eeb825aeeb',550),(562,'https://firebasestorage.googleapis.com/v0/b/graduation-396ec.appspot.com/o/products%2F0.oi5v6u934mp_Laptop%20HP%20EliteBook%20X360%201040%20G8?alt=media&token=265a49ef-9312-43b8-bc05-a5a679d0b122',550),(563,'https://firebasestorage.googleapis.com/v0/b/graduation-396ec.appspot.com/o/products%2F0.5p9xb13feil_Laptop%20HP%20EliteBook%20X360%201040%20G8?alt=media&token=41270359-8b77-403a-bc6a-1446f16a7af2',550),(565,'https://firebasestorage.googleapis.com/v0/b/graduation-396ec.appspot.com/o/products%2F0.t77xu9tyap_Laptop%20HP%20Gaming%20VICTUS%2016%20e0170AX?alt=media&token=ecbb3ac2-5058-48a2-8f6a-f10613fbeeac',564),(566,'https://firebasestorage.googleapis.com/v0/b/graduation-396ec.appspot.com/o/products%2F0.3vvgqwkaicn_Laptop%20HP%20Gaming%20VICTUS%2016%20e0170AX?alt=media&token=7bf76053-8874-40eb-af29-e7db1a3b4477',564),(567,'https://firebasestorage.googleapis.com/v0/b/graduation-396ec.appspot.com/o/products%2F0.7yiemur405o_Laptop%20HP%20Gaming%20VICTUS%2016%20e0170AX?alt=media&token=66fc8bea-9192-4436-9cf1-9d60ed6b9b0e',564),(568,'https://firebasestorage.googleapis.com/v0/b/graduation-396ec.appspot.com/o/products%2F0.6wxgzqc4iv7_Laptop%20HP%20Gaming%20VICTUS%2016%20e0170AX?alt=media&token=298f9b8d-d1c6-4382-8260-3196a2a4dd32',564),(569,'https://firebasestorage.googleapis.com/v0/b/graduation-396ec.appspot.com/o/products%2F0.nfd2hnxuvf_Laptop%20HP%20Gaming%20VICTUS%2016%20e0170AX?alt=media&token=7784a3d8-9a7d-4f1b-9e89-260f44a10d52',564),(570,'https://firebasestorage.googleapis.com/v0/b/graduation-396ec.appspot.com/o/products%2F0.51kk8p0krn3_Laptop%20HP%20Gaming%20VICTUS%2016%20e0170AX?alt=media&token=d0bb2223-fa19-47d7-b0e3-e0398758e0c8',564),(571,'https://firebasestorage.googleapis.com/v0/b/graduation-396ec.appspot.com/o/products%2F0.jutcmvxfj5m_Laptop%20HP%20Gaming%20VICTUS%2016%20e0170AX?alt=media&token=5344f1a8-aafd-481e-9530-9a108c146066',564),(572,'https://firebasestorage.googleapis.com/v0/b/graduation-396ec.appspot.com/o/products%2F0.itg941stn4_Laptop%20HP%20Gaming%20VICTUS%2016%20e0170AX?alt=media&token=34c27172-c763-4589-a63a-d5aac3379fa8',564),(573,'https://firebasestorage.googleapis.com/v0/b/graduation-396ec.appspot.com/o/products%2F0.th6181y739n_Laptop%20HP%20Gaming%20VICTUS%2016%20e0170AX?alt=media&token=7a88026a-bd92-49b1-909d-b0bf7bf34ee7',564),(575,'https://firebasestorage.googleapis.com/v0/b/graduation-396ec.appspot.com/o/products%2F0.azbxh8dltn_Laptop%20Acer%20Swift%20X%20SFX16%2051G%20516Q?alt=media&token=0382a7e5-1eb3-4746-8633-1b7387485b38',574),(576,'https://firebasestorage.googleapis.com/v0/b/graduation-396ec.appspot.com/o/products%2F0.pdvffaeehgc_Laptop%20Acer%20Swift%20X%20SFX16%2051G%20516Q?alt=media&token=48efff31-b494-40be-87a0-457d9dab35d8',574),(577,'https://firebasestorage.googleapis.com/v0/b/graduation-396ec.appspot.com/o/products%2F0.1mc9b6bre07_Laptop%20Acer%20Swift%20X%20SFX16%2051G%20516Q?alt=media&token=124a716c-f0b6-48dc-a9d0-37a83662e490',574),(578,'https://firebasestorage.googleapis.com/v0/b/graduation-396ec.appspot.com/o/products%2F0.5gx7xwzijiy_Laptop%20Acer%20Swift%20X%20SFX16%2051G%20516Q?alt=media&token=fcdc89c4-28f0-4517-82a6-dea60ed90933',574),(579,'https://firebasestorage.googleapis.com/v0/b/graduation-396ec.appspot.com/o/products%2F0.rkngi2ynkrp_Laptop%20Acer%20Swift%20X%20SFX16%2051G%20516Q?alt=media&token=e06832de-2889-4759-9927-a0251530452d',574),(580,'https://firebasestorage.googleapis.com/v0/b/graduation-396ec.appspot.com/o/products%2F0.xlk1yiw0k2j_Laptop%20Acer%20Swift%20X%20SFX16%2051G%20516Q?alt=media&token=cce93bed-5803-47e5-9712-b153c45f8dbd',574),(581,'https://firebasestorage.googleapis.com/v0/b/graduation-396ec.appspot.com/o/products%2F0.m9yk8u9kwh_Laptop%20Acer%20Swift%20X%20SFX16%2051G%20516Q?alt=media&token=5aac6709-9ce2-4d1e-a900-f53062dfc276',574),(582,'https://firebasestorage.googleapis.com/v0/b/graduation-396ec.appspot.com/o/products%2F0.nlt93ssepck_Laptop%20Acer%20Swift%20X%20SFX16%2051G%20516Q?alt=media&token=7c5d70a1-9907-42d5-952d-2095daa5c3f2',574),(583,'https://firebasestorage.googleapis.com/v0/b/graduation-396ec.appspot.com/o/products%2F0.nj7tz0w70cg_Laptop%20Acer%20Swift%20X%20SFX16%2051G%20516Q?alt=media&token=a5dfcdfc-925c-497a-a836-84a29a62be5e',574),(584,'https://firebasestorage.googleapis.com/v0/b/graduation-396ec.appspot.com/o/products%2F0.e52qi69jxmi_Laptop%20Acer%20Swift%20X%20SFX16%2051G%20516Q?alt=media&token=f023efdf-e3b1-47c7-b316-857be79f5268',574),(585,'https://firebasestorage.googleapis.com/v0/b/graduation-396ec.appspot.com/o/products%2F0.q36tm9007o_Laptop%20Acer%20Swift%20X%20SFX16%2051G%20516Q?alt=media&token=4cb6b208-12fe-422c-8873-55fd51ba7702',574),(586,'https://firebasestorage.googleapis.com/v0/b/graduation-396ec.appspot.com/o/products%2F0.53yab7lapba_Laptop%20Acer%20Swift%20X%20SFX16%2051G%20516Q?alt=media&token=6ebe800d-d722-428b-8788-db6f5a823467',574),(587,'https://firebasestorage.googleapis.com/v0/b/graduation-396ec.appspot.com/o/products%2F0.mohxcry8ch_Laptop%20Acer%20Swift%20X%20SFX16%2051G%20516Q?alt=media&token=670d2ec3-b838-460c-8129-40dd9fd41356',574),(590,'https://firebasestorage.googleapis.com/v0/b/graduation-396ec.appspot.com/o/products%2F0.tmt9atlzava_Laptop%20Dell%20Gaming%20G15%205511?alt=media&token=931e3eb6-c325-47d3-96c9-1582f7d2dab0',589),(591,'https://firebasestorage.googleapis.com/v0/b/graduation-396ec.appspot.com/o/products%2F0.0o7g4kitxhw8_Laptop%20Dell%20Gaming%20G15%205511?alt=media&token=631834d8-4fdb-4207-87c7-0e143023b885',589),(592,'https://firebasestorage.googleapis.com/v0/b/graduation-396ec.appspot.com/o/products%2F0.pdfbo5ob39e_Laptop%20Dell%20Gaming%20G15%205511?alt=media&token=ab5a6522-97f6-4e1f-85d2-7994d1b98d5d',589),(593,'https://firebasestorage.googleapis.com/v0/b/graduation-396ec.appspot.com/o/products%2F0.0xtaym0eucs9_Laptop%20Dell%20Gaming%20G15%205511?alt=media&token=52504db6-a24a-4089-b354-13f87c964427',589),(594,'https://firebasestorage.googleapis.com/v0/b/graduation-396ec.appspot.com/o/products%2F0.kohct1pwa6e_Laptop%20Dell%20Gaming%20G15%205511?alt=media&token=99cb6eec-2597-4596-b38f-a6db8e23e9a1',589),(595,'https://firebasestorage.googleapis.com/v0/b/graduation-396ec.appspot.com/o/products%2F0.a0dhsr6a3vi_Laptop%20Dell%20Gaming%20G15%205511?alt=media&token=d89030e9-8e45-4f56-bb3b-8d1af224bcf3',589),(596,'https://firebasestorage.googleapis.com/v0/b/graduation-396ec.appspot.com/o/products%2F0.rzavyf7c6d_Laptop%20Dell%20Gaming%20G15%205511?alt=media&token=2db28dfd-c5a2-4add-8c74-c31be009e260',589),(597,'https://firebasestorage.googleapis.com/v0/b/graduation-396ec.appspot.com/o/products%2F0.5nik3gw6dkk_Laptop%20Dell%20Gaming%20G15%205511?alt=media&token=d9040469-7983-40e7-ab5b-10bcebb1a7ad',589),(598,'https://firebasestorage.googleapis.com/v0/b/graduation-396ec.appspot.com/o/products%2F0.ppa2qh6b0w_Laptop%20Dell%20Gaming%20G15%205511?alt=media&token=f04c0dbe-6a75-4c94-9d7e-a145a15e5181',589),(599,'https://firebasestorage.googleapis.com/v0/b/graduation-396ec.appspot.com/o/products%2F0.45hxf5brski_Laptop%20Dell%20Gaming%20G15%205511?alt=media&token=b59507e4-f5f2-4ecc-b2b2-e384bab42aea',589),(600,'https://firebasestorage.googleapis.com/v0/b/graduation-396ec.appspot.com/o/products%2F0.oijnn9xs12o_Laptop%20Dell%20Gaming%20G15%205511?alt=media&token=d2f42999-74c9-4119-895b-07f1a87e5752',589),(601,'https://firebasestorage.googleapis.com/v0/b/graduation-396ec.appspot.com/o/products%2F0.3ghkxjckmlc_Laptop%20Dell%20Gaming%20G15%205511?alt=media&token=50b41f23-1a31-4056-b613-3ea9caa6882c',589),(603,'https://firebasestorage.googleapis.com/v0/b/graduation-396ec.appspot.com/o/products%2F0.l4rl0qk1gam_Laptop%20Dell%20Gaming%20Alienware%20m15%20R6?alt=media&token=23086d6a-ee08-4768-832b-c779e6af4dbe',602),(604,'https://firebasestorage.googleapis.com/v0/b/graduation-396ec.appspot.com/o/products%2F0.lsoa3qbme9d_Laptop%20Dell%20Gaming%20Alienware%20m15%20R6?alt=media&token=21fd80ae-b163-4b4f-b789-95e4aa273a9d',602),(605,'https://firebasestorage.googleapis.com/v0/b/graduation-396ec.appspot.com/o/products%2F0.di02k80fzyu_Laptop%20Dell%20Gaming%20Alienware%20m15%20R6?alt=media&token=8e681793-727e-4073-9890-8d7e133f3538',602),(606,'https://firebasestorage.googleapis.com/v0/b/graduation-396ec.appspot.com/o/products%2F0.r2c63lu8zl8_Laptop%20Dell%20Gaming%20Alienware%20m15%20R6?alt=media&token=b9777b50-0814-408d-af6a-3dfdd02a4398',602),(607,'https://firebasestorage.googleapis.com/v0/b/graduation-396ec.appspot.com/o/products%2F0.pglio6qnfcb_Laptop%20Dell%20Gaming%20Alienware%20m15%20R6?alt=media&token=6e21086d-db82-4616-8a31-7498959f1797',602),(608,'https://firebasestorage.googleapis.com/v0/b/graduation-396ec.appspot.com/o/products%2F0.rl1i6iqsdxk_Laptop%20Dell%20Gaming%20Alienware%20m15%20R6?alt=media&token=ecc2028e-324d-473d-b0f5-dd4beaa64f1b',602),(609,'https://firebasestorage.googleapis.com/v0/b/graduation-396ec.appspot.com/o/products%2F0.foduzxc79r_Laptop%20Dell%20Gaming%20Alienware%20m15%20R6?alt=media&token=10f82e80-2967-4ae8-9e9e-ea3fef7256b9',602),(610,'https://firebasestorage.googleapis.com/v0/b/graduation-396ec.appspot.com/o/products%2F0.778jl159kig_Laptop%20Dell%20Gaming%20Alienware%20m15%20R6?alt=media&token=371bfdac-0dfe-4f5e-8a04-7381266966c6',602),(612,'https://firebasestorage.googleapis.com/v0/b/graduation-396ec.appspot.com/o/products%2F0.ayzgpa4vboh_Laptop%20MacBook%20Pro%2014%20M1%20Max%202021?alt=media&token=a4889192-3a24-4912-af09-312e9d8111d7',611),(613,'https://firebasestorage.googleapis.com/v0/b/graduation-396ec.appspot.com/o/products%2F0.0a7w0waal0rh_Laptop%20MacBook%20Pro%2014%20M1%20Max%202021?alt=media&token=ee6ec149-dafe-4f8c-a2e7-21d7b8caaa21',611),(614,'https://firebasestorage.googleapis.com/v0/b/graduation-396ec.appspot.com/o/products%2F0.vtolmqjcx_Laptop%20MacBook%20Pro%2014%20M1%20Max%202021?alt=media&token=b641b47a-6902-485e-8cce-5a69fcc6a7a0',611),(615,'https://firebasestorage.googleapis.com/v0/b/graduation-396ec.appspot.com/o/products%2F0.lfww1jucv5n_Laptop%20MacBook%20Pro%2014%20M1%20Max%202021?alt=media&token=03c21cb4-c106-4d9c-9211-22fb1ff74961',611),(616,'https://firebasestorage.googleapis.com/v0/b/graduation-396ec.appspot.com/o/products%2F0.i6m031qlsvf_Laptop%20MacBook%20Pro%2014%20M1%20Max%202021?alt=media&token=c5db2008-e2bb-4040-97e2-1a8f460e379a',611),(617,'https://firebasestorage.googleapis.com/v0/b/graduation-396ec.appspot.com/o/products%2F0.xbjmf1dqqzb_Laptop%20MacBook%20Pro%2014%20M1%20Max%202021?alt=media&token=262a9662-f254-4643-8f7b-7b47a0b7291b',611),(618,'https://firebasestorage.googleapis.com/v0/b/graduation-396ec.appspot.com/o/products%2F0.c4a53vnsga7_Laptop%20MacBook%20Pro%2014%20M1%20Max%202021?alt=media&token=a53bfed2-dc98-40e3-889e-a67e040716b8',611),(619,'https://firebasestorage.googleapis.com/v0/b/graduation-396ec.appspot.com/o/products%2F0.dpr67nbxzqh_Laptop%20MacBook%20Pro%2014%20M1%20Max%202021?alt=media&token=abb371aa-7c5a-4a0f-9c64-1566a71d8ec4',611),(620,'https://firebasestorage.googleapis.com/v0/b/graduation-396ec.appspot.com/o/products%2F0.kumpnazpba_Laptop%20MacBook%20Pro%2014%20M1%20Max%202021?alt=media&token=68516b7e-b5a2-4b3e-8ac1-bab7451fa6a4',611),(621,'https://firebasestorage.googleapis.com/v0/b/graduation-396ec.appspot.com/o/products%2F0.lutp6vkclr_Laptop%20MacBook%20Pro%2014%20M1%20Max%202021?alt=media&token=e5e0d13e-1165-435e-934b-a444c81629b9',611),(622,'https://firebasestorage.googleapis.com/v0/b/graduation-396ec.appspot.com/o/products%2F0.gd3oz9qnu17_Laptop%20MacBook%20Pro%2014%20M1%20Max%202021?alt=media&token=19ac1c1d-fcac-44a4-88de-a820bbac5a15',611),(623,'https://firebasestorage.googleapis.com/v0/b/graduation-396ec.appspot.com/o/products%2F0.d39mhy4vous_Laptop%20MacBook%20Pro%2014%20M1%20Max%202021?alt=media&token=37339822-e0f6-4d5e-8756-0effa1481591',611),(624,'https://firebasestorage.googleapis.com/v0/b/graduation-396ec.appspot.com/o/products%2F0.p4ntubcnfm_Laptop%20MacBook%20Pro%2014%20M1%20Max%202021?alt=media&token=ef02d2c0-cbfa-43ca-aab5-0f7904d0f9c9',611),(625,'https://firebasestorage.googleapis.com/v0/b/graduation-396ec.appspot.com/o/products%2F0.3u342jr0top_Laptop%20MacBook%20Pro%2014%20M1%20Max%202021?alt=media&token=a5a1b3e0-50f3-4ae5-8a26-93eaa4f00c43',611),(627,'https://firebasestorage.googleapis.com/v0/b/graduation-396ec.appspot.com/o/products%2F0.uxhwbv5j8xf_Laptop%20MSI%20Katana%20Gaming%20GF66%2011UC?alt=media&token=ea93012d-7bda-404e-8448-18d38e58102f',626),(628,'https://firebasestorage.googleapis.com/v0/b/graduation-396ec.appspot.com/o/products%2F0.5kkcg7botph_Laptop%20MSI%20Katana%20Gaming%20GF66%2011UC?alt=media&token=0bd640b1-eef7-47ff-8cf8-6f6cdd56b399',626),(629,'https://firebasestorage.googleapis.com/v0/b/graduation-396ec.appspot.com/o/products%2F0.y4r09krj4c_Laptop%20MSI%20Katana%20Gaming%20GF66%2011UC?alt=media&token=d1ea5c6d-6ec6-4d9d-adfa-a31e5395b600',626),(630,'https://firebasestorage.googleapis.com/v0/b/graduation-396ec.appspot.com/o/products%2F0.beoq6irjn9u_Laptop%20MSI%20Katana%20Gaming%20GF66%2011UC?alt=media&token=09c549b6-29dd-4283-b2fc-541ae6fdf3c6',626),(631,'https://firebasestorage.googleapis.com/v0/b/graduation-396ec.appspot.com/o/products%2F0.goh0bdoisqg_Laptop%20MSI%20Katana%20Gaming%20GF66%2011UC?alt=media&token=060461a7-6625-41b9-af82-3e0f04be7903',626),(632,'https://firebasestorage.googleapis.com/v0/b/graduation-396ec.appspot.com/o/products%2F0.elnz5jx749b_Laptop%20MSI%20Katana%20Gaming%20GF66%2011UC?alt=media&token=27ee76ba-595f-49ce-8684-4684daba2c4c',626),(633,'https://firebasestorage.googleapis.com/v0/b/graduation-396ec.appspot.com/o/products%2F0.ybanbf45w5k_Laptop%20MSI%20Katana%20Gaming%20GF66%2011UC?alt=media&token=d1ce951b-de17-4cc5-95f3-be1dfde4a4a3',626),(634,'https://firebasestorage.googleapis.com/v0/b/graduation-396ec.appspot.com/o/products%2F0.54hommt81nq_Laptop%20MSI%20Katana%20Gaming%20GF66%2011UC?alt=media&token=e70a0af5-1956-40ff-9f63-ade308a81632',626),(635,'https://firebasestorage.googleapis.com/v0/b/graduation-396ec.appspot.com/o/products%2F0.madrpnuwugn_Laptop%20MSI%20Katana%20Gaming%20GF66%2011UC?alt=media&token=e9b88e24-b079-42f8-9e2e-118102608ea6',626),(636,'https://firebasestorage.googleapis.com/v0/b/graduation-396ec.appspot.com/o/products%2F0.mj61vs4qjxk_Laptop%20MSI%20Katana%20Gaming%20GF66%2011UC?alt=media&token=4a6b5ad2-eb8c-4eaa-bf48-e939a5f36660',626),(637,'https://firebasestorage.googleapis.com/v0/b/graduation-396ec.appspot.com/o/products%2F0.h2p3wsn6s4_Laptop%20MSI%20Katana%20Gaming%20GF66%2011UC?alt=media&token=7b681549-b394-440c-8b5c-9d9af8a6c488',626),(638,'https://firebasestorage.googleapis.com/v0/b/graduation-396ec.appspot.com/o/products%2F0.9yjocy8kfkb_Laptop%20MSI%20Katana%20Gaming%20GF66%2011UC?alt=media&token=4091cbd2-e046-45b0-b687-e61deb83311d',626),(663,'https://firebasestorage.googleapis.com/v0/b/graduation-396ec.appspot.com/o/products%2F0.cfzm7x0rhq_%C4%90i%E1%BB%87n%20tho%E1%BA%A1i%20Samsung%20Galaxy%20Z%20Flip4%20128GB?alt=media&token=92100703-6748-4157-9188-a0c7053a8d1c',662),(664,'https://firebasestorage.googleapis.com/v0/b/graduation-396ec.appspot.com/o/products%2F0.ivx3wd1eofn_%C4%90i%E1%BB%87n%20tho%E1%BA%A1i%20Samsung%20Galaxy%20Z%20Flip4%20128GB?alt=media&token=966cb030-1683-4b8e-9023-3663632aaa4a',662),(665,'https://firebasestorage.googleapis.com/v0/b/graduation-396ec.appspot.com/o/products%2F0.fe7bhupta7_%C4%90i%E1%BB%87n%20tho%E1%BA%A1i%20Samsung%20Galaxy%20Z%20Flip4%20128GB?alt=media&token=aaa301b9-9d20-4f5b-b490-06739894eda7',662),(666,'https://firebasestorage.googleapis.com/v0/b/graduation-396ec.appspot.com/o/products%2F0.x0ejya3pt6i_%C4%90i%E1%BB%87n%20tho%E1%BA%A1i%20Samsung%20Galaxy%20Z%20Flip4%20128GB?alt=media&token=fef888f2-1038-4a7e-a1f5-5182b45efb55',662),(667,'https://firebasestorage.googleapis.com/v0/b/graduation-396ec.appspot.com/o/products%2F0.cu0mojtjr9u_%C4%90i%E1%BB%87n%20tho%E1%BA%A1i%20Samsung%20Galaxy%20Z%20Flip4%20128GB?alt=media&token=502ee345-854f-4cdd-8f86-fbc65094b641',662),(668,'https://firebasestorage.googleapis.com/v0/b/graduation-396ec.appspot.com/o/products%2F0.gjs8izwslud_%C4%90i%E1%BB%87n%20tho%E1%BA%A1i%20Samsung%20Galaxy%20Z%20Flip4%20128GB?alt=media&token=bbdd12d6-db61-4bee-b030-bf747a359acb',662),(670,'https://firebasestorage.googleapis.com/v0/b/graduation-396ec.appspot.com/o/products%2F0.bgr01k6lloj_%C4%90i%E1%BB%87n%20tho%E1%BA%A1i%20iPhone%2011%20?alt=media&token=b26239c1-c0fc-42e6-966d-7b4be51627fc',669),(671,'https://firebasestorage.googleapis.com/v0/b/graduation-396ec.appspot.com/o/products%2F0.qe1qxwelou_%C4%90i%E1%BB%87n%20tho%E1%BA%A1i%20iPhone%2011%20?alt=media&token=2ad0566b-c3c9-4120-a3c5-e653a2a7f27d',669),(672,'https://firebasestorage.googleapis.com/v0/b/graduation-396ec.appspot.com/o/products%2F0.vzq6qc7z6bl_%C4%90i%E1%BB%87n%20tho%E1%BA%A1i%20iPhone%2011%20?alt=media&token=7393b87c-2537-47d9-b42a-6f8dd2ba5719',669),(673,'https://firebasestorage.googleapis.com/v0/b/graduation-396ec.appspot.com/o/products%2F0.icpmrugvfb_%C4%90i%E1%BB%87n%20tho%E1%BA%A1i%20iPhone%2011%20?alt=media&token=247a5c34-8a79-497b-ba3e-2b19b0b9682d',669),(674,'https://firebasestorage.googleapis.com/v0/b/graduation-396ec.appspot.com/o/products%2F0.1zkh4owirng_%C4%90i%E1%BB%87n%20tho%E1%BA%A1i%20iPhone%2011%20?alt=media&token=294e2f39-ca82-44e3-b999-2a17830fbf50',669),(675,'https://firebasestorage.googleapis.com/v0/b/graduation-396ec.appspot.com/o/products%2F0.muyt0dwg5f_%C4%90i%E1%BB%87n%20tho%E1%BA%A1i%20iPhone%2011%20?alt=media&token=a397b6a9-65b6-486a-a19a-f5f98f0334dd',669),(676,'https://firebasestorage.googleapis.com/v0/b/graduation-396ec.appspot.com/o/products%2F0.yq1ssw01ttl_%C4%90i%E1%BB%87n%20tho%E1%BA%A1i%20iPhone%2011%20?alt=media&token=eb519f8f-4eeb-4727-bfdc-7c4d44ff618c',669),(678,'https://firebasestorage.googleapis.com/v0/b/graduation-396ec.appspot.com/o/products%2F0.h2hk00i8go_%C4%90i%E1%BB%87n%20tho%E1%BA%A1i%20iPhone%2011%20?alt=media&token=3964e8ac-5f6e-43fd-8ccb-3bbf5214ca1a',669),(679,'https://firebasestorage.googleapis.com/v0/b/graduation-396ec.appspot.com/o/products%2F0.k7e1es2fo3_%C4%90i%E1%BB%87n%20tho%E1%BA%A1i%20iPhone%2011%20?alt=media&token=a54d45b0-a17b-4cf8-9906-a7fd619271bc',669),(681,'https://firebasestorage.googleapis.com/v0/b/graduation-396ec.appspot.com/o/products%2F0.gd6y90otna_%C4%90i%E1%BB%87n%20tho%E1%BA%A1i%20iPhone%2011%20?alt=media&token=8fa21fee-7621-4288-8891-96cad30af62a',669),(683,'https://firebasestorage.googleapis.com/v0/b/graduation-396ec.appspot.com/o/products%2F0.c33c4mmkvnd_%C4%90i%E1%BB%87n%20tho%E1%BA%A1i%20iPhone%2013%20Pro%20Max?alt=media&token=681803dc-6b7e-4467-903e-b6b8b834dfc8',682),(684,'https://firebasestorage.googleapis.com/v0/b/graduation-396ec.appspot.com/o/products%2F0.dkgc79vrdqq_%C4%90i%E1%BB%87n%20tho%E1%BA%A1i%20iPhone%2013%20Pro%20Max?alt=media&token=c9748ad6-3c09-46d0-a2c1-ee7b1219ab98',682),(685,'https://firebasestorage.googleapis.com/v0/b/graduation-396ec.appspot.com/o/products%2F0.bh5dfxm1fad_%C4%90i%E1%BB%87n%20tho%E1%BA%A1i%20iPhone%2013%20Pro%20Max?alt=media&token=8bfbcfa0-f106-48ad-952f-0cd7bbb39057',682),(686,'https://firebasestorage.googleapis.com/v0/b/graduation-396ec.appspot.com/o/products%2F0.kz0azrfdjv_%C4%90i%E1%BB%87n%20tho%E1%BA%A1i%20iPhone%2013%20Pro%20Max?alt=media&token=21ca8158-8f15-4eb1-b444-ed872d50806d',682),(687,'https://firebasestorage.googleapis.com/v0/b/graduation-396ec.appspot.com/o/products%2F0.l0wiggguaxh_%C4%90i%E1%BB%87n%20tho%E1%BA%A1i%20iPhone%2013%20Pro%20Max?alt=media&token=f7fa1b61-ec01-4e7e-b561-5649417ff756',682),(688,'https://firebasestorage.googleapis.com/v0/b/graduation-396ec.appspot.com/o/products%2F0.upkyz1t8iq_%C4%90i%E1%BB%87n%20tho%E1%BA%A1i%20iPhone%2013%20Pro%20Max?alt=media&token=1d9013d6-3c76-4013-a147-d5d72a4b4c5a',682),(689,'https://firebasestorage.googleapis.com/v0/b/graduation-396ec.appspot.com/o/products%2F0.ke2qxvgehei_%C4%90i%E1%BB%87n%20tho%E1%BA%A1i%20iPhone%2013%20Pro%20Max?alt=media&token=8a9766bc-a305-4c16-943c-9dfce1441201',682),(690,'https://firebasestorage.googleapis.com/v0/b/graduation-396ec.appspot.com/o/products%2F0.ib67gz4u5so_%C4%90i%E1%BB%87n%20tho%E1%BA%A1i%20iPhone%2013%20Pro%20Max?alt=media&token=e660e166-4ebd-4b0a-8e27-a6632425dcfa',682),(691,'https://firebasestorage.googleapis.com/v0/b/graduation-396ec.appspot.com/o/products%2F0.qm28rsiw5ms_%C4%90i%E1%BB%87n%20tho%E1%BA%A1i%20iPhone%2013%20Pro%20Max?alt=media&token=9becc9e3-ccf9-4903-a6f4-f2ea8d62ec73',682),(692,'https://firebasestorage.googleapis.com/v0/b/graduation-396ec.appspot.com/o/products%2F0.dap8roc70p_%C4%90i%E1%BB%87n%20tho%E1%BA%A1i%20iPhone%2013%20Pro%20Max?alt=media&token=bcbd76e7-4118-4121-8d26-2262d1509d1c',682),(693,'https://firebasestorage.googleapis.com/v0/b/graduation-396ec.appspot.com/o/products%2F0.jyvo3ajhscp_%C4%90i%E1%BB%87n%20tho%E1%BA%A1i%20iPhone%2013%20Pro%20Max?alt=media&token=23d83178-f44c-4da8-b4a4-e6b785df6abc',682),(694,'https://firebasestorage.googleapis.com/v0/b/graduation-396ec.appspot.com/o/products%2F0.r4ktycvmgm_%C4%90i%E1%BB%87n%20tho%E1%BA%A1i%20iPhone%2013%20Pro%20Max?alt=media&token=8e278d53-1ca2-45a1-8df6-abfcc15f4ea3',682),(695,'https://firebasestorage.googleapis.com/v0/b/graduation-396ec.appspot.com/o/products%2F0.8cecbs6iu4r_%C4%90i%E1%BB%87n%20tho%E1%BA%A1i%20iPhone%2013%20Pro%20Max?alt=media&token=0be8f249-d42c-4a81-a636-95c65400e4af',682),(696,'https://firebasestorage.googleapis.com/v0/b/graduation-396ec.appspot.com/o/products%2F0.w2lkowrdokq_%C4%90i%E1%BB%87n%20tho%E1%BA%A1i%20iPhone%2013%20Pro%20Max?alt=media&token=90968420-047b-4952-8dc4-7d37f65059ca',682),(698,'https://firebasestorage.googleapis.com/v0/b/graduation-396ec.appspot.com/o/products%2F0.xjpnqn0yk6s_%C4%90i%E1%BB%87n%20tho%E1%BA%A1i%20iPhone%2013%20Pro%20?alt=media&token=ec4a621b-a56b-4501-b974-9c6a5755fc5b',697),(699,'https://firebasestorage.googleapis.com/v0/b/graduation-396ec.appspot.com/o/products%2F0.b17mdqunmps_%C4%90i%E1%BB%87n%20tho%E1%BA%A1i%20iPhone%2013%20Pro%20?alt=media&token=30748c5f-2f25-4c3b-a981-05e62cc99628',697),(700,'https://firebasestorage.googleapis.com/v0/b/graduation-396ec.appspot.com/o/products%2F0.whm25cfhse_%C4%90i%E1%BB%87n%20tho%E1%BA%A1i%20iPhone%2013%20Pro%20?alt=media&token=50cff79c-2101-4ab0-8609-1af3220f45bb',697),(701,'https://firebasestorage.googleapis.com/v0/b/graduation-396ec.appspot.com/o/products%2F0.me5zxvu3in_%C4%90i%E1%BB%87n%20tho%E1%BA%A1i%20iPhone%2013%20Pro%20?alt=media&token=7f932647-19f2-4089-994c-f6a2644f4fbd',697),(702,'https://firebasestorage.googleapis.com/v0/b/graduation-396ec.appspot.com/o/products%2F0.5of0u738r9c_%C4%90i%E1%BB%87n%20tho%E1%BA%A1i%20iPhone%2013%20Pro%20?alt=media&token=21a311d8-0ad2-4efb-b393-8c4a8a921747',697),(703,'https://firebasestorage.googleapis.com/v0/b/graduation-396ec.appspot.com/o/products%2F0.a62dr45k4bs_%C4%90i%E1%BB%87n%20tho%E1%BA%A1i%20iPhone%2013%20Pro%20?alt=media&token=4b477569-f249-4103-8947-5ed1f22c6cbe',697),(704,'https://firebasestorage.googleapis.com/v0/b/graduation-396ec.appspot.com/o/products%2F0.cd7wxyrn9i_%C4%90i%E1%BB%87n%20tho%E1%BA%A1i%20iPhone%2013%20Pro%20?alt=media&token=a6893964-3510-40e1-8e5a-6c54e2041f56',697),(705,'https://firebasestorage.googleapis.com/v0/b/graduation-396ec.appspot.com/o/products%2F0.oge7uiqnofo_%C4%90i%E1%BB%87n%20tho%E1%BA%A1i%20iPhone%2013%20Pro%20?alt=media&token=60760959-2c4a-4c6b-aee2-2e592761ac5b',697),(706,'https://firebasestorage.googleapis.com/v0/b/graduation-396ec.appspot.com/o/products%2F0.zuckq9pvz8e_%C4%90i%E1%BB%87n%20tho%E1%BA%A1i%20iPhone%2013%20Pro%20?alt=media&token=f984d1a0-6f42-4f9d-8a5b-f9b2548e1e8b',697),(707,'https://firebasestorage.googleapis.com/v0/b/graduation-396ec.appspot.com/o/products%2F0.1zozx76t8yc_%C4%90i%E1%BB%87n%20tho%E1%BA%A1i%20iPhone%2013%20Pro%20?alt=media&token=33aad547-a448-4937-b603-1c9c08d78c17',697),(708,'https://firebasestorage.googleapis.com/v0/b/graduation-396ec.appspot.com/o/products%2F0.l8ch835z26_%C4%90i%E1%BB%87n%20tho%E1%BA%A1i%20iPhone%2013%20Pro%20?alt=media&token=de189606-3948-452f-acfc-c0e34e45fbb4',697),(709,'https://firebasestorage.googleapis.com/v0/b/graduation-396ec.appspot.com/o/products%2F0.mpm1wkm6fys_%C4%90i%E1%BB%87n%20tho%E1%BA%A1i%20iPhone%2013%20Pro%20?alt=media&token=9259419b-b812-4b32-9ba8-5c9ef6ee3b60',697),(710,'https://firebasestorage.googleapis.com/v0/b/graduation-396ec.appspot.com/o/products%2F0.zgszyjbuob_%C4%90i%E1%BB%87n%20tho%E1%BA%A1i%20iPhone%2013%20Pro%20?alt=media&token=21a58e51-0bd4-4262-835d-9bed39507f89',697),(711,'https://firebasestorage.googleapis.com/v0/b/graduation-396ec.appspot.com/o/products%2F0.20f0xv9rj8r_%C4%90i%E1%BB%87n%20tho%E1%BA%A1i%20iPhone%2013%20Pro%20?alt=media&token=703ae8bf-d69d-4c54-b6f1-f778f5bc6ae2',697),(713,'https://firebasestorage.googleapis.com/v0/b/graduation-396ec.appspot.com/o/products%2F0.3hvwyphwhf6_%C4%90i%E1%BB%87n%20tho%E1%BA%A1i%20iPhone%2013%20?alt=media&token=4dfe3520-1167-430b-9ec1-6963cc1fead6',712),(714,'https://firebasestorage.googleapis.com/v0/b/graduation-396ec.appspot.com/o/products%2F0.04uw9brcg26_%C4%90i%E1%BB%87n%20tho%E1%BA%A1i%20iPhone%2013%20?alt=media&token=a71a4ae7-a922-4d5f-8815-aa05445e1bea',712),(715,'https://firebasestorage.googleapis.com/v0/b/graduation-396ec.appspot.com/o/products%2F0.hpo1fs2aaae_%C4%90i%E1%BB%87n%20tho%E1%BA%A1i%20iPhone%2013%20?alt=media&token=67e82f3f-de26-47ac-bbcf-a9a3c60577fa',712),(716,'https://firebasestorage.googleapis.com/v0/b/graduation-396ec.appspot.com/o/products%2F0.pmf6s4yghz_%C4%90i%E1%BB%87n%20tho%E1%BA%A1i%20iPhone%2013%20?alt=media&token=5a77f1ee-4aee-4cd1-b853-935b9a76a11e',712),(717,'https://firebasestorage.googleapis.com/v0/b/graduation-396ec.appspot.com/o/products%2F0.j7goj6wydk_%C4%90i%E1%BB%87n%20tho%E1%BA%A1i%20iPhone%2013%20?alt=media&token=0730a715-7c27-414b-abec-697581f21d5b',712),(718,'https://firebasestorage.googleapis.com/v0/b/graduation-396ec.appspot.com/o/products%2F0.itil7ideggk_%C4%90i%E1%BB%87n%20tho%E1%BA%A1i%20iPhone%2013%20?alt=media&token=da63d575-f4cc-4530-9d9f-eeba0576fa51',712),(719,'https://firebasestorage.googleapis.com/v0/b/graduation-396ec.appspot.com/o/products%2F0.95yb3flf3k_%C4%90i%E1%BB%87n%20tho%E1%BA%A1i%20iPhone%2013%20?alt=media&token=7de09570-2c18-4564-a75e-68ceb63f9dd5',712),(720,'https://firebasestorage.googleapis.com/v0/b/graduation-396ec.appspot.com/o/products%2F0.hza1yprcclw_%C4%90i%E1%BB%87n%20tho%E1%BA%A1i%20iPhone%2013%20?alt=media&token=11d8605e-6481-4224-8bdd-0737e40d81b7',712),(721,'https://firebasestorage.googleapis.com/v0/b/graduation-396ec.appspot.com/o/products%2F0.izbh6jz9sis_%C4%90i%E1%BB%87n%20tho%E1%BA%A1i%20iPhone%2013%20?alt=media&token=3ec0a7cd-0f2d-4c39-b2b9-837bb102611d',712),(722,'https://firebasestorage.googleapis.com/v0/b/graduation-396ec.appspot.com/o/products%2F0.sohu7glzxr_%C4%90i%E1%BB%87n%20tho%E1%BA%A1i%20iPhone%2013%20?alt=media&token=f0f3b5b5-e2d3-4936-9afd-eb852ab9bcad',712),(723,'https://firebasestorage.googleapis.com/v0/b/graduation-396ec.appspot.com/o/products%2F0.hvaf3nfrng_%C4%90i%E1%BB%87n%20tho%E1%BA%A1i%20iPhone%2013%20?alt=media&token=51aa77c5-c01b-4842-a619-015f187d53a0',712),(724,'https://firebasestorage.googleapis.com/v0/b/graduation-396ec.appspot.com/o/products%2F0.4gbf7te7n5i_%C4%90i%E1%BB%87n%20tho%E1%BA%A1i%20iPhone%2013%20?alt=media&token=e163f8fc-44e8-4ce2-90fb-1a3c23b7866f',712),(725,'https://firebasestorage.googleapis.com/v0/b/graduation-396ec.appspot.com/o/products%2F0.plzdcpryo6_%C4%90i%E1%BB%87n%20tho%E1%BA%A1i%20iPhone%2013%20?alt=media&token=650fa732-9a28-4e51-818a-cd549f7f6aaf',712),(726,'https://firebasestorage.googleapis.com/v0/b/graduation-396ec.appspot.com/o/products%2F0.lg4farwkya_%C4%90i%E1%BB%87n%20tho%E1%BA%A1i%20iPhone%2013%20?alt=media&token=00fc42be-11bc-4cdc-adcc-02f689e57ee7',712),(727,'https://firebasestorage.googleapis.com/v0/b/graduation-396ec.appspot.com/o/products%2F0.pq0nm88l4i_%C4%90i%E1%BB%87n%20tho%E1%BA%A1i%20iPhone%2013%20?alt=media&token=c97a5e3e-12d5-44a1-b709-755ae213c038',712),(728,'https://firebasestorage.googleapis.com/v0/b/graduation-396ec.appspot.com/o/products%2F0.xqhao6vdmd_%C4%90i%E1%BB%87n%20tho%E1%BA%A1i%20iPhone%2013%20?alt=media&token=b05b52f0-1484-42df-8fec-57ad3c3eb4b5',712),(730,'https://firebasestorage.googleapis.com/v0/b/graduation-396ec.appspot.com/o/products%2F0.janwdv288dh_%C4%90i%E1%BB%87n%20tho%E1%BA%A1i%20iPhone%2014%20?alt=media&token=c8a7df19-4968-4e07-aba6-903762a50141',729),(731,'https://firebasestorage.googleapis.com/v0/b/graduation-396ec.appspot.com/o/products%2F0.42q439nk81k_%C4%90i%E1%BB%87n%20tho%E1%BA%A1i%20iPhone%2014%20?alt=media&token=eaa50759-368f-4822-87b6-d803ac8500d2',729),(732,'https://firebasestorage.googleapis.com/v0/b/graduation-396ec.appspot.com/o/products%2F0.z4y86r66e6h_%C4%90i%E1%BB%87n%20tho%E1%BA%A1i%20iPhone%2014%20?alt=media&token=c51bc7a5-b9fe-42c7-8144-dc7d758919ba',729),(733,'https://firebasestorage.googleapis.com/v0/b/graduation-396ec.appspot.com/o/products%2F0.gyw52bt14l_%C4%90i%E1%BB%87n%20tho%E1%BA%A1i%20iPhone%2014%20?alt=media&token=53331e54-1865-4bb7-bc16-70e9b8e2b801',729),(734,'https://firebasestorage.googleapis.com/v0/b/graduation-396ec.appspot.com/o/products%2F0.67iqff8lvji_%C4%90i%E1%BB%87n%20tho%E1%BA%A1i%20iPhone%2014%20?alt=media&token=b3e2e7da-dbab-492e-9994-e2f45d7745bf',729),(735,'https://firebasestorage.googleapis.com/v0/b/graduation-396ec.appspot.com/o/products%2F0.5m21khjf5c_%C4%90i%E1%BB%87n%20tho%E1%BA%A1i%20iPhone%2014%20?alt=media&token=4e838021-3bfc-4a70-a388-1c28405dc8c3',729),(736,'https://firebasestorage.googleapis.com/v0/b/graduation-396ec.appspot.com/o/products%2F0.d23139oegzs_%C4%90i%E1%BB%87n%20tho%E1%BA%A1i%20iPhone%2014%20?alt=media&token=aa568d15-0b9b-498d-8807-c425d584f336',729),(737,'https://firebasestorage.googleapis.com/v0/b/graduation-396ec.appspot.com/o/products%2F0.vv9n5p55ya9_%C4%90i%E1%BB%87n%20tho%E1%BA%A1i%20iPhone%2014%20?alt=media&token=782eba74-48d7-4036-a54b-acda72312516',729),(739,'https://firebasestorage.googleapis.com/v0/b/graduation-396ec.appspot.com/o/products%2F0.pps02usjcfa_%C4%90i%E1%BB%87n%20tho%E1%BA%A1i%20iPhone%2014%20Pro?alt=media&token=7a31381e-81c3-48e0-b07b-91f62ec04237',738),(740,'https://firebasestorage.googleapis.com/v0/b/graduation-396ec.appspot.com/o/products%2F0.xvvyy1zhrl_%C4%90i%E1%BB%87n%20tho%E1%BA%A1i%20iPhone%2014%20Pro?alt=media&token=bfe96f49-0fca-4bb2-91fd-bb24845e018c',738),(741,'https://firebasestorage.googleapis.com/v0/b/graduation-396ec.appspot.com/o/products%2F0.geszjrztz0n_%C4%90i%E1%BB%87n%20tho%E1%BA%A1i%20iPhone%2014%20Pro?alt=media&token=847a780c-833e-4efe-a3b4-72d846ac8ab9',738),(742,'https://firebasestorage.googleapis.com/v0/b/graduation-396ec.appspot.com/o/products%2F0.jc16tx3wi1_%C4%90i%E1%BB%87n%20tho%E1%BA%A1i%20iPhone%2014%20Pro?alt=media&token=5d7a65c6-2231-4ce7-9e04-e3de74c618a8',738),(743,'https://firebasestorage.googleapis.com/v0/b/graduation-396ec.appspot.com/o/products%2F0.oexh4vilu1_%C4%90i%E1%BB%87n%20tho%E1%BA%A1i%20iPhone%2014%20Pro?alt=media&token=49cfc043-e9db-4a39-af23-ad344b328efe',738),(744,'https://firebasestorage.googleapis.com/v0/b/graduation-396ec.appspot.com/o/products%2F0.ql1dumb1iok_%C4%90i%E1%BB%87n%20tho%E1%BA%A1i%20iPhone%2014%20Pro?alt=media&token=0d0b3f2a-e4a0-47ca-9187-1a418e24a76e',738),(745,'https://firebasestorage.googleapis.com/v0/b/graduation-396ec.appspot.com/o/products%2F0.tobmbxi0n_%C4%90i%E1%BB%87n%20tho%E1%BA%A1i%20iPhone%2014%20Pro?alt=media&token=de3fcdc7-0938-49a0-9c3c-19fdefd18c68',738),(746,'https://firebasestorage.googleapis.com/v0/b/graduation-396ec.appspot.com/o/products%2F0.8neojea5jqe_%C4%90i%E1%BB%87n%20tho%E1%BA%A1i%20iPhone%2014%20Pro?alt=media&token=8b2353ab-fbe9-4cca-a0fe-899ee6c3017e',738),(747,'https://firebasestorage.googleapis.com/v0/b/graduation-396ec.appspot.com/o/products%2F0.rpx4odec0vs_%C4%90i%E1%BB%87n%20tho%E1%BA%A1i%20iPhone%2014%20Pro?alt=media&token=bd341e9b-f4d2-4f51-92d9-6b4c1775d798',738),(748,'https://firebasestorage.googleapis.com/v0/b/graduation-396ec.appspot.com/o/products%2F0.9zypz3mcv88_%C4%90i%E1%BB%87n%20tho%E1%BA%A1i%20iPhone%2014%20Pro?alt=media&token=eba1d721-e098-4ff3-80e6-fdf2d39980a9',738),(749,'https://firebasestorage.googleapis.com/v0/b/graduation-396ec.appspot.com/o/products%2F0.i1w632kbok_%C4%90i%E1%BB%87n%20tho%E1%BA%A1i%20iPhone%2014%20Pro?alt=media&token=1cda34fe-c9c0-44e2-972c-3e7baff16756',738),(751,'https://firebasestorage.googleapis.com/v0/b/graduation-396ec.appspot.com/o/products%2F0.8v3r4prm5s_%C4%90i%E1%BB%87n%20tho%E1%BA%A1i%20iPhone%2014%20Plus?alt=media&token=87496bdf-6323-4164-b9aa-02e180f3f98c',750),(752,'https://firebasestorage.googleapis.com/v0/b/graduation-396ec.appspot.com/o/products%2F0.9njli2lrxoe_%C4%90i%E1%BB%87n%20tho%E1%BA%A1i%20iPhone%2014%20Plus?alt=media&token=891287ab-4c72-4d9e-a2fe-e0ff2d909871',750),(753,'https://firebasestorage.googleapis.com/v0/b/graduation-396ec.appspot.com/o/products%2F0.ajd95vie4vh_%C4%90i%E1%BB%87n%20tho%E1%BA%A1i%20iPhone%2014%20Plus?alt=media&token=8cff4902-6129-48e8-929f-9423b18601ed',750),(754,'https://firebasestorage.googleapis.com/v0/b/graduation-396ec.appspot.com/o/products%2F0.577a3ogazy7_%C4%90i%E1%BB%87n%20tho%E1%BA%A1i%20iPhone%2014%20Plus?alt=media&token=97a38a44-083b-4040-914e-46f9ea96610b',750),(755,'https://firebasestorage.googleapis.com/v0/b/graduation-396ec.appspot.com/o/products%2F0.5b26tbu8shd_%C4%90i%E1%BB%87n%20tho%E1%BA%A1i%20iPhone%2014%20Plus?alt=media&token=20ecc02d-0a65-4c6c-999c-73ab07a2c9bd',750),(756,'https://firebasestorage.googleapis.com/v0/b/graduation-396ec.appspot.com/o/products%2F0.luvt3z9f0a_%C4%90i%E1%BB%87n%20tho%E1%BA%A1i%20iPhone%2014%20Plus?alt=media&token=2885d68a-4ee3-4ba3-b929-0c81cd02cc5c',750),(757,'https://firebasestorage.googleapis.com/v0/b/graduation-396ec.appspot.com/o/products%2F0.3oxjca63qjw_%C4%90i%E1%BB%87n%20tho%E1%BA%A1i%20iPhone%2014%20Plus?alt=media&token=96e2006b-3e6c-47fd-bfaa-2150de2e9dbf',750),(758,'https://firebasestorage.googleapis.com/v0/b/graduation-396ec.appspot.com/o/products%2F0.gq7r3dsnkaa_%C4%90i%E1%BB%87n%20tho%E1%BA%A1i%20iPhone%2014%20Plus?alt=media&token=4b18ce98-438a-462c-8742-3a5952508612',750),(760,'https://firebasestorage.googleapis.com/v0/b/graduation-396ec.appspot.com/o/products%2F0.lq827yoa4ob_%C4%90i%E1%BB%87n%20tho%E1%BA%A1i%20iPhone%2014%20Pro%20Max?alt=media&token=5456179c-8365-4114-8dbf-1310ee675838',759),(761,'https://firebasestorage.googleapis.com/v0/b/graduation-396ec.appspot.com/o/products%2F0.ukv3p7m4xed_%C4%90i%E1%BB%87n%20tho%E1%BA%A1i%20iPhone%2014%20Pro%20Max?alt=media&token=bd54dff4-d2d8-471f-95d1-d73cef38b607',759),(762,'https://firebasestorage.googleapis.com/v0/b/graduation-396ec.appspot.com/o/products%2F0.dfnek96zag6_%C4%90i%E1%BB%87n%20tho%E1%BA%A1i%20iPhone%2014%20Pro%20Max?alt=media&token=2116ddc3-4b49-47f2-991f-9ddba7aeedd1',759),(763,'https://firebasestorage.googleapis.com/v0/b/graduation-396ec.appspot.com/o/products%2F0.1u0icdq8li5_%C4%90i%E1%BB%87n%20tho%E1%BA%A1i%20iPhone%2014%20Pro%20Max?alt=media&token=bf2e83d3-5da5-4644-9107-0391ae313175',759),(764,'https://firebasestorage.googleapis.com/v0/b/graduation-396ec.appspot.com/o/products%2F0.vtr2kj9u1mq_%C4%90i%E1%BB%87n%20tho%E1%BA%A1i%20iPhone%2014%20Pro%20Max?alt=media&token=40817684-59d9-4973-956d-d069b06779d1',759),(765,'https://firebasestorage.googleapis.com/v0/b/graduation-396ec.appspot.com/o/products%2F0.34uhhrxw8ss_%C4%90i%E1%BB%87n%20tho%E1%BA%A1i%20iPhone%2014%20Pro%20Max?alt=media&token=95fec990-8811-432f-90ab-4819bfb4e0c3',759),(766,'https://firebasestorage.googleapis.com/v0/b/graduation-396ec.appspot.com/o/products%2F0.9ash20xdquc_%C4%90i%E1%BB%87n%20tho%E1%BA%A1i%20iPhone%2014%20Pro%20Max?alt=media&token=5fad1fcf-b827-4d0d-a812-2b957b2ce384',759),(767,'https://firebasestorage.googleapis.com/v0/b/graduation-396ec.appspot.com/o/products%2F0.bdsniznpxct_%C4%90i%E1%BB%87n%20tho%E1%BA%A1i%20iPhone%2014%20Pro%20Max?alt=media&token=4c310da4-dc1a-4f72-888d-8a438df7df8b',759),(768,'https://firebasestorage.googleapis.com/v0/b/graduation-396ec.appspot.com/o/products%2F0.lwfs8tusc6_%C4%90i%E1%BB%87n%20tho%E1%BA%A1i%20iPhone%2014%20Pro%20Max?alt=media&token=74519f98-203a-4b6a-b590-351272ba5a82',759),(769,'https://firebasestorage.googleapis.com/v0/b/graduation-396ec.appspot.com/o/products%2F0.noa6u35w3p_%C4%90i%E1%BB%87n%20tho%E1%BA%A1i%20iPhone%2014%20Pro%20Max?alt=media&token=bf9ba248-5b6d-43d0-8809-45edeefae6a4',759),(770,'https://firebasestorage.googleapis.com/v0/b/graduation-396ec.appspot.com/o/products%2F0.h6fmr9nvg0g_%C4%90i%E1%BB%87n%20tho%E1%BA%A1i%20iPhone%2014%20Pro%20Max?alt=media&token=af186a4e-579c-4d9f-9882-cc9e3a6de261',759),(772,'https://firebasestorage.googleapis.com/v0/b/graduation-396ec.appspot.com/o/products%2F0.9uj84q190q9_%C4%90i%E1%BB%87n%20tho%E1%BA%A1i%20iPhone%2013%20Mini?alt=media&token=58aaaf55-ea6f-4b19-94aa-4f980abb492b',771),(773,'https://firebasestorage.googleapis.com/v0/b/graduation-396ec.appspot.com/o/products%2F0.jutro3wifvg_%C4%90i%E1%BB%87n%20tho%E1%BA%A1i%20iPhone%2013%20Mini?alt=media&token=4bbeda8a-c067-4bde-add2-32d5fd603242',771),(774,'https://firebasestorage.googleapis.com/v0/b/graduation-396ec.appspot.com/o/products%2F0.6syunjgejtm_%C4%90i%E1%BB%87n%20tho%E1%BA%A1i%20iPhone%2013%20Mini?alt=media&token=64b4483e-f88e-4633-9b89-8de6f5424d24',771),(775,'https://firebasestorage.googleapis.com/v0/b/graduation-396ec.appspot.com/o/products%2F0.w5vodbydag_%C4%90i%E1%BB%87n%20tho%E1%BA%A1i%20iPhone%2013%20Mini?alt=media&token=079f3a67-5550-4ba6-a257-87f22cde640b',771),(776,'https://firebasestorage.googleapis.com/v0/b/graduation-396ec.appspot.com/o/products%2F0.qup0edktfm_%C4%90i%E1%BB%87n%20tho%E1%BA%A1i%20iPhone%2013%20Mini?alt=media&token=ea78c065-9ec5-4905-b22c-c9ab360ff0d0',771),(777,'https://firebasestorage.googleapis.com/v0/b/graduation-396ec.appspot.com/o/products%2F0.lq6626123wh_%C4%90i%E1%BB%87n%20tho%E1%BA%A1i%20iPhone%2013%20Mini?alt=media&token=8b23fbc6-0124-4d8e-9067-365bd1beb4ed',771),(778,'https://firebasestorage.googleapis.com/v0/b/graduation-396ec.appspot.com/o/products%2F0.p2tvawlmj3h_%C4%90i%E1%BB%87n%20tho%E1%BA%A1i%20iPhone%2013%20Mini?alt=media&token=273c2649-9f33-4ef8-99a4-feb73dde1719',771),(779,'https://firebasestorage.googleapis.com/v0/b/graduation-396ec.appspot.com/o/products%2F0.5h39edfyqbj_%C4%90i%E1%BB%87n%20tho%E1%BA%A1i%20iPhone%2013%20Mini?alt=media&token=a7f9a78c-b9ab-4559-9b34-787b552ebd1e',771),(780,'https://firebasestorage.googleapis.com/v0/b/graduation-396ec.appspot.com/o/products%2F0.iy4rhai6rq_%C4%90i%E1%BB%87n%20tho%E1%BA%A1i%20iPhone%2013%20Mini?alt=media&token=306e18cb-6719-4d55-a668-2927f79b8ce0',771),(781,'https://firebasestorage.googleapis.com/v0/b/graduation-396ec.appspot.com/o/products%2F0.7cr8c5ntxv2_%C4%90i%E1%BB%87n%20tho%E1%BA%A1i%20iPhone%2013%20Mini?alt=media&token=2e45c9c1-2b17-4db5-83ac-fc820419d239',771),(782,'https://firebasestorage.googleapis.com/v0/b/graduation-396ec.appspot.com/o/products%2F0.48hpxktgnq6_%C4%90i%E1%BB%87n%20tho%E1%BA%A1i%20iPhone%2013%20Mini?alt=media&token=a0e5380d-4b66-4f83-9e0f-931de3d011f7',771),(783,'https://firebasestorage.googleapis.com/v0/b/graduation-396ec.appspot.com/o/products%2F0.4xb4i9eb7uh_%C4%90i%E1%BB%87n%20tho%E1%BA%A1i%20iPhone%2013%20Mini?alt=media&token=b7f7aaf6-4991-478c-9c70-631c0b8f39da',771),(784,'https://firebasestorage.googleapis.com/v0/b/graduation-396ec.appspot.com/o/products%2F0.2xk7nng4yzf_%C4%90i%E1%BB%87n%20tho%E1%BA%A1i%20iPhone%2013%20Mini?alt=media&token=4abc6d8d-a51a-4a87-8e06-45add15091a2',771),(785,'https://firebasestorage.googleapis.com/v0/b/graduation-396ec.appspot.com/o/products%2F0.cgvf8sthg3g_%C4%90i%E1%BB%87n%20tho%E1%BA%A1i%20iPhone%2013%20Mini?alt=media&token=3059a12f-426a-47f5-8d61-a95e87fc11f8',771),(786,'https://firebasestorage.googleapis.com/v0/b/graduation-396ec.appspot.com/o/products%2F0.v9bg0xhikk_%C4%90i%E1%BB%87n%20tho%E1%BA%A1i%20iPhone%2013%20Mini?alt=media&token=e534fada-1aa0-41a4-8bc2-dc178f92cc46',771),(787,'https://firebasestorage.googleapis.com/v0/b/graduation-396ec.appspot.com/o/products%2F0.j40fb1km0gb_%C4%90i%E1%BB%87n%20tho%E1%BA%A1i%20iPhone%2013%20Mini?alt=media&token=21590a60-b898-4f1a-b32d-5b241ead046a',771),(788,'https://firebasestorage.googleapis.com/v0/b/graduation-396ec.appspot.com/o/products%2F0.dgyipxwri3_%C4%90i%E1%BB%87n%20tho%E1%BA%A1i%20iPhone%2013%20Mini?alt=media&token=2188ac48-0b97-4f13-b1b8-ed3695745984',771),(790,'https://firebasestorage.googleapis.com/v0/b/graduation-396ec.appspot.com/o/products%2F0.wqbqrvltln_%C4%90i%E1%BB%87n%20tho%E1%BA%A1i%20iPhone%2012?alt=media&token=7d8f2ab0-4ce0-4492-bfbd-148ed6fcf271',789),(791,'https://firebasestorage.googleapis.com/v0/b/graduation-396ec.appspot.com/o/products%2F0.30lqzii4m9o_%C4%90i%E1%BB%87n%20tho%E1%BA%A1i%20iPhone%2012?alt=media&token=19dfde81-6778-49c4-b176-14d886a9a3fe',789),(792,'https://firebasestorage.googleapis.com/v0/b/graduation-396ec.appspot.com/o/products%2F0.12ceatoatmk_%C4%90i%E1%BB%87n%20tho%E1%BA%A1i%20iPhone%2012?alt=media&token=78a6328f-cbaa-4d6e-85cd-02dcf57eeec8',789),(794,'https://firebasestorage.googleapis.com/v0/b/graduation-396ec.appspot.com/o/products%2F0.e2jdaag8qfr_%C4%90i%E1%BB%87n%20tho%E1%BA%A1i%20iPhone%2012?alt=media&token=c3e251ca-ac16-4062-83b2-98ee60428e62',789),(795,'https://firebasestorage.googleapis.com/v0/b/graduation-396ec.appspot.com/o/products%2F0.e5dbwpapmtn_%C4%90i%E1%BB%87n%20tho%E1%BA%A1i%20iPhone%2012?alt=media&token=a13a6b10-fe58-4713-a278-dcc9a30b54ef',789),(796,'https://firebasestorage.googleapis.com/v0/b/graduation-396ec.appspot.com/o/products%2F0.pdfnotvunoj_%C4%90i%E1%BB%87n%20tho%E1%BA%A1i%20iPhone%2012?alt=media&token=7e0bee0d-533b-4699-a136-9f4b40478a2c',789),(797,'https://firebasestorage.googleapis.com/v0/b/graduation-396ec.appspot.com/o/products%2F0.86hwf1327i9_%C4%90i%E1%BB%87n%20tho%E1%BA%A1i%20iPhone%2012?alt=media&token=46ae3eff-9482-4926-a7cd-f81dc082d6bf',789),(798,'https://firebasestorage.googleapis.com/v0/b/graduation-396ec.appspot.com/o/products%2F0.fy2fj4zesoc_%C4%90i%E1%BB%87n%20tho%E1%BA%A1i%20iPhone%2012?alt=media&token=96de42b6-8c3d-4ce0-89bf-dd42ffa0afdb',789),(799,'https://firebasestorage.googleapis.com/v0/b/graduation-396ec.appspot.com/o/products%2F0.jigg8hamp7_%C4%90i%E1%BB%87n%20tho%E1%BA%A1i%20iPhone%2012?alt=media&token=6178f5df-1aa7-4497-aaf2-bb1574ee21a2',789),(800,'https://firebasestorage.googleapis.com/v0/b/graduation-396ec.appspot.com/o/products%2F0.4ohnswraump_%C4%90i%E1%BB%87n%20tho%E1%BA%A1i%20iPhone%2012?alt=media&token=24ec8f68-05f2-41ad-bdfa-74c6a812dc62',789),(801,'https://firebasestorage.googleapis.com/v0/b/graduation-396ec.appspot.com/o/products%2F0.kun4dko37ql_%C4%90i%E1%BB%87n%20tho%E1%BA%A1i%20iPhone%2012?alt=media&token=f634cb08-9934-490b-a178-20f67f6c69fd',789),(802,'https://firebasestorage.googleapis.com/v0/b/graduation-396ec.appspot.com/o/products%2F0.7fr1amrdy2o_%C4%90i%E1%BB%87n%20tho%E1%BA%A1i%20iPhone%2012?alt=media&token=5d1500fb-faea-4350-8fa5-65d45e73bbe4',789),(803,'https://firebasestorage.googleapis.com/v0/b/graduation-396ec.appspot.com/o/products%2F0.93p1t2d6kbb_%C4%90i%E1%BB%87n%20tho%E1%BA%A1i%20iPhone%2012?alt=media&token=8e4f7dd1-cc2a-4ccb-911c-b1f0b358dd60',789),(804,'https://firebasestorage.googleapis.com/v0/b/graduation-396ec.appspot.com/o/products%2F0.qguug1jaaba_%C4%90i%E1%BB%87n%20tho%E1%BA%A1i%20iPhone%2012?alt=media&token=fc8704e9-26b8-4dc2-9c2f-e79e46a4b396',789),(805,'https://firebasestorage.googleapis.com/v0/b/graduation-396ec.appspot.com/o/products%2F0.tlny6zjlvjn_%C4%90i%E1%BB%87n%20tho%E1%BA%A1i%20iPhone%2012?alt=media&token=5c9edfb1-7455-475b-a61a-9ed50524124a',789),(806,'https://firebasestorage.googleapis.com/v0/b/graduation-396ec.appspot.com/o/products%2F0.jzg82a8zaml_%C4%90i%E1%BB%87n%20tho%E1%BA%A1i%20iPhone%2012?alt=media&token=9647d958-5fe9-4c3a-b5c9-4d29747df23e',789),(808,'https://firebasestorage.googleapis.com/v0/b/graduation-396ec.appspot.com/o/products%2F0.j3mlzkqwy8k_%C4%90i%E1%BB%87n%20tho%E1%BA%A1i%20Samsung%20Galaxy%20S22%20Ultra%205G?alt=media&token=abe6ea2d-537b-4f44-8535-6d968a34de51',807),(810,'https://firebasestorage.googleapis.com/v0/b/graduation-396ec.appspot.com/o/products%2F0.0jg24b8o3osi_%C4%90i%E1%BB%87n%20tho%E1%BA%A1i%20Samsung%20Galaxy%20S22%20Ultra%205G?alt=media&token=973533f0-2a09-4f23-98c7-fb7c619620fd',807),(811,'https://firebasestorage.googleapis.com/v0/b/graduation-396ec.appspot.com/o/products%2F0.204jplz2gvp_%C4%90i%E1%BB%87n%20tho%E1%BA%A1i%20Samsung%20Galaxy%20S22%20Ultra%205G?alt=media&token=7f8807ad-c0ce-4eaf-bb99-54964ec88c75',807),(812,'https://firebasestorage.googleapis.com/v0/b/graduation-396ec.appspot.com/o/products%2F0.8ztu4y0orn_%C4%90i%E1%BB%87n%20tho%E1%BA%A1i%20Samsung%20Galaxy%20S22%20Ultra%205G?alt=media&token=841da8ee-182f-4fc1-9da0-7cfc3c96b723',807),(813,'https://firebasestorage.googleapis.com/v0/b/graduation-396ec.appspot.com/o/products%2F0.umajwultl3_%C4%90i%E1%BB%87n%20tho%E1%BA%A1i%20Samsung%20Galaxy%20S22%20Ultra%205G?alt=media&token=6de43d07-492e-4735-8e02-acfdf445bc1c',807),(814,'https://firebasestorage.googleapis.com/v0/b/graduation-396ec.appspot.com/o/products%2F0.zn3f2amtx2k_%C4%90i%E1%BB%87n%20tho%E1%BA%A1i%20Samsung%20Galaxy%20S22%20Ultra%205G?alt=media&token=aa59b7ec-3bb4-44d2-b868-b5a8b7d82f36',807),(815,'https://firebasestorage.googleapis.com/v0/b/graduation-396ec.appspot.com/o/products%2F0.spzmuo0on4_%C4%90i%E1%BB%87n%20tho%E1%BA%A1i%20Samsung%20Galaxy%20S22%20Ultra%205G?alt=media&token=0aec6eab-0f6a-432a-ba57-7a026df39904',807),(817,'https://firebasestorage.googleapis.com/v0/b/graduation-396ec.appspot.com/o/products%2F0.8rkylesxha9_%20%C4%90i%E1%BB%87n%20tho%E1%BA%A1i%20Samsung%20Galaxy%20Z%20Fold4?alt=media&token=ec3c2ed5-096f-41e4-8d2f-2b3d28db5fb8',816),(818,'https://firebasestorage.googleapis.com/v0/b/graduation-396ec.appspot.com/o/products%2F0.cxwxxlwtzia_%20%C4%90i%E1%BB%87n%20tho%E1%BA%A1i%20Samsung%20Galaxy%20Z%20Fold4?alt=media&token=8b0ef39b-069c-4cdd-a480-82a6395eb53d',816),(819,'https://firebasestorage.googleapis.com/v0/b/graduation-396ec.appspot.com/o/products%2F0.ueet23fjcs_%20%C4%90i%E1%BB%87n%20tho%E1%BA%A1i%20Samsung%20Galaxy%20Z%20Fold4?alt=media&token=9d11a110-94e2-4b26-b890-7ca8c46d19af',816),(820,'https://firebasestorage.googleapis.com/v0/b/graduation-396ec.appspot.com/o/products%2F0.wnnq9l25en9_%20%C4%90i%E1%BB%87n%20tho%E1%BA%A1i%20Samsung%20Galaxy%20Z%20Fold4?alt=media&token=7706a1d9-7322-4447-b211-031010bedaab',816),(821,'https://firebasestorage.googleapis.com/v0/b/graduation-396ec.appspot.com/o/products%2F0.kggzvaeebbr_%20%C4%90i%E1%BB%87n%20tho%E1%BA%A1i%20Samsung%20Galaxy%20Z%20Fold4?alt=media&token=5f571e7a-d657-4ae5-9a65-41a86cc0cf6a',816),(822,'https://firebasestorage.googleapis.com/v0/b/graduation-396ec.appspot.com/o/products%2F0.44oq7qk8g9f_%20%C4%90i%E1%BB%87n%20tho%E1%BA%A1i%20Samsung%20Galaxy%20Z%20Fold4?alt=media&token=e6e20bea-0bc0-4dbf-a7ac-210cb745be42',816),(824,'https://firebasestorage.googleapis.com/v0/b/graduation-396ec.appspot.com/o/products%2F0.j5d4lihhy6c_%20%C4%90i%E1%BB%87n%20tho%E1%BA%A1i%20Samsung%20Galaxy%20Z%20Fold4?alt=media&token=820bc7da-f3f0-427b-ab86-36e03a7821d8',816),(825,'https://firebasestorage.googleapis.com/v0/b/graduation-396ec.appspot.com/o/products%2F0.n8mkxq6ks9o_%20%C4%90i%E1%BB%87n%20tho%E1%BA%A1i%20Samsung%20Galaxy%20Z%20Fold4?alt=media&token=1f80e29e-f360-47d8-9232-0b08dc289c14',816),(827,'https://firebasestorage.googleapis.com/v0/b/graduation-396ec.appspot.com/o/products%2F0.mkmbkpw4jj_%C4%90i%E1%BB%87n%20tho%E1%BA%A1i%20Samsung%20Galaxy%20Z%20Fold3?alt=media&token=b3701a48-7482-499a-8795-6809a5eb38d6',826),(828,'https://firebasestorage.googleapis.com/v0/b/graduation-396ec.appspot.com/o/products%2F0.mvajhkhau6_%C4%90i%E1%BB%87n%20tho%E1%BA%A1i%20Samsung%20Galaxy%20Z%20Fold3?alt=media&token=44c1669c-de62-48f7-88cf-42cfcd948a06',826),(829,'https://firebasestorage.googleapis.com/v0/b/graduation-396ec.appspot.com/o/products%2F0.uhcj71ypckf_%C4%90i%E1%BB%87n%20tho%E1%BA%A1i%20Samsung%20Galaxy%20Z%20Fold3?alt=media&token=834adf36-4ba5-433e-a408-d4cc27dabd14',826),(830,'https://firebasestorage.googleapis.com/v0/b/graduation-396ec.appspot.com/o/products%2F0.bdp70i8uuyg_%C4%90i%E1%BB%87n%20tho%E1%BA%A1i%20Samsung%20Galaxy%20Z%20Fold3?alt=media&token=db6ec4ce-1c40-46a3-94fc-c6c662619cbd',826),(831,'https://firebasestorage.googleapis.com/v0/b/graduation-396ec.appspot.com/o/products%2F0.eqgnw0uyy5o_%C4%90i%E1%BB%87n%20tho%E1%BA%A1i%20Samsung%20Galaxy%20Z%20Fold3?alt=media&token=eba091c8-cd9c-44fb-b1d8-a3820027b63b',826),(832,'https://firebasestorage.googleapis.com/v0/b/graduation-396ec.appspot.com/o/products%2F0.o85njymsdy8_%C4%90i%E1%BB%87n%20tho%E1%BA%A1i%20Samsung%20Galaxy%20Z%20Fold3?alt=media&token=7df706ba-974e-446a-af56-aace26a86da9',826),(834,'https://firebasestorage.googleapis.com/v0/b/graduation-396ec.appspot.com/o/products%2F0.65ipxwndrph_%C4%90i%E1%BB%87n%20tho%E1%BA%A1i%20Samsung%20Galaxy%20Z%20Fold3?alt=media&token=7acb2972-15a0-477b-a48a-d835cbf470c7',826),(835,'https://firebasestorage.googleapis.com/v0/b/graduation-396ec.appspot.com/o/products%2F0.dzs27iusxxi_%C4%90i%E1%BB%87n%20tho%E1%BA%A1i%20Samsung%20Galaxy%20Z%20Fold3?alt=media&token=1c17c5ed-2cb8-4bcd-8abc-61bb9cb71041',826),(836,'https://firebasestorage.googleapis.com/v0/b/graduation-396ec.appspot.com/o/products%2F0.z8ws95jhgea_%C4%90i%E1%BB%87n%20tho%E1%BA%A1i%20Samsung%20Galaxy%20Z%20Fold3?alt=media&token=281cddfd-0453-4544-9e57-dfc9aa968aea',826),(837,'https://firebasestorage.googleapis.com/v0/b/graduation-396ec.appspot.com/o/products%2F0.9l51gc5htwh_%C4%90i%E1%BB%87n%20tho%E1%BA%A1i%20Samsung%20Galaxy%20Z%20Fold3?alt=media&token=9d94c79f-3adb-4f78-8fa2-271b7be3cf42',826),(839,'https://firebasestorage.googleapis.com/v0/b/graduation-396ec.appspot.com/o/products%2F0.l4zb426icdo_%C4%90i%E1%BB%87n%20tho%E1%BA%A1i%20Samsung%20Galaxy%20M53%20?alt=media&token=f3ec7f0f-c749-4d93-ad5d-88c5e93f563e',838),(841,'https://firebasestorage.googleapis.com/v0/b/graduation-396ec.appspot.com/o/products%2F0.2qe8nvdwk2m_%C4%90i%E1%BB%87n%20tho%E1%BA%A1i%20Samsung%20Galaxy%20M53%20?alt=media&token=f85c07c0-f205-4296-880e-11fc5c6a243c',838),(842,'https://firebasestorage.googleapis.com/v0/b/graduation-396ec.appspot.com/o/products%2F0.xgp95jolm7_%C4%90i%E1%BB%87n%20tho%E1%BA%A1i%20Samsung%20Galaxy%20M53%20?alt=media&token=cc29b81f-c54e-4357-a27b-e1e2d9997698',838),(843,'https://firebasestorage.googleapis.com/v0/b/graduation-396ec.appspot.com/o/products%2F0.nwli7067pc_%C4%90i%E1%BB%87n%20tho%E1%BA%A1i%20Samsung%20Galaxy%20M53%20?alt=media&token=2a043db7-a1e3-44d4-a4a1-977de28fd2b6',838),(844,'https://firebasestorage.googleapis.com/v0/b/graduation-396ec.appspot.com/o/products%2F0.no2c7rd6pri_%C4%90i%E1%BB%87n%20tho%E1%BA%A1i%20Samsung%20Galaxy%20M53%20?alt=media&token=6247662b-c679-4903-9902-ac08e58bdfaa',838),(846,'https://firebasestorage.googleapis.com/v0/b/graduation-396ec.appspot.com/o/products%2F0.4c6cybd4i1h_%C4%90i%E1%BB%87n%20tho%E1%BA%A1i%20Samsung%20Galaxy%20A73%205G%20Awesome%20Edition?alt=media&token=b2814191-73dc-4649-8632-887da1ba030e',845),(847,'https://firebasestorage.googleapis.com/v0/b/graduation-396ec.appspot.com/o/products%2F0.a7ymsh3qh7_%C4%90i%E1%BB%87n%20tho%E1%BA%A1i%20Samsung%20Galaxy%20A73%205G%20Awesome%20Edition?alt=media&token=b45f4da2-7b9c-4854-a99f-78508227611c',845),(848,'https://firebasestorage.googleapis.com/v0/b/graduation-396ec.appspot.com/o/products%2F0.swh0pvfp8wp_%C4%90i%E1%BB%87n%20tho%E1%BA%A1i%20Samsung%20Galaxy%20A73%205G%20Awesome%20Edition?alt=media&token=3e9354ad-3d8a-4f05-9de6-ac094bb5099e',845),(849,'https://firebasestorage.googleapis.com/v0/b/graduation-396ec.appspot.com/o/products%2F0.nu7o48r5a58_%C4%90i%E1%BB%87n%20tho%E1%BA%A1i%20Samsung%20Galaxy%20A73%205G%20Awesome%20Edition?alt=media&token=f6334635-de89-4909-8a8f-de2be24ca670',845),(850,'https://firebasestorage.googleapis.com/v0/b/graduation-396ec.appspot.com/o/products%2F0.i4xx88l9uoj_%C4%90i%E1%BB%87n%20tho%E1%BA%A1i%20Samsung%20Galaxy%20A73%205G%20Awesome%20Edition?alt=media&token=95e2c460-f411-4489-afce-c64f545d960a',845),(852,'https://firebasestorage.googleapis.com/v0/b/graduation-396ec.appspot.com/o/products%2F0.asjvrwuc9zr_%C4%90i%E1%BB%87n%20tho%E1%BA%A1i%20Samsung%20Galaxy%20A73%205G%20Awesome%20Edition?alt=media&token=69305001-53f1-43c7-bfac-a2ea87b4f0d1',845),(853,'https://firebasestorage.googleapis.com/v0/b/graduation-396ec.appspot.com/o/products%2F0.y6gmnk8u3es_%C4%90i%E1%BB%87n%20tho%E1%BA%A1i%20Samsung%20Galaxy%20A73%205G%20Awesome%20Edition?alt=media&token=ac693103-946c-4bb5-8674-408b1ea09b5d',845),(855,'https://firebasestorage.googleapis.com/v0/b/graduation-396ec.appspot.com/o/products%2F0.x92o67r14dg_%C4%90i%E1%BB%87n%20tho%E1%BA%A1i%20Samsung%20Galaxy%20A73%205G?alt=media&token=ee73f1ae-212a-4174-b739-277b55f62a9c',854),(856,'https://firebasestorage.googleapis.com/v0/b/graduation-396ec.appspot.com/o/products%2F0.8yymx2evkil_%C4%90i%E1%BB%87n%20tho%E1%BA%A1i%20Samsung%20Galaxy%20A73%205G?alt=media&token=74755c68-88d5-4a36-a8d8-661e97108a48',854),(857,'https://firebasestorage.googleapis.com/v0/b/graduation-396ec.appspot.com/o/products%2F0.lcmlcfdjtuh_%C4%90i%E1%BB%87n%20tho%E1%BA%A1i%20Samsung%20Galaxy%20A73%205G?alt=media&token=4a377d1b-28f0-44b1-bdc6-f8b5ebd0eaf6',854),(858,'https://firebasestorage.googleapis.com/v0/b/graduation-396ec.appspot.com/o/products%2F0.qmv1a677bej_%C4%90i%E1%BB%87n%20tho%E1%BA%A1i%20Samsung%20Galaxy%20A73%205G?alt=media&token=e00d9256-6f88-4c66-bf40-46adaacd839f',854),(859,'https://firebasestorage.googleapis.com/v0/b/graduation-396ec.appspot.com/o/products%2F0.jnmahfqtxmi_%C4%90i%E1%BB%87n%20tho%E1%BA%A1i%20Samsung%20Galaxy%20A73%205G?alt=media&token=4a44c6f2-8ac1-4f72-b7fe-a3ab3480fb29',854),(860,'https://firebasestorage.googleapis.com/v0/b/graduation-396ec.appspot.com/o/products%2F0.4tjcjyy62he_%C4%90i%E1%BB%87n%20tho%E1%BA%A1i%20Samsung%20Galaxy%20A73%205G?alt=media&token=d88b0add-70c2-4711-a41f-5836ce043645',854),(861,'https://firebasestorage.googleapis.com/v0/b/graduation-396ec.appspot.com/o/products%2F0.0vlei2w562e_%C4%90i%E1%BB%87n%20tho%E1%BA%A1i%20Samsung%20Galaxy%20A73%205G?alt=media&token=eb216e22-d856-4d90-8041-95f3cacafd39',854),(863,'https://firebasestorage.googleapis.com/v0/b/graduation-396ec.appspot.com/o/products%2F0.ma9enrlre3o_%C4%90i%E1%BB%87n%20tho%E1%BA%A1i%20Samsung%20Galaxy%20S21%20FE%205G?alt=media&token=bd4ba564-e100-4bd8-b4f7-c75359a5dd62',862),(864,'https://firebasestorage.googleapis.com/v0/b/graduation-396ec.appspot.com/o/products%2F0.cw5elannfrb_%C4%90i%E1%BB%87n%20tho%E1%BA%A1i%20Samsung%20Galaxy%20S21%20FE%205G?alt=media&token=1521598e-5798-45d1-a71b-53ef74033b90',862),(865,'https://firebasestorage.googleapis.com/v0/b/graduation-396ec.appspot.com/o/products%2F0.ps7jvdwvup_%C4%90i%E1%BB%87n%20tho%E1%BA%A1i%20Samsung%20Galaxy%20S21%20FE%205G?alt=media&token=724af14a-38b1-485f-a4e9-bbc0cdb36fb8',862),(866,'https://firebasestorage.googleapis.com/v0/b/graduation-396ec.appspot.com/o/products%2F0.xt4wqbirs2_%C4%90i%E1%BB%87n%20tho%E1%BA%A1i%20Samsung%20Galaxy%20S21%20FE%205G?alt=media&token=81c76347-f975-490f-8f63-086312e66320',862),(867,'https://firebasestorage.googleapis.com/v0/b/graduation-396ec.appspot.com/o/products%2F0.ip2yiut3b0h_%C4%90i%E1%BB%87n%20tho%E1%BA%A1i%20Samsung%20Galaxy%20S21%20FE%205G?alt=media&token=3f1337cb-99c3-42cc-b489-6bdb197e7538',862),(868,'https://firebasestorage.googleapis.com/v0/b/graduation-396ec.appspot.com/o/products%2F0.e5sib7yegd8_%C4%90i%E1%BB%87n%20tho%E1%BA%A1i%20Samsung%20Galaxy%20S21%20FE%205G?alt=media&token=1cbbade8-6789-4e46-9742-ea18af146f24',862),(869,'https://firebasestorage.googleapis.com/v0/b/graduation-396ec.appspot.com/o/products%2F0.yeha9z583n_%C4%90i%E1%BB%87n%20tho%E1%BA%A1i%20Samsung%20Galaxy%20S21%20FE%205G?alt=media&token=a272127c-833a-4955-9429-0df36944cf63',862),(870,'https://firebasestorage.googleapis.com/v0/b/graduation-396ec.appspot.com/o/products%2F0.zxgivcx1rll_%C4%90i%E1%BB%87n%20tho%E1%BA%A1i%20Samsung%20Galaxy%20S21%20FE%205G?alt=media&token=1137fc17-0ae9-4c24-ad8d-6fea0e6eb96e',862),(871,'https://firebasestorage.googleapis.com/v0/b/graduation-396ec.appspot.com/o/products%2F0.vwwdk90dzk9_%C4%90i%E1%BB%87n%20tho%E1%BA%A1i%20Samsung%20Galaxy%20S21%20FE%205G?alt=media&token=e74840f9-99b9-4668-a952-291b5bcb1cc0',862),(872,'https://firebasestorage.googleapis.com/v0/b/graduation-396ec.appspot.com/o/products%2F0.fmqjd600mkw_%C4%90i%E1%BB%87n%20tho%E1%BA%A1i%20Samsung%20Galaxy%20S21%20FE%205G?alt=media&token=017b512b-a1d8-4d3a-a016-3b946de4a206',862),(873,'https://firebasestorage.googleapis.com/v0/b/graduation-396ec.appspot.com/o/products%2F0.wh0ci4lsl1l_%C4%90i%E1%BB%87n%20tho%E1%BA%A1i%20Samsung%20Galaxy%20S21%20FE%205G?alt=media&token=f9faabb0-ee46-4e9c-9fc0-fb56a79aa7b2',862),(874,'https://firebasestorage.googleapis.com/v0/b/graduation-396ec.appspot.com/o/products%2F0.kjegtccgekf_%C4%90i%E1%BB%87n%20tho%E1%BA%A1i%20Samsung%20Galaxy%20S21%20FE%205G?alt=media&token=81429c94-c6c7-4af5-aefb-cb5df5aed823',862),(875,'https://firebasestorage.googleapis.com/v0/b/graduation-396ec.appspot.com/o/products%2F0.uicq8r2bp18_%C4%90i%E1%BB%87n%20tho%E1%BA%A1i%20Samsung%20Galaxy%20S21%20FE%205G?alt=media&token=d57e6cb1-7fd1-47dc-a824-f59fe640f919',862),(877,'https://firebasestorage.googleapis.com/v0/b/graduation-396ec.appspot.com/o/products%2F0.01u6rqs7s7xp_B%C3%A0n%20ph%C3%ADm%20C%C3%B3%20d%C3%A2y%20Gaming%20MSI%20Vigor%20GK30%20US%20%C4%90en?alt=media&token=b065bdf4-46c8-43dd-b2bb-cbc66db98f8a',876),(878,'https://firebasestorage.googleapis.com/v0/b/graduation-396ec.appspot.com/o/products%2F0.x58b8bne5ug_B%C3%A0n%20ph%C3%ADm%20C%C3%B3%20d%C3%A2y%20Gaming%20MSI%20Vigor%20GK30%20US%20%C4%90en?alt=media&token=5af66b45-1dc3-44b4-bf36-6759e62273af',876),(879,'https://firebasestorage.googleapis.com/v0/b/graduation-396ec.appspot.com/o/products%2F0.jwtc4120f9_B%C3%A0n%20ph%C3%ADm%20C%C3%B3%20d%C3%A2y%20Gaming%20MSI%20Vigor%20GK30%20US%20%C4%90en?alt=media&token=7a386d58-f768-4936-bafc-0445faa4f6ce',876),(880,'https://firebasestorage.googleapis.com/v0/b/graduation-396ec.appspot.com/o/products%2F0.y1p16i2lfhb_B%C3%A0n%20ph%C3%ADm%20C%C3%B3%20d%C3%A2y%20Gaming%20MSI%20Vigor%20GK30%20US%20%C4%90en?alt=media&token=d5e99f71-d808-4d57-8d88-70a687f2b90b',876),(881,'https://firebasestorage.googleapis.com/v0/b/graduation-396ec.appspot.com/o/products%2F0.31e35y7hq5b_B%C3%A0n%20ph%C3%ADm%20C%C3%B3%20d%C3%A2y%20Gaming%20MSI%20Vigor%20GK30%20US%20%C4%90en?alt=media&token=5307f226-344c-4425-ab13-124467bafe9c',876),(882,'https://firebasestorage.googleapis.com/v0/b/graduation-396ec.appspot.com/o/products%2F0.1tgu6qgc50c_B%C3%A0n%20ph%C3%ADm%20C%C3%B3%20d%C3%A2y%20Gaming%20MSI%20Vigor%20GK30%20US%20%C4%90en?alt=media&token=1772a1ca-37d6-4df7-b54e-48fb1fb40c01',876),(883,'https://firebasestorage.googleapis.com/v0/b/graduation-396ec.appspot.com/o/products%2F0.hymddwjdczj_B%C3%A0n%20ph%C3%ADm%20C%C3%B3%20d%C3%A2y%20Gaming%20MSI%20Vigor%20GK30%20US%20%C4%90en?alt=media&token=e14fcffd-4049-46d9-8290-58f98d4edb97',876),(884,'https://firebasestorage.googleapis.com/v0/b/graduation-396ec.appspot.com/o/products%2F0.ylbk9ionhj_B%C3%A0n%20ph%C3%ADm%20C%C3%B3%20d%C3%A2y%20Gaming%20MSI%20Vigor%20GK30%20US%20%C4%90en?alt=media&token=251d03b3-0eb5-42f9-83bc-6a93c913f3b4',876),(885,'https://firebasestorage.googleapis.com/v0/b/graduation-396ec.appspot.com/o/products%2F0.wbk7xyt3gdo_B%C3%A0n%20ph%C3%ADm%20C%C3%B3%20d%C3%A2y%20Gaming%20MSI%20Vigor%20GK30%20US%20%C4%90en?alt=media&token=6704bc87-a598-424d-a24f-b97574c3146f',876),(886,'https://firebasestorage.googleapis.com/v0/b/graduation-396ec.appspot.com/o/products%2F0.us7rwswca19_B%C3%A0n%20ph%C3%ADm%20C%C3%B3%20d%C3%A2y%20Gaming%20MSI%20Vigor%20GK30%20US%20%C4%90en?alt=media&token=7a63282f-cd7c-4d14-9a56-7d8504b40e5a',876),(887,'https://firebasestorage.googleapis.com/v0/b/graduation-396ec.appspot.com/o/products%2F0.k76akakj8q_B%C3%A0n%20ph%C3%ADm%20C%C3%B3%20d%C3%A2y%20Gaming%20MSI%20Vigor%20GK30%20US%20%C4%90en?alt=media&token=9a551630-02f1-4719-b566-bf6083a4e761',876),(888,'https://firebasestorage.googleapis.com/v0/b/graduation-396ec.appspot.com/o/products%2F0.9f16xdhv3tk_B%C3%A0n%20ph%C3%ADm%20C%C3%B3%20d%C3%A2y%20Gaming%20MSI%20Vigor%20GK30%20US%20%C4%90en?alt=media&token=1553be40-43c4-47bd-8454-f43109b34a8b',876),(889,'https://firebasestorage.googleapis.com/v0/b/graduation-396ec.appspot.com/o/products%2F0.f4dzo52gat_B%C3%A0n%20ph%C3%ADm%20C%C3%B3%20d%C3%A2y%20Gaming%20MSI%20Vigor%20GK30%20US%20%C4%90en?alt=media&token=42fc61de-50ab-4a76-b0b4-bc607a1972d3',876),(890,'https://firebasestorage.googleapis.com/v0/b/graduation-396ec.appspot.com/o/products%2F0.6ccnojwiz8c_B%C3%A0n%20ph%C3%ADm%20C%C3%B3%20d%C3%A2y%20Gaming%20MSI%20Vigor%20GK30%20US%20%C4%90en?alt=media&token=e0cadda8-b670-4a9c-9b72-7398de45f16a',876),(891,'https://firebasestorage.googleapis.com/v0/b/graduation-396ec.appspot.com/o/products%2F0.c25nsrijan_B%C3%A0n%20ph%C3%ADm%20C%C3%B3%20d%C3%A2y%20Gaming%20MSI%20Vigor%20GK30%20US%20%C4%90en?alt=media&token=a472e704-2501-4b98-b72c-519949c1efdc',876),(894,'https://firebasestorage.googleapis.com/v0/b/graduation-396ec.appspot.com/o/products%2F0.ni9w8nmoskk_B%C3%A0n%20ph%C3%ADm%20C%C3%B3%20d%C3%A2y%20Gaming%20MSI%20Vigor%20GK20%20US%20%C4%90en?alt=media&token=3f8350e3-690e-4dd1-a45f-1e0e072638ea',893),(895,'https://firebasestorage.googleapis.com/v0/b/graduation-396ec.appspot.com/o/products%2F0.jxzta64dj0r_B%C3%A0n%20ph%C3%ADm%20C%C3%B3%20d%C3%A2y%20Gaming%20MSI%20Vigor%20GK20%20US%20%C4%90en?alt=media&token=f9aacbae-16f3-4faa-9c8a-955a4effd974',893),(896,'https://firebasestorage.googleapis.com/v0/b/graduation-396ec.appspot.com/o/products%2F0.38vcrkv1mbu_B%C3%A0n%20ph%C3%ADm%20C%C3%B3%20d%C3%A2y%20Gaming%20MSI%20Vigor%20GK20%20US%20%C4%90en?alt=media&token=e2043dab-bb68-4f71-9895-b389f0c91021',893),(897,'https://firebasestorage.googleapis.com/v0/b/graduation-396ec.appspot.com/o/products%2F0.ur2kxd5z5j9_B%C3%A0n%20ph%C3%ADm%20C%C3%B3%20d%C3%A2y%20Gaming%20MSI%20Vigor%20GK20%20US%20%C4%90en?alt=media&token=372c7707-3a2d-4d8c-aa5a-0e1045adf690',893),(898,'https://firebasestorage.googleapis.com/v0/b/graduation-396ec.appspot.com/o/products%2F0.77sfpyu55do_B%C3%A0n%20ph%C3%ADm%20C%C3%B3%20d%C3%A2y%20Gaming%20MSI%20Vigor%20GK20%20US%20%C4%90en?alt=media&token=e8a31989-e95a-4ecb-995f-80556c4bab0d',893),(899,'https://firebasestorage.googleapis.com/v0/b/graduation-396ec.appspot.com/o/products%2F0.hax6nqllmlt_B%C3%A0n%20ph%C3%ADm%20C%C3%B3%20d%C3%A2y%20Gaming%20MSI%20Vigor%20GK20%20US%20%C4%90en?alt=media&token=6bf877f6-902b-4885-9906-6345bdf0ef68',893),(900,'https://firebasestorage.googleapis.com/v0/b/graduation-396ec.appspot.com/o/products%2F0.wtwzzp2u9n9_B%C3%A0n%20ph%C3%ADm%20C%C3%B3%20d%C3%A2y%20Gaming%20MSI%20Vigor%20GK20%20US%20%C4%90en?alt=media&token=ec9a0e77-835f-42fd-94da-20bfee4d763f',893),(901,'https://firebasestorage.googleapis.com/v0/b/graduation-396ec.appspot.com/o/products%2F0.1zawra82bgv_B%C3%A0n%20ph%C3%ADm%20C%C3%B3%20d%C3%A2y%20Gaming%20MSI%20Vigor%20GK20%20US%20%C4%90en?alt=media&token=f66b5d65-beb0-456a-adf5-c3c57e202eff',893),(902,'https://firebasestorage.googleapis.com/v0/b/graduation-396ec.appspot.com/o/products%2F0.lxbh06i7rgf_B%C3%A0n%20ph%C3%ADm%20C%C3%B3%20d%C3%A2y%20Gaming%20MSI%20Vigor%20GK20%20US%20%C4%90en?alt=media&token=4f7021d7-e1a0-4332-b425-2f28cc1386a3',893),(903,'https://firebasestorage.googleapis.com/v0/b/graduation-396ec.appspot.com/o/products%2F0.cfw9llc5xtc_B%C3%A0n%20ph%C3%ADm%20C%C3%B3%20d%C3%A2y%20Gaming%20MSI%20Vigor%20GK20%20US%20%C4%90en?alt=media&token=18c07559-68af-404f-a6d3-b012e103d6f9',893),(904,'https://firebasestorage.googleapis.com/v0/b/graduation-396ec.appspot.com/o/products%2F0.cw1i9imw5b_B%C3%A0n%20ph%C3%ADm%20C%C3%B3%20d%C3%A2y%20Gaming%20MSI%20Vigor%20GK20%20US%20%C4%90en?alt=media&token=bb59c9ee-3db2-44b1-87e3-fb57ce741699',893),(905,'https://firebasestorage.googleapis.com/v0/b/graduation-396ec.appspot.com/o/products%2F0.518gx014hm8_B%C3%A0n%20ph%C3%ADm%20C%C3%B3%20d%C3%A2y%20Gaming%20MSI%20Vigor%20GK20%20US%20%C4%90en?alt=media&token=d4616192-5040-490c-9cb5-625c9a01c51c',893),(906,'https://firebasestorage.googleapis.com/v0/b/graduation-396ec.appspot.com/o/products%2F0.y7uszh7k4pq_B%C3%A0n%20ph%C3%ADm%20C%C3%B3%20d%C3%A2y%20Gaming%20MSI%20Vigor%20GK20%20US%20%C4%90en?alt=media&token=03e4bb8a-2864-47c8-a50c-0172cc30e86f',893),(907,'https://firebasestorage.googleapis.com/v0/b/graduation-396ec.appspot.com/o/products%2F0.8js4ehxq2d_B%C3%A0n%20ph%C3%ADm%20C%C3%B3%20d%C3%A2y%20Gaming%20MSI%20Vigor%20GK20%20US%20%C4%90en?alt=media&token=c8ee5744-bf56-44b2-a27e-4748b92d7cb0',893),(908,'https://firebasestorage.googleapis.com/v0/b/graduation-396ec.appspot.com/o/products%2F0.91mvhb3gklv_B%C3%A0n%20ph%C3%ADm%20C%C3%B3%20d%C3%A2y%20Gaming%20MSI%20Vigor%20GK20%20US%20%C4%90en?alt=media&token=571deca5-7297-46c1-93b7-e01d2eb3a8bf',893),(909,'https://firebasestorage.googleapis.com/v0/b/graduation-396ec.appspot.com/o/products%2F0.nvnd69p5l6_B%C3%A0n%20ph%C3%ADm%20C%C3%B3%20d%C3%A2y%20Gaming%20MSI%20Vigor%20GK20%20US%20%C4%90en?alt=media&token=2cdbd461-7f7e-42b6-a583-a5d992bb85fd',893),(912,'https://firebasestorage.googleapis.com/v0/b/graduation-396ec.appspot.com/o/products%2F0.f632vm3e1kq_B%C3%A0n%20Ph%C3%ADm%20C%C6%A1%20C%C3%B3%20D%C3%A2y%20Gaming%20Razer%20BlackWidow?alt=media&token=0ce0cb3e-d939-43c2-bcaa-02b451b4af15',911),(913,'https://firebasestorage.googleapis.com/v0/b/graduation-396ec.appspot.com/o/products%2F0.qpmjhltbexr_B%C3%A0n%20Ph%C3%ADm%20C%C6%A1%20C%C3%B3%20D%C3%A2y%20Gaming%20Razer%20BlackWidow?alt=media&token=99bb55ff-fce9-45a2-b6df-9b832b5e1e2c',911),(914,'https://firebasestorage.googleapis.com/v0/b/graduation-396ec.appspot.com/o/products%2F0.3wv5h02yy5r_B%C3%A0n%20Ph%C3%ADm%20C%C6%A1%20C%C3%B3%20D%C3%A2y%20Gaming%20Razer%20BlackWidow?alt=media&token=7e082cf3-e53d-4457-8484-75b0c9bcf6d3',911),(915,'https://firebasestorage.googleapis.com/v0/b/graduation-396ec.appspot.com/o/products%2F0.yrwbpb6muq_B%C3%A0n%20Ph%C3%ADm%20C%C6%A1%20C%C3%B3%20D%C3%A2y%20Gaming%20Razer%20BlackWidow?alt=media&token=738b969e-b4a7-4efb-a7d6-d6b5b277bff8',911),(916,'https://firebasestorage.googleapis.com/v0/b/graduation-396ec.appspot.com/o/products%2F0.hakkszcsv7_B%C3%A0n%20Ph%C3%ADm%20C%C6%A1%20C%C3%B3%20D%C3%A2y%20Gaming%20Razer%20BlackWidow?alt=media&token=29b49472-96f9-4fa1-aec4-0e6665179194',911),(917,'https://firebasestorage.googleapis.com/v0/b/graduation-396ec.appspot.com/o/products%2F0.3ex7bugj3he_B%C3%A0n%20Ph%C3%ADm%20C%C6%A1%20C%C3%B3%20D%C3%A2y%20Gaming%20Razer%20BlackWidow?alt=media&token=f60e4bb2-d484-47d5-9fa8-e821046720f7',911),(918,'https://firebasestorage.googleapis.com/v0/b/graduation-396ec.appspot.com/o/products%2F0.xswcso0y8ip_B%C3%A0n%20Ph%C3%ADm%20C%C6%A1%20C%C3%B3%20D%C3%A2y%20Gaming%20Razer%20BlackWidow?alt=media&token=c1ad2e86-8505-48a1-830f-474fd5eed197',911),(919,'https://firebasestorage.googleapis.com/v0/b/graduation-396ec.appspot.com/o/products%2F0.8vohse388ne_B%C3%A0n%20Ph%C3%ADm%20C%C6%A1%20C%C3%B3%20D%C3%A2y%20Gaming%20Razer%20BlackWidow?alt=media&token=428c8b36-025f-4545-a26a-637d791852ba',911),(920,'https://firebasestorage.googleapis.com/v0/b/graduation-396ec.appspot.com/o/products%2F0.aoeov2df3tq_B%C3%A0n%20Ph%C3%ADm%20C%C6%A1%20C%C3%B3%20D%C3%A2y%20Gaming%20Razer%20BlackWidow?alt=media&token=5396e489-7739-4586-ab19-48af420981b3',911),(921,'https://firebasestorage.googleapis.com/v0/b/graduation-396ec.appspot.com/o/products%2F0.snl48cfxxe_B%C3%A0n%20Ph%C3%ADm%20C%C6%A1%20C%C3%B3%20D%C3%A2y%20Gaming%20Razer%20BlackWidow?alt=media&token=4bd14cb2-b858-491d-9707-1c326b31574f',911),(922,'https://firebasestorage.googleapis.com/v0/b/graduation-396ec.appspot.com/o/products%2F0.waxxuvalusf_B%C3%A0n%20Ph%C3%ADm%20C%C6%A1%20C%C3%B3%20D%C3%A2y%20Gaming%20Razer%20BlackWidow?alt=media&token=61345285-b476-4111-b1f6-b025a144d354',911),(923,'https://firebasestorage.googleapis.com/v0/b/graduation-396ec.appspot.com/o/products%2F0.n4vg8bm0ot_B%C3%A0n%20Ph%C3%ADm%20C%C6%A1%20C%C3%B3%20D%C3%A2y%20Gaming%20Razer%20BlackWidow?alt=media&token=4bde0732-ceb5-409e-a1a1-02bad5e7ba14',911),(924,'https://firebasestorage.googleapis.com/v0/b/graduation-396ec.appspot.com/o/products%2F0.5gquph8vxxf_B%C3%A0n%20Ph%C3%ADm%20C%C6%A1%20C%C3%B3%20D%C3%A2y%20Gaming%20Razer%20BlackWidow?alt=media&token=fba939c8-c0b7-44ce-9cc7-66071d7375d5',911),(925,'https://firebasestorage.googleapis.com/v0/b/graduation-396ec.appspot.com/o/products%2F0.yogzql12x0j_B%C3%A0n%20Ph%C3%ADm%20C%C6%A1%20C%C3%B3%20D%C3%A2y%20Gaming%20Razer%20BlackWidow?alt=media&token=a910cb30-be17-42b3-b59e-5d5d82bef4a4',911),(926,'https://firebasestorage.googleapis.com/v0/b/graduation-396ec.appspot.com/o/products%2F0.u9kpb3hwbm_B%C3%A0n%20Ph%C3%ADm%20C%C6%A1%20C%C3%B3%20D%C3%A2y%20Gaming%20Razer%20BlackWidow?alt=media&token=dc8172ab-a353-4625-b331-2d49eb528c11',911),(927,'https://firebasestorage.googleapis.com/v0/b/graduation-396ec.appspot.com/o/products%2F0.6m0ch9j57l4_B%C3%A0n%20Ph%C3%ADm%20C%C6%A1%20C%C3%B3%20D%C3%A2y%20Gaming%20Razer%20BlackWidow?alt=media&token=eeb0ee75-847c-46f1-aeed-83ca51fb36be',911),(1153,'https://firebasestorage.googleapis.com/v0/b/graduation-396ec.appspot.com/o/products%2F0.cexit7zzuoo_B%C3%A0n%20Ph%C3%ADm%20C%C6%A1%20C%C3%B3%20D%C3%A2y%20Gaming%20Razer%20Huntsman%20Tournament%20Edition?alt=media&token=a4636bf8-0980-4878-a833-a5567c584eba',1152),(1154,'https://firebasestorage.googleapis.com/v0/b/graduation-396ec.appspot.com/o/products%2F0.2damakhzp6o_B%C3%A0n%20Ph%C3%ADm%20C%C6%A1%20C%C3%B3%20D%C3%A2y%20Gaming%20Razer%20Huntsman%20Tournament%20Edition?alt=media&token=9a212be5-2276-4809-af27-8e41e44c69e7',1152),(1155,'https://firebasestorage.googleapis.com/v0/b/graduation-396ec.appspot.com/o/products%2F0.g1tpchqxz4_B%C3%A0n%20Ph%C3%ADm%20C%C6%A1%20C%C3%B3%20D%C3%A2y%20Gaming%20Razer%20Huntsman%20Tournament%20Edition?alt=media&token=83136f54-07a8-424b-b4b8-9c67e8c10313',1152),(1156,'https://firebasestorage.googleapis.com/v0/b/graduation-396ec.appspot.com/o/products%2F0.pjtsrivsmh_B%C3%A0n%20Ph%C3%ADm%20C%C6%A1%20C%C3%B3%20D%C3%A2y%20Gaming%20Razer%20Huntsman%20Tournament%20Edition?alt=media&token=199d2dc1-4dec-4d65-bdd6-88109d516f2d',1152),(1157,'https://firebasestorage.googleapis.com/v0/b/graduation-396ec.appspot.com/o/products%2F0.tnjgmh80w2k_B%C3%A0n%20Ph%C3%ADm%20C%C6%A1%20C%C3%B3%20D%C3%A2y%20Gaming%20Razer%20Huntsman%20Tournament%20Edition?alt=media&token=189b077a-ab1f-425c-a174-39b44c99052b',1152),(1158,'https://firebasestorage.googleapis.com/v0/b/graduation-396ec.appspot.com/o/products%2F0.60x15obd52q_B%C3%A0n%20Ph%C3%ADm%20C%C6%A1%20C%C3%B3%20D%C3%A2y%20Gaming%20Razer%20Huntsman%20Tournament%20Edition?alt=media&token=b4916d08-3edc-432a-a172-6ad1be455e29',1152),(1159,'https://firebasestorage.googleapis.com/v0/b/graduation-396ec.appspot.com/o/products%2F0.882rzc5u4as_B%C3%A0n%20Ph%C3%ADm%20C%C6%A1%20C%C3%B3%20D%C3%A2y%20Gaming%20Razer%20Huntsman%20Tournament%20Edition?alt=media&token=ed41aa0c-1a24-4e65-b07d-0abb68e8c1f5',1152),(1160,'https://firebasestorage.googleapis.com/v0/b/graduation-396ec.appspot.com/o/products%2F0.pc553ov4vj_B%C3%A0n%20Ph%C3%ADm%20C%C6%A1%20C%C3%B3%20D%C3%A2y%20Gaming%20Razer%20Huntsman%20Tournament%20Edition?alt=media&token=9d7347b8-e978-4023-8194-bec5a584ab3e',1152),(1161,'https://firebasestorage.googleapis.com/v0/b/graduation-396ec.appspot.com/o/products%2F0.doq0bnnrglj_B%C3%A0n%20Ph%C3%ADm%20C%C6%A1%20C%C3%B3%20D%C3%A2y%20Gaming%20Razer%20Huntsman%20Tournament%20Edition?alt=media&token=bc076818-4599-4e6f-91d5-0d99a0b2c7c4',1152),(1162,'https://firebasestorage.googleapis.com/v0/b/graduation-396ec.appspot.com/o/products%2F0.yrtze02w8gi_B%C3%A0n%20Ph%C3%ADm%20C%C6%A1%20C%C3%B3%20D%C3%A2y%20Gaming%20Razer%20Huntsman%20Tournament%20Edition?alt=media&token=66bcd458-3130-48c3-8f45-0e02625e5280',1152),(1163,'https://firebasestorage.googleapis.com/v0/b/graduation-396ec.appspot.com/o/products%2F0.lmu714xfw9_B%C3%A0n%20Ph%C3%ADm%20C%C6%A1%20C%C3%B3%20D%C3%A2y%20Gaming%20Razer%20Huntsman%20Tournament%20Edition?alt=media&token=0bc428fc-9677-4359-bc2f-24bfaec25c66',1152),(1164,'https://firebasestorage.googleapis.com/v0/b/graduation-396ec.appspot.com/o/products%2F0.qutluc4ndoc_B%C3%A0n%20Ph%C3%ADm%20C%C6%A1%20C%C3%B3%20D%C3%A2y%20Gaming%20Razer%20Huntsman%20Tournament%20Edition?alt=media&token=649c0873-c5a4-4d45-985c-b9494a25c389',1152),(1165,'https://firebasestorage.googleapis.com/v0/b/graduation-396ec.appspot.com/o/products%2F0.9y2q49ho2xn_B%C3%A0n%20Ph%C3%ADm%20C%C6%A1%20C%C3%B3%20D%C3%A2y%20Gaming%20Razer%20Huntsman%20Tournament%20Edition?alt=media&token=adde253a-12a8-4183-8688-5be854f9a68c',1152),(1166,'https://firebasestorage.googleapis.com/v0/b/graduation-396ec.appspot.com/o/products%2F0.cobe70ta25p_B%C3%A0n%20Ph%C3%ADm%20C%C6%A1%20C%C3%B3%20D%C3%A2y%20Gaming%20Razer%20Huntsman%20Tournament%20Edition?alt=media&token=585b9f1e-f7ea-49d1-8061-377680603882',1152),(1167,'https://firebasestorage.googleapis.com/v0/b/graduation-396ec.appspot.com/o/products%2F0.a3p83pg3ft6_B%C3%A0n%20Ph%C3%ADm%20C%C6%A1%20C%C3%B3%20D%C3%A2y%20Gaming%20Razer%20Huntsman%20Tournament%20Edition?alt=media&token=f1abf928-4c4c-4079-b1fe-97937d2ee5d7',1152),(1168,'https://firebasestorage.googleapis.com/v0/b/graduation-396ec.appspot.com/o/products%2F0.ti7neq06j58_B%C3%A0n%20Ph%C3%ADm%20C%C6%A1%20C%C3%B3%20D%C3%A2y%20Gaming%20Razer%20Huntsman%20Tournament%20Edition?alt=media&token=1dc0efdd-81bd-461d-86d2-bc1cf7402623',1152),(1170,'https://firebasestorage.googleapis.com/v0/b/graduation-396ec.appspot.com/o/products%2F0.v1gpjkyb8ye_B%C3%A0n%20Ph%C3%ADm%20C%C6%A1%20C%C3%B3%20D%C3%A2y%20Gaming%20Razer%20BlackWidow%20V3?alt=media&token=5a63e636-3333-476a-bb94-da625ba8defa',1169),(1171,'https://firebasestorage.googleapis.com/v0/b/graduation-396ec.appspot.com/o/products%2F0.vcs29gd44_B%C3%A0n%20Ph%C3%ADm%20C%C6%A1%20C%C3%B3%20D%C3%A2y%20Gaming%20Razer%20BlackWidow%20V3?alt=media&token=863c8f54-4aef-473a-b235-7e5e2326e715',1169),(1172,'https://firebasestorage.googleapis.com/v0/b/graduation-396ec.appspot.com/o/products%2F0.xry76eqbiqi_B%C3%A0n%20Ph%C3%ADm%20C%C6%A1%20C%C3%B3%20D%C3%A2y%20Gaming%20Razer%20BlackWidow%20V3?alt=media&token=7de47ba2-182b-456c-9c39-820fdd5d6ba6',1169),(1173,'https://firebasestorage.googleapis.com/v0/b/graduation-396ec.appspot.com/o/products%2F0.1v17720buaii_B%C3%A0n%20Ph%C3%ADm%20C%C6%A1%20C%C3%B3%20D%C3%A2y%20Gaming%20Razer%20BlackWidow%20V3?alt=media&token=699abaf3-9e3e-4280-a0b4-552a83f2c806',1169),(1174,'https://firebasestorage.googleapis.com/v0/b/graduation-396ec.appspot.com/o/products%2F0.wk1rc90mxc_B%C3%A0n%20Ph%C3%ADm%20C%C6%A1%20C%C3%B3%20D%C3%A2y%20Gaming%20Razer%20BlackWidow%20V3?alt=media&token=baba7527-e289-4363-ac37-6e1c885afe77',1169),(1175,'https://firebasestorage.googleapis.com/v0/b/graduation-396ec.appspot.com/o/products%2F0.86wushh1sdf_B%C3%A0n%20Ph%C3%ADm%20C%C6%A1%20C%C3%B3%20D%C3%A2y%20Gaming%20Razer%20BlackWidow%20V3?alt=media&token=60a8dca5-f232-49dc-9ae3-20b1850ce264',1169),(1176,'https://firebasestorage.googleapis.com/v0/b/graduation-396ec.appspot.com/o/products%2F0.gld35fwa7ef_B%C3%A0n%20Ph%C3%ADm%20C%C6%A1%20C%C3%B3%20D%C3%A2y%20Gaming%20Razer%20BlackWidow%20V3?alt=media&token=22886db2-abdd-40b6-bdfa-004ef0f645df',1169),(1177,'https://firebasestorage.googleapis.com/v0/b/graduation-396ec.appspot.com/o/products%2F0.2rygjxtwzc5_B%C3%A0n%20Ph%C3%ADm%20C%C6%A1%20C%C3%B3%20D%C3%A2y%20Gaming%20Razer%20BlackWidow%20V3?alt=media&token=791ae3f6-c2bb-48a6-a00f-573e1aae98c8',1169),(1178,'https://firebasestorage.googleapis.com/v0/b/graduation-396ec.appspot.com/o/products%2F0.yeqlspnz0n_B%C3%A0n%20Ph%C3%ADm%20C%C6%A1%20C%C3%B3%20D%C3%A2y%20Gaming%20Razer%20BlackWidow%20V3?alt=media&token=0a2b3f50-cdfa-40d4-ba32-8fb9cfa3f9bd',1169),(1179,'https://firebasestorage.googleapis.com/v0/b/graduation-396ec.appspot.com/o/products%2F0.7cxjj5yjlcn_B%C3%A0n%20Ph%C3%ADm%20C%C6%A1%20C%C3%B3%20D%C3%A2y%20Gaming%20Razer%20BlackWidow%20V3?alt=media&token=3f7e9061-5ab4-4c0c-a3fe-57b0a0210f14',1169),(1180,'https://firebasestorage.googleapis.com/v0/b/graduation-396ec.appspot.com/o/products%2F0.xoctivme8o_B%C3%A0n%20Ph%C3%ADm%20C%C6%A1%20C%C3%B3%20D%C3%A2y%20Gaming%20Razer%20BlackWidow%20V3?alt=media&token=53f206d5-d2a8-43b0-acfc-261d12f60806',1169),(1181,'https://firebasestorage.googleapis.com/v0/b/graduation-396ec.appspot.com/o/products%2F0.m80c01dlrjg_B%C3%A0n%20Ph%C3%ADm%20C%C6%A1%20C%C3%B3%20D%C3%A2y%20Gaming%20Razer%20BlackWidow%20V3?alt=media&token=cef3bd85-74cb-485e-93c1-496aad566e11',1169),(1182,'https://firebasestorage.googleapis.com/v0/b/graduation-396ec.appspot.com/o/products%2F0.l01gma9omya_B%C3%A0n%20Ph%C3%ADm%20C%C6%A1%20C%C3%B3%20D%C3%A2y%20Gaming%20Razer%20BlackWidow%20V3?alt=media&token=67afd680-9089-4222-a5c0-6fd73e1bb246',1169),(1183,'https://firebasestorage.googleapis.com/v0/b/graduation-396ec.appspot.com/o/products%2F0.w7238z1pzi_B%C3%A0n%20Ph%C3%ADm%20C%C6%A1%20C%C3%B3%20D%C3%A2y%20Gaming%20Razer%20BlackWidow%20V3?alt=media&token=04e035b1-1f1c-41bd-bfe0-46c30ae5d7eb',1169),(1184,'https://firebasestorage.googleapis.com/v0/b/graduation-396ec.appspot.com/o/products%2F0.28byulootbs_B%C3%A0n%20Ph%C3%ADm%20C%C6%A1%20C%C3%B3%20D%C3%A2y%20Gaming%20Razer%20BlackWidow%20V3?alt=media&token=5bc8769f-1d06-47ac-ace2-22c6424b9d8e',1169),(1185,'https://firebasestorage.googleapis.com/v0/b/graduation-396ec.appspot.com/o/products%2F0.f9vsvwib24s_B%C3%A0n%20Ph%C3%ADm%20C%C6%A1%20C%C3%B3%20D%C3%A2y%20Gaming%20Razer%20BlackWidow%20V3?alt=media&token=ed74a447-a5e4-411c-a1f0-1fe570931f2e',1169),(1186,'https://firebasestorage.googleapis.com/v0/b/graduation-396ec.appspot.com/o/products%2F0.29vjtri0rbo_B%C3%A0n%20Ph%C3%ADm%20C%C6%A1%20C%C3%B3%20D%C3%A2y%20Gaming%20Razer%20BlackWidow%20V3?alt=media&token=b3ac2e97-a26a-49be-a408-03ffca403402',1169),(1188,'https://firebasestorage.googleapis.com/v0/b/graduation-396ec.appspot.com/o/products%2F0.kyw56e2isxo_B%C3%A0n%20Ph%C3%ADm%20C%C6%A1%20C%C3%B3%20D%C3%A2y%20Gaming%20Silent%20Razer%20BlackWidow%20Lite?alt=media&token=60502542-0ac4-4f42-8b08-b54ef5c5f446',1187),(1189,'https://firebasestorage.googleapis.com/v0/b/graduation-396ec.appspot.com/o/products%2F0.so5m5tsawug_B%C3%A0n%20Ph%C3%ADm%20C%C6%A1%20C%C3%B3%20D%C3%A2y%20Gaming%20Silent%20Razer%20BlackWidow%20Lite?alt=media&token=f6077ce0-01cf-4a88-ba09-1dce483cf44f',1187),(1190,'https://firebasestorage.googleapis.com/v0/b/graduation-396ec.appspot.com/o/products%2F0.252fxc90154_B%C3%A0n%20Ph%C3%ADm%20C%C6%A1%20C%C3%B3%20D%C3%A2y%20Gaming%20Silent%20Razer%20BlackWidow%20Lite?alt=media&token=fbd165c2-e7e0-4ce7-ab7f-09ca49d505ec',1187),(1191,'https://firebasestorage.googleapis.com/v0/b/graduation-396ec.appspot.com/o/products%2F0.jy3ibgmp05q_B%C3%A0n%20Ph%C3%ADm%20C%C6%A1%20C%C3%B3%20D%C3%A2y%20Gaming%20Silent%20Razer%20BlackWidow%20Lite?alt=media&token=95131358-9876-4335-9962-e5f715043448',1187),(1192,'https://firebasestorage.googleapis.com/v0/b/graduation-396ec.appspot.com/o/products%2F0.hyt1vjeta4_B%C3%A0n%20Ph%C3%ADm%20C%C6%A1%20C%C3%B3%20D%C3%A2y%20Gaming%20Silent%20Razer%20BlackWidow%20Lite?alt=media&token=2dd0f179-ba82-4286-a365-00ac4265f345',1187),(1193,'https://firebasestorage.googleapis.com/v0/b/graduation-396ec.appspot.com/o/products%2F0.qqwg89keap_B%C3%A0n%20Ph%C3%ADm%20C%C6%A1%20C%C3%B3%20D%C3%A2y%20Gaming%20Silent%20Razer%20BlackWidow%20Lite?alt=media&token=e3ad60cd-42ae-423e-b582-2be24fc22cfd',1187),(1194,'https://firebasestorage.googleapis.com/v0/b/graduation-396ec.appspot.com/o/products%2F0.ay3fsxypmbm_B%C3%A0n%20Ph%C3%ADm%20C%C6%A1%20C%C3%B3%20D%C3%A2y%20Gaming%20Silent%20Razer%20BlackWidow%20Lite?alt=media&token=d7fcb5b4-f6a3-4d58-a9e1-cddea5e1a9ee',1187),(1195,'https://firebasestorage.googleapis.com/v0/b/graduation-396ec.appspot.com/o/products%2F0.bpogq789f9b_B%C3%A0n%20Ph%C3%ADm%20C%C6%A1%20C%C3%B3%20D%C3%A2y%20Gaming%20Silent%20Razer%20BlackWidow%20Lite?alt=media&token=b0a11654-ba48-4bc1-ab9b-75a0dbb32ba7',1187),(1196,'https://firebasestorage.googleapis.com/v0/b/graduation-396ec.appspot.com/o/products%2F0.91895z9jdlg_B%C3%A0n%20Ph%C3%ADm%20C%C6%A1%20C%C3%B3%20D%C3%A2y%20Gaming%20Silent%20Razer%20BlackWidow%20Lite?alt=media&token=66875530-0979-49cc-b9d0-355d3c4e5613',1187),(1197,'https://firebasestorage.googleapis.com/v0/b/graduation-396ec.appspot.com/o/products%2F0.c6hsqxdtahh_B%C3%A0n%20Ph%C3%ADm%20C%C6%A1%20C%C3%B3%20D%C3%A2y%20Gaming%20Silent%20Razer%20BlackWidow%20Lite?alt=media&token=07a54fb5-0322-446d-b143-6241a28ec011',1187),(1198,'https://firebasestorage.googleapis.com/v0/b/graduation-396ec.appspot.com/o/products%2F0.x4qvjxwgufg_B%C3%A0n%20Ph%C3%ADm%20C%C6%A1%20C%C3%B3%20D%C3%A2y%20Gaming%20Silent%20Razer%20BlackWidow%20Lite?alt=media&token=46979bfd-a78c-4882-8547-ce8955e32db6',1187),(1199,'https://firebasestorage.googleapis.com/v0/b/graduation-396ec.appspot.com/o/products%2F0.rnpmvxla8p_B%C3%A0n%20Ph%C3%ADm%20C%C6%A1%20C%C3%B3%20D%C3%A2y%20Gaming%20Silent%20Razer%20BlackWidow%20Lite?alt=media&token=192e7efc-a739-4629-af16-f9a757473fb3',1187),(1200,'https://firebasestorage.googleapis.com/v0/b/graduation-396ec.appspot.com/o/products%2F0.ft818v8dvyk_B%C3%A0n%20Ph%C3%ADm%20C%C6%A1%20C%C3%B3%20D%C3%A2y%20Gaming%20Silent%20Razer%20BlackWidow%20Lite?alt=media&token=e7a782d1-3181-4b4d-858e-2e00d2728617',1187),(1201,'https://firebasestorage.googleapis.com/v0/b/graduation-396ec.appspot.com/o/products%2F0.18iyt3t856r_B%C3%A0n%20Ph%C3%ADm%20C%C6%A1%20C%C3%B3%20D%C3%A2y%20Gaming%20Silent%20Razer%20BlackWidow%20Lite?alt=media&token=91837cbc-8903-46ce-9c2c-e9a12d71febb',1187),(1202,'https://firebasestorage.googleapis.com/v0/b/graduation-396ec.appspot.com/o/products%2F0.ejjvzrdrp39_B%C3%A0n%20Ph%C3%ADm%20C%C6%A1%20C%C3%B3%20D%C3%A2y%20Gaming%20Silent%20Razer%20BlackWidow%20Lite?alt=media&token=2aeed270-93b9-4cae-81bf-f3b493d269d0',1187),(1203,'https://firebasestorage.googleapis.com/v0/b/graduation-396ec.appspot.com/o/products%2F0.xgsw7r04vi_B%C3%A0n%20Ph%C3%ADm%20C%C6%A1%20C%C3%B3%20D%C3%A2y%20Gaming%20Silent%20Razer%20BlackWidow%20Lite?alt=media&token=115610e8-5edb-466a-a72b-8b18105d10b8',1187),(1206,'https://firebasestorage.googleapis.com/v0/b/graduation-396ec.appspot.com/o/products%2F0.4en3qpuc02_B%C3%A0n%20Ph%C3%ADm%20C%C6%A1%20C%C3%B3%20D%C3%A2y%20Gaming%20Corsair%20K68%20RGB%20Mechanical%20%C4%90en?alt=media&token=abffac9e-75db-42ca-b37a-5413172cf0d4',1205),(1207,'https://firebasestorage.googleapis.com/v0/b/graduation-396ec.appspot.com/o/products%2F0.pms3lgsw7j_B%C3%A0n%20Ph%C3%ADm%20C%C6%A1%20C%C3%B3%20D%C3%A2y%20Gaming%20Corsair%20K68%20RGB%20Mechanical%20%C4%90en?alt=media&token=27685ebc-5cef-4140-9ffb-8294d0edd020',1205),(1208,'https://firebasestorage.googleapis.com/v0/b/graduation-396ec.appspot.com/o/products%2F0.z01jzjtecej_B%C3%A0n%20Ph%C3%ADm%20C%C6%A1%20C%C3%B3%20D%C3%A2y%20Gaming%20Corsair%20K68%20RGB%20Mechanical%20%C4%90en?alt=media&token=a1428946-c976-454b-8314-c896af5dd88e',1205),(1209,'https://firebasestorage.googleapis.com/v0/b/graduation-396ec.appspot.com/o/products%2F0.cy409tokkn6_B%C3%A0n%20Ph%C3%ADm%20C%C6%A1%20C%C3%B3%20D%C3%A2y%20Gaming%20Corsair%20K68%20RGB%20Mechanical%20%C4%90en?alt=media&token=293633b8-b819-44df-a98a-403d0f15f1d2',1205),(1210,'https://firebasestorage.googleapis.com/v0/b/graduation-396ec.appspot.com/o/products%2F0.oxrevxqazfg_B%C3%A0n%20Ph%C3%ADm%20C%C6%A1%20C%C3%B3%20D%C3%A2y%20Gaming%20Corsair%20K68%20RGB%20Mechanical%20%C4%90en?alt=media&token=fab7d0a1-241d-455e-8fd3-cd08235b90c6',1205),(1211,'https://firebasestorage.googleapis.com/v0/b/graduation-396ec.appspot.com/o/products%2F0.44a2lh3svt4_B%C3%A0n%20Ph%C3%ADm%20C%C6%A1%20C%C3%B3%20D%C3%A2y%20Gaming%20Corsair%20K68%20RGB%20Mechanical%20%C4%90en?alt=media&token=73d534d5-2b91-4d1c-860b-669a6edb1837',1205),(1212,'https://firebasestorage.googleapis.com/v0/b/graduation-396ec.appspot.com/o/products%2F0.cwfu4sh4via_B%C3%A0n%20Ph%C3%ADm%20C%C6%A1%20C%C3%B3%20D%C3%A2y%20Gaming%20Corsair%20K68%20RGB%20Mechanical%20%C4%90en?alt=media&token=f1aeb586-570a-4217-bde3-edca7a884ac8',1205),(1213,'https://firebasestorage.googleapis.com/v0/b/graduation-396ec.appspot.com/o/products%2F0.z5otw19634s_B%C3%A0n%20Ph%C3%ADm%20C%C6%A1%20C%C3%B3%20D%C3%A2y%20Gaming%20Corsair%20K68%20RGB%20Mechanical%20%C4%90en?alt=media&token=ea8aeef8-d593-4910-8a3f-73bf021db074',1205),(1214,'https://firebasestorage.googleapis.com/v0/b/graduation-396ec.appspot.com/o/products%2F0.m33pdme3aug_B%C3%A0n%20Ph%C3%ADm%20C%C6%A1%20C%C3%B3%20D%C3%A2y%20Gaming%20Corsair%20K68%20RGB%20Mechanical%20%C4%90en?alt=media&token=8f226d2a-c609-4bc2-b44e-6e0eea6d5f8d',1205),(1215,'https://firebasestorage.googleapis.com/v0/b/graduation-396ec.appspot.com/o/products%2F0.njzjc3eqs6t_B%C3%A0n%20Ph%C3%ADm%20C%C6%A1%20C%C3%B3%20D%C3%A2y%20Gaming%20Corsair%20K68%20RGB%20Mechanical%20%C4%90en?alt=media&token=79cc6a06-3e79-40d5-b452-43978ab53c23',1205),(1216,'https://firebasestorage.googleapis.com/v0/b/graduation-396ec.appspot.com/o/products%2F0.n4dojckgyp_B%C3%A0n%20Ph%C3%ADm%20C%C6%A1%20C%C3%B3%20D%C3%A2y%20Gaming%20Corsair%20K68%20RGB%20Mechanical%20%C4%90en?alt=media&token=1c3b3fde-31bc-4b1a-9134-bd0adf0fda18',1205),(1217,'https://firebasestorage.googleapis.com/v0/b/graduation-396ec.appspot.com/o/products%2F0.lmgyk78gjxr_B%C3%A0n%20Ph%C3%ADm%20C%C6%A1%20C%C3%B3%20D%C3%A2y%20Gaming%20Corsair%20K68%20RGB%20Mechanical%20%C4%90en?alt=media&token=d7b3e032-0d71-42ca-acbb-e4e61603ae15',1205),(1218,'https://firebasestorage.googleapis.com/v0/b/graduation-396ec.appspot.com/o/products%2F0.7bop5peormm_B%C3%A0n%20Ph%C3%ADm%20C%C6%A1%20C%C3%B3%20D%C3%A2y%20Gaming%20Corsair%20K68%20RGB%20Mechanical%20%C4%90en?alt=media&token=d064a831-c672-431c-98ef-fabe63cc30dd',1205),(1219,'https://firebasestorage.googleapis.com/v0/b/graduation-396ec.appspot.com/o/products%2F0.zbqyc1oiso_B%C3%A0n%20Ph%C3%ADm%20C%C6%A1%20C%C3%B3%20D%C3%A2y%20Gaming%20Corsair%20K68%20RGB%20Mechanical%20%C4%90en?alt=media&token=a1327da4-6ccd-4013-9b7b-faa94171aeac',1205),(1220,'https://firebasestorage.googleapis.com/v0/b/graduation-396ec.appspot.com/o/products%2F0.xiq3c3apbnm_B%C3%A0n%20Ph%C3%ADm%20C%C6%A1%20C%C3%B3%20D%C3%A2y%20Gaming%20Corsair%20K68%20RGB%20Mechanical%20%C4%90en?alt=media&token=f599f92e-287d-4283-9ed2-79dcb2a585ee',1205),(1221,'https://firebasestorage.googleapis.com/v0/b/graduation-396ec.appspot.com/o/products%2F0.7r6h5hi3jrp_B%C3%A0n%20Ph%C3%ADm%20C%C6%A1%20C%C3%B3%20D%C3%A2y%20Gaming%20Corsair%20K68%20RGB%20Mechanical%20%C4%90en?alt=media&token=b439efa7-fb18-4e3b-aac4-36089ca58b87',1205),(1223,'https://firebasestorage.googleapis.com/v0/b/graduation-396ec.appspot.com/o/products%2F0.4px55y9rbw_B%C3%A0n%20Ph%C3%ADm%20C%C6%A1%20C%C3%B3%20D%C3%A2y%20Gaming%20Corsair%20K63%20Compact%20Mechanical%20%C4%90en?alt=media&token=f34067c3-3cf9-47a2-a132-0799d38f736b',1222),(1224,'https://firebasestorage.googleapis.com/v0/b/graduation-396ec.appspot.com/o/products%2F0.50fc3yoyz5c_B%C3%A0n%20Ph%C3%ADm%20C%C6%A1%20C%C3%B3%20D%C3%A2y%20Gaming%20Corsair%20K63%20Compact%20Mechanical%20%C4%90en?alt=media&token=46047f46-07d2-4ea2-b553-5d3e8e1d2d92',1222),(1225,'https://firebasestorage.googleapis.com/v0/b/graduation-396ec.appspot.com/o/products%2F0.emtp6wxl0h7_B%C3%A0n%20Ph%C3%ADm%20C%C6%A1%20C%C3%B3%20D%C3%A2y%20Gaming%20Corsair%20K63%20Compact%20Mechanical%20%C4%90en?alt=media&token=f9d11b89-3da2-4536-83fc-4b643f595adf',1222),(1226,'https://firebasestorage.googleapis.com/v0/b/graduation-396ec.appspot.com/o/products%2F0.6fidh7hmguy_B%C3%A0n%20Ph%C3%ADm%20C%C6%A1%20C%C3%B3%20D%C3%A2y%20Gaming%20Corsair%20K63%20Compact%20Mechanical%20%C4%90en?alt=media&token=df354d77-58a8-4cd8-a139-e0762ccd6854',1222),(1227,'https://firebasestorage.googleapis.com/v0/b/graduation-396ec.appspot.com/o/products%2F0.zl3vtkwvdsm_B%C3%A0n%20Ph%C3%ADm%20C%C6%A1%20C%C3%B3%20D%C3%A2y%20Gaming%20Corsair%20K63%20Compact%20Mechanical%20%C4%90en?alt=media&token=94ccacbe-9479-444c-9550-66836568ab53',1222),(1228,'https://firebasestorage.googleapis.com/v0/b/graduation-396ec.appspot.com/o/products%2F0.3g1dr5mdgix_B%C3%A0n%20Ph%C3%ADm%20C%C6%A1%20C%C3%B3%20D%C3%A2y%20Gaming%20Corsair%20K63%20Compact%20Mechanical%20%C4%90en?alt=media&token=8ccbf797-1015-40ac-9276-8bbd57621827',1222),(1229,'https://firebasestorage.googleapis.com/v0/b/graduation-396ec.appspot.com/o/products%2F0.yn7uq32bbbq_B%C3%A0n%20Ph%C3%ADm%20C%C6%A1%20C%C3%B3%20D%C3%A2y%20Gaming%20Corsair%20K63%20Compact%20Mechanical%20%C4%90en?alt=media&token=c56e0c7a-a60f-4334-988e-06d40382dd37',1222),(1230,'https://firebasestorage.googleapis.com/v0/b/graduation-396ec.appspot.com/o/products%2F0.u81tlvmd9lo_B%C3%A0n%20Ph%C3%ADm%20C%C6%A1%20C%C3%B3%20D%C3%A2y%20Gaming%20Corsair%20K63%20Compact%20Mechanical%20%C4%90en?alt=media&token=523065ee-be9f-4f0d-9161-f51a32935b63',1222),(1231,'https://firebasestorage.googleapis.com/v0/b/graduation-396ec.appspot.com/o/products%2F0.bot7r3p048r_B%C3%A0n%20Ph%C3%ADm%20C%C6%A1%20C%C3%B3%20D%C3%A2y%20Gaming%20Corsair%20K63%20Compact%20Mechanical%20%C4%90en?alt=media&token=1846bec0-9144-4696-8e95-f6f620cb3e5a',1222),(1232,'https://firebasestorage.googleapis.com/v0/b/graduation-396ec.appspot.com/o/products%2F0.a0kkr84gtyf_B%C3%A0n%20Ph%C3%ADm%20C%C6%A1%20C%C3%B3%20D%C3%A2y%20Gaming%20Corsair%20K63%20Compact%20Mechanical%20%C4%90en?alt=media&token=cfc0c4f4-24c8-45f8-b961-00b63684be48',1222),(1233,'https://firebasestorage.googleapis.com/v0/b/graduation-396ec.appspot.com/o/products%2F0.gatx7cwpp5s_B%C3%A0n%20Ph%C3%ADm%20C%C6%A1%20C%C3%B3%20D%C3%A2y%20Gaming%20Corsair%20K63%20Compact%20Mechanical%20%C4%90en?alt=media&token=5e77f740-f01c-4f8c-90f1-fc101089bd26',1222),(1234,'https://firebasestorage.googleapis.com/v0/b/graduation-396ec.appspot.com/o/products%2F0.qo2jdayvkgs_B%C3%A0n%20Ph%C3%ADm%20C%C6%A1%20C%C3%B3%20D%C3%A2y%20Gaming%20Corsair%20K63%20Compact%20Mechanical%20%C4%90en?alt=media&token=5ea54a26-0ab8-4c77-be07-bfade134e05c',1222),(1235,'https://firebasestorage.googleapis.com/v0/b/graduation-396ec.appspot.com/o/products%2F0.keomx2yr2cf_B%C3%A0n%20Ph%C3%ADm%20C%C6%A1%20C%C3%B3%20D%C3%A2y%20Gaming%20Corsair%20K63%20Compact%20Mechanical%20%C4%90en?alt=media&token=641c8e73-6bb4-4bf8-ae1a-c65e9897dbad',1222),(1236,'https://firebasestorage.googleapis.com/v0/b/graduation-396ec.appspot.com/o/products%2F0.92hreeje3uv_B%C3%A0n%20Ph%C3%ADm%20C%C6%A1%20C%C3%B3%20D%C3%A2y%20Gaming%20Corsair%20K63%20Compact%20Mechanical%20%C4%90en?alt=media&token=78ee8a11-281d-4c54-bf19-116bc6ce8a7e',1222),(1237,'https://firebasestorage.googleapis.com/v0/b/graduation-396ec.appspot.com/o/products%2F0.ye48jifs0rc_B%C3%A0n%20Ph%C3%ADm%20C%C6%A1%20C%C3%B3%20D%C3%A2y%20Gaming%20Corsair%20K63%20Compact%20Mechanical%20%C4%90en?alt=media&token=4040cbb9-a895-4ff3-80f4-dde3f90b9191',1222),(1239,'https://firebasestorage.googleapis.com/v0/b/graduation-396ec.appspot.com/o/products%2F0.8c62qkmfaia_Adapter%20S%E1%BA%A1c%20Type%20C%2020W%20d%C3%B9ng%20cho%20iPhone%2FiPad%20Apple%20MHJE3%20Tr%E1%BA%AFng?alt=media&token=278ae89b-8975-49d8-9f87-10e255f476a6',1238),(1240,'https://firebasestorage.googleapis.com/v0/b/graduation-396ec.appspot.com/o/products%2F0.1kvfdxa8t9t_Adapter%20S%E1%BA%A1c%20Type%20C%2020W%20d%C3%B9ng%20cho%20iPhone%2FiPad%20Apple%20MHJE3%20Tr%E1%BA%AFng?alt=media&token=52d95232-d64c-4a5b-8c66-42d3d2acd144',1238),(1241,'https://firebasestorage.googleapis.com/v0/b/graduation-396ec.appspot.com/o/products%2F0.xcihar4qjl_Adapter%20S%E1%BA%A1c%20Type%20C%2020W%20d%C3%B9ng%20cho%20iPhone%2FiPad%20Apple%20MHJE3%20Tr%E1%BA%AFng?alt=media&token=3c8f9563-6040-45b9-99ee-0ac0b85a48fc',1238),(1242,'https://firebasestorage.googleapis.com/v0/b/graduation-396ec.appspot.com/o/products%2F0.tos702admee_Adapter%20S%E1%BA%A1c%20Type%20C%2020W%20d%C3%B9ng%20cho%20iPhone%2FiPad%20Apple%20MHJE3%20Tr%E1%BA%AFng?alt=media&token=a4248fc7-ed53-4a3e-ad87-f36aeb0d0791',1238),(1243,'https://firebasestorage.googleapis.com/v0/b/graduation-396ec.appspot.com/o/products%2F0.b8jig7tcgsm_Adapter%20S%E1%BA%A1c%20Type%20C%2020W%20d%C3%B9ng%20cho%20iPhone%2FiPad%20Apple%20MHJE3%20Tr%E1%BA%AFng?alt=media&token=5f29979c-90c0-4b05-80ea-cf8f9adcea61',1238),(1245,'https://firebasestorage.googleapis.com/v0/b/graduation-396ec.appspot.com/o/products%2F0.fxt5ogkvna_C%C3%A1p%20Type%20C%20-%20Lightning%201m%20Apple%20MM0A3%20Tr%E1%BA%AFng?alt=media&token=3839f1c9-6672-40f1-ab1b-71a469346d7c',1244),(1246,'https://firebasestorage.googleapis.com/v0/b/graduation-396ec.appspot.com/o/products%2F0.p99q9wg0w98_C%C3%A1p%20Type%20C%20-%20Lightning%201m%20Apple%20MM0A3%20Tr%E1%BA%AFng?alt=media&token=d99321d6-6a44-4947-a050-c07c18cb2f42',1244),(1247,'https://firebasestorage.googleapis.com/v0/b/graduation-396ec.appspot.com/o/products%2F0.jvoeiq43ra8_C%C3%A1p%20Type%20C%20-%20Lightning%201m%20Apple%20MM0A3%20Tr%E1%BA%AFng?alt=media&token=3ac61acf-9f45-4c11-814f-d93538544728',1244),(1248,'https://firebasestorage.googleapis.com/v0/b/graduation-396ec.appspot.com/o/products%2F0.yfrggze49s_C%C3%A1p%20Type%20C%20-%20Lightning%201m%20Apple%20MM0A3%20Tr%E1%BA%AFng?alt=media&token=11ca074f-81ae-4027-9c8d-20a73d2270ab',1244),(1249,'https://firebasestorage.googleapis.com/v0/b/graduation-396ec.appspot.com/o/products%2F0.5mgby9rd7ii_C%C3%A1p%20Type%20C%20-%20Lightning%201m%20Apple%20MM0A3%20Tr%E1%BA%AFng?alt=media&token=2c4a3b09-1dfa-4fcc-a9f9-05df3565d468',1244),(1250,'https://firebasestorage.googleapis.com/v0/b/graduation-396ec.appspot.com/o/products%2F0.59zep3d432_C%C3%A1p%20Type%20C%20-%20Lightning%201m%20Apple%20MM0A3%20Tr%E1%BA%AFng?alt=media&token=628ce991-450d-4881-b6ab-f85613154cc1',1244),(1252,'https://firebasestorage.googleapis.com/v0/b/graduation-396ec.appspot.com/o/products%2F0.krencn3v49_B%C3%A0n%20Ph%C3%ADm%20Kh%C3%B4ng%20D%C3%A2y%20Bluetooth%20Logitech%20K580?alt=media&token=b2994b77-198e-4be7-ad3e-7eb4aa0cbc02',1251),(1253,'https://firebasestorage.googleapis.com/v0/b/graduation-396ec.appspot.com/o/products%2F0.abxrq8f9xfs_B%C3%A0n%20Ph%C3%ADm%20Kh%C3%B4ng%20D%C3%A2y%20Bluetooth%20Logitech%20K580?alt=media&token=476fa470-7dc4-4b71-bc62-6ea2b6244838',1251),(1254,'https://firebasestorage.googleapis.com/v0/b/graduation-396ec.appspot.com/o/products%2F0.81zd1lmgjto_B%C3%A0n%20Ph%C3%ADm%20Kh%C3%B4ng%20D%C3%A2y%20Bluetooth%20Logitech%20K580?alt=media&token=f3c5c1b9-bdc8-4a42-a043-5e961f851e41',1251),(1255,'https://firebasestorage.googleapis.com/v0/b/graduation-396ec.appspot.com/o/products%2F0.wwx160afdcr_B%C3%A0n%20Ph%C3%ADm%20Kh%C3%B4ng%20D%C3%A2y%20Bluetooth%20Logitech%20K580?alt=media&token=2b352ee9-9a51-4547-84c8-6681e8ad490a',1251),(1256,'https://firebasestorage.googleapis.com/v0/b/graduation-396ec.appspot.com/o/products%2F0.kr7fbb3lrb_B%C3%A0n%20Ph%C3%ADm%20Kh%C3%B4ng%20D%C3%A2y%20Bluetooth%20Logitech%20K580?alt=media&token=97d6e2ec-29f8-4f82-9c88-59aafa4cb192',1251),(1257,'https://firebasestorage.googleapis.com/v0/b/graduation-396ec.appspot.com/o/products%2F0.knu9ccu1hbb_B%C3%A0n%20Ph%C3%ADm%20Kh%C3%B4ng%20D%C3%A2y%20Bluetooth%20Logitech%20K580?alt=media&token=3d71e962-10b8-4dd6-b916-6167d1c592aa',1251),(1258,'https://firebasestorage.googleapis.com/v0/b/graduation-396ec.appspot.com/o/products%2F0.65dl6ld0t03_B%C3%A0n%20Ph%C3%ADm%20Kh%C3%B4ng%20D%C3%A2y%20Bluetooth%20Logitech%20K580?alt=media&token=17c80df4-b61f-4e39-9b4d-33ea725910ac',1251),(1259,'https://firebasestorage.googleapis.com/v0/b/graduation-396ec.appspot.com/o/products%2F0.99ykyc5ww2_B%C3%A0n%20Ph%C3%ADm%20Kh%C3%B4ng%20D%C3%A2y%20Bluetooth%20Logitech%20K580?alt=media&token=38edee2f-06b9-4e2f-94b8-cf270b975594',1251),(1260,'https://firebasestorage.googleapis.com/v0/b/graduation-396ec.appspot.com/o/products%2F0.27iyy5a3ewn_B%C3%A0n%20Ph%C3%ADm%20Kh%C3%B4ng%20D%C3%A2y%20Bluetooth%20Logitech%20K580?alt=media&token=8579841f-debe-4d55-8773-e392b10742d7',1251),(1261,'https://firebasestorage.googleapis.com/v0/b/graduation-396ec.appspot.com/o/products%2F0.662ga4hbkh4_B%C3%A0n%20Ph%C3%ADm%20Kh%C3%B4ng%20D%C3%A2y%20Bluetooth%20Logitech%20K580?alt=media&token=75ac25fc-e02c-4d40-999d-01a589a3138c',1251),(1262,'https://firebasestorage.googleapis.com/v0/b/graduation-396ec.appspot.com/o/products%2F0.foiterqeek_B%C3%A0n%20Ph%C3%ADm%20Kh%C3%B4ng%20D%C3%A2y%20Bluetooth%20Logitech%20K580?alt=media&token=a464fe0c-9f7c-4562-a67f-2ded431a80ab',1251),(1263,'https://firebasestorage.googleapis.com/v0/b/graduation-396ec.appspot.com/o/products%2F0.3q37mcoi69a_B%C3%A0n%20Ph%C3%ADm%20Kh%C3%B4ng%20D%C3%A2y%20Bluetooth%20Logitech%20K580?alt=media&token=fe4ebbd4-107c-45f6-bfa0-3b1954110498',1251),(1264,'https://firebasestorage.googleapis.com/v0/b/graduation-396ec.appspot.com/o/products%2F0.tq24my399y_B%C3%A0n%20Ph%C3%ADm%20Kh%C3%B4ng%20D%C3%A2y%20Bluetooth%20Logitech%20K580?alt=media&token=d88fdffd-0b0b-4811-b17f-6377b5c345f6',1251),(1265,'https://firebasestorage.googleapis.com/v0/b/graduation-396ec.appspot.com/o/products%2F0.m1w6kpnxd_B%C3%A0n%20Ph%C3%ADm%20Kh%C3%B4ng%20D%C3%A2y%20Bluetooth%20Logitech%20K580?alt=media&token=2e5f46f5-02fa-498e-b486-e304b2bf47d1',1251),(1266,'https://firebasestorage.googleapis.com/v0/b/graduation-396ec.appspot.com/o/products%2F0.jeg5sjpjmzp_B%C3%A0n%20Ph%C3%ADm%20Kh%C3%B4ng%20D%C3%A2y%20Bluetooth%20Logitech%20K580?alt=media&token=6e5491db-ca2e-4643-8f60-f2d90e6620ad',1251),(1267,'https://firebasestorage.googleapis.com/v0/b/graduation-396ec.appspot.com/o/products%2F0.7ab1qw3yqfm_B%C3%A0n%20Ph%C3%ADm%20Kh%C3%B4ng%20D%C3%A2y%20Bluetooth%20Logitech%20K580?alt=media&token=83f669ab-3e2b-4814-9a89-024cd7125dc6',1251),(1268,'https://firebasestorage.googleapis.com/v0/b/graduation-396ec.appspot.com/o/products%2F0.akhp36lqpwm_B%C3%A0n%20Ph%C3%ADm%20Kh%C3%B4ng%20D%C3%A2y%20Bluetooth%20Logitech%20K580?alt=media&token=26711483-625e-410f-b353-1d801c56d4a0',1251),(1269,'https://firebasestorage.googleapis.com/v0/b/graduation-396ec.appspot.com/o/products%2F0.kjng50s0yhj_B%C3%A0n%20Ph%C3%ADm%20Kh%C3%B4ng%20D%C3%A2y%20Bluetooth%20Logitech%20K580?alt=media&token=ba56991d-1b60-4f03-952c-73bb2256a817',1251),(1270,'https://firebasestorage.googleapis.com/v0/b/graduation-396ec.appspot.com/o/products%2F0.p5oeofgusso_B%C3%A0n%20Ph%C3%ADm%20Kh%C3%B4ng%20D%C3%A2y%20Bluetooth%20Logitech%20K580?alt=media&token=fa80069e-81e2-42c1-bcdd-3faa59a8d336',1251),(1271,'https://firebasestorage.googleapis.com/v0/b/graduation-396ec.appspot.com/o/products%2F0.e0m596nw4hb_B%C3%A0n%20Ph%C3%ADm%20Kh%C3%B4ng%20D%C3%A2y%20Bluetooth%20Logitech%20K580?alt=media&token=fc0af548-3cc5-4d19-8e04-c898166c1fd0',1251),(1272,'https://firebasestorage.googleapis.com/v0/b/graduation-396ec.appspot.com/o/products%2F0.bqq6lpbbon4_B%C3%A0n%20Ph%C3%ADm%20Kh%C3%B4ng%20D%C3%A2y%20Bluetooth%20Logitech%20K580?alt=media&token=004e0877-6a1c-4646-b75a-0b1aa18e7204',1251),(1273,'https://firebasestorage.googleapis.com/v0/b/graduation-396ec.appspot.com/o/products%2F0.dlqt90vkg2p_B%C3%A0n%20Ph%C3%ADm%20Kh%C3%B4ng%20D%C3%A2y%20Bluetooth%20Logitech%20K580?alt=media&token=99d45417-f977-4f4f-8590-ecf444cd36ff',1251),(1274,'https://firebasestorage.googleapis.com/v0/b/graduation-396ec.appspot.com/o/products%2F0.sfiv6und64_B%C3%A0n%20Ph%C3%ADm%20Kh%C3%B4ng%20D%C3%A2y%20Bluetooth%20Logitech%20K580?alt=media&token=ef69b1b7-cd6c-4562-9564-793d75605218',1251),(1275,'https://firebasestorage.googleapis.com/v0/b/graduation-396ec.appspot.com/o/products%2F0.vw13zn5yggd_B%C3%A0n%20Ph%C3%ADm%20Kh%C3%B4ng%20D%C3%A2y%20Bluetooth%20Logitech%20K580?alt=media&token=81b6bf75-1971-449f-847a-7c6a69f408fd',1251),(1276,'https://firebasestorage.googleapis.com/v0/b/graduation-396ec.appspot.com/o/products%2F0.0mcd1mn17do_B%C3%A0n%20Ph%C3%ADm%20Kh%C3%B4ng%20D%C3%A2y%20Bluetooth%20Logitech%20K580?alt=media&token=6f152fb0-cc35-4d8a-a120-a1cb7f941775',1251),(1277,'https://firebasestorage.googleapis.com/v0/b/graduation-396ec.appspot.com/o/products%2F0.feddootsmx_B%C3%A0n%20Ph%C3%ADm%20Kh%C3%B4ng%20D%C3%A2y%20Bluetooth%20Logitech%20K580?alt=media&token=a6ead0f7-e9bc-475a-8933-41a3500f3530',1251),(1278,'https://firebasestorage.googleapis.com/v0/b/graduation-396ec.appspot.com/o/products%2F0.ix2i6wc75h_B%C3%A0n%20Ph%C3%ADm%20Kh%C3%B4ng%20D%C3%A2y%20Bluetooth%20Logitech%20K580?alt=media&token=411af71d-38de-48a0-9492-59d993c0a8b0',1251),(1279,'https://firebasestorage.googleapis.com/v0/b/graduation-396ec.appspot.com/o/products%2F0.s3mg5jimo4c_B%C3%A0n%20Ph%C3%ADm%20Kh%C3%B4ng%20D%C3%A2y%20Bluetooth%20Logitech%20K580?alt=media&token=3d40c799-5f42-476d-9ff8-ae15a434007d',1251),(1280,'https://firebasestorage.googleapis.com/v0/b/graduation-396ec.appspot.com/o/products%2F0.4pswx7hm9ht_B%C3%A0n%20Ph%C3%ADm%20Kh%C3%B4ng%20D%C3%A2y%20Bluetooth%20Logitech%20K580?alt=media&token=39389ab7-3fbb-4b5d-aa3f-fd9061a6423b',1251),(1281,'https://firebasestorage.googleapis.com/v0/b/graduation-396ec.appspot.com/o/products%2F0.g47vjwag7as_B%C3%A0n%20Ph%C3%ADm%20Kh%C3%B4ng%20D%C3%A2y%20Bluetooth%20Logitech%20K580?alt=media&token=7068648c-1c0f-4c5b-b3ab-5faac9eaf1be',1251),(1282,'https://firebasestorage.googleapis.com/v0/b/graduation-396ec.appspot.com/o/products%2F0.ed1pkjxli7q_B%C3%A0n%20Ph%C3%ADm%20Kh%C3%B4ng%20D%C3%A2y%20Bluetooth%20Logitech%20K580?alt=media&token=015c2009-3fb8-4a66-a838-e62682bea4e1',1251),(1283,'https://firebasestorage.googleapis.com/v0/b/graduation-396ec.appspot.com/o/products%2F0.nsj0cddttn9_B%C3%A0n%20Ph%C3%ADm%20Kh%C3%B4ng%20D%C3%A2y%20Bluetooth%20Logitech%20K580?alt=media&token=a9e5c778-f424-4f6e-a87d-2ba485b1dbec',1251),(1284,'https://firebasestorage.googleapis.com/v0/b/graduation-396ec.appspot.com/o/products%2F0.0m0gfn9ojy7a_B%C3%A0n%20Ph%C3%ADm%20Kh%C3%B4ng%20D%C3%A2y%20Bluetooth%20Logitech%20K580?alt=media&token=04fc60b1-632a-45e8-9262-3c22a30a4e7c',1251),(1285,'https://firebasestorage.googleapis.com/v0/b/graduation-396ec.appspot.com/o/products%2F0.lc000wfc6r8_B%C3%A0n%20Ph%C3%ADm%20Kh%C3%B4ng%20D%C3%A2y%20Bluetooth%20Logitech%20K580?alt=media&token=390ead8b-93c1-4410-90e2-de4b394d4759',1251),(1286,'https://firebasestorage.googleapis.com/v0/b/graduation-396ec.appspot.com/o/products%2F0.bm23s4udwcg_B%C3%A0n%20Ph%C3%ADm%20Kh%C3%B4ng%20D%C3%A2y%20Bluetooth%20Logitech%20K580?alt=media&token=53c0a086-6ab1-4e25-8949-425edd4983e8',1251),(1287,'https://firebasestorage.googleapis.com/v0/b/graduation-396ec.appspot.com/o/products%2F0.edfla7bq8sb_B%C3%A0n%20Ph%C3%ADm%20Kh%C3%B4ng%20D%C3%A2y%20Bluetooth%20Logitech%20K580?alt=media&token=28debdf0-4051-417f-aa51-db2d9c5caebf',1251),(1288,'https://firebasestorage.googleapis.com/v0/b/graduation-396ec.appspot.com/o/products%2F0.vzyyvkcf5pd_B%C3%A0n%20Ph%C3%ADm%20Kh%C3%B4ng%20D%C3%A2y%20Bluetooth%20Logitech%20K580?alt=media&token=2698723f-19a8-4a01-a381-590fbc0e4194',1251),(1290,'https://firebasestorage.googleapis.com/v0/b/graduation-396ec.appspot.com/o/products%2F0.4op272zp5nd_B%E1%BB%99%20B%C3%A0n%20Ph%C3%ADm%20Chu%E1%BB%99t%20Kh%C3%B4ng%20D%C3%A2y%20Bluetooth%20Rapoo%208000M?alt=media&token=544a22f0-dd33-4d6c-8d4c-d9d4fd9d0e89',1289),(1291,'https://firebasestorage.googleapis.com/v0/b/graduation-396ec.appspot.com/o/products%2F0.y0hee2foi4q_B%E1%BB%99%20B%C3%A0n%20Ph%C3%ADm%20Chu%E1%BB%99t%20Kh%C3%B4ng%20D%C3%A2y%20Bluetooth%20Rapoo%208000M?alt=media&token=894f9fd1-8eed-4a25-96b4-e5cd12facd58',1289),(1292,'https://firebasestorage.googleapis.com/v0/b/graduation-396ec.appspot.com/o/products%2F0.k6hg1tbdyf_B%E1%BB%99%20B%C3%A0n%20Ph%C3%ADm%20Chu%E1%BB%99t%20Kh%C3%B4ng%20D%C3%A2y%20Bluetooth%20Rapoo%208000M?alt=media&token=c6397075-e5a1-43a3-966e-a37d5a2428ba',1289),(1293,'https://firebasestorage.googleapis.com/v0/b/graduation-396ec.appspot.com/o/products%2F0.ssu0hetex1n_B%E1%BB%99%20B%C3%A0n%20Ph%C3%ADm%20Chu%E1%BB%99t%20Kh%C3%B4ng%20D%C3%A2y%20Bluetooth%20Rapoo%208000M?alt=media&token=3b094cbb-a583-4742-8e58-7c1c6eb87178',1289),(1294,'https://firebasestorage.googleapis.com/v0/b/graduation-396ec.appspot.com/o/products%2F0.hd739yrr9j_B%E1%BB%99%20B%C3%A0n%20Ph%C3%ADm%20Chu%E1%BB%99t%20Kh%C3%B4ng%20D%C3%A2y%20Bluetooth%20Rapoo%208000M?alt=media&token=0d09b803-3cb4-42a6-8673-64df82f2e1f2',1289),(1295,'https://firebasestorage.googleapis.com/v0/b/graduation-396ec.appspot.com/o/products%2F0.zunku19l5fq_B%E1%BB%99%20B%C3%A0n%20Ph%C3%ADm%20Chu%E1%BB%99t%20Kh%C3%B4ng%20D%C3%A2y%20Bluetooth%20Rapoo%208000M?alt=media&token=b68f9b15-346e-4def-ad13-571effdd6735',1289),(1296,'https://firebasestorage.googleapis.com/v0/b/graduation-396ec.appspot.com/o/products%2F0.y5p753ehu3q_B%E1%BB%99%20B%C3%A0n%20Ph%C3%ADm%20Chu%E1%BB%99t%20Kh%C3%B4ng%20D%C3%A2y%20Bluetooth%20Rapoo%208000M?alt=media&token=4c013009-a344-4485-814b-0e200ff4835c',1289),(1297,'https://firebasestorage.googleapis.com/v0/b/graduation-396ec.appspot.com/o/products%2F0.v0fy9r3rdis_B%E1%BB%99%20B%C3%A0n%20Ph%C3%ADm%20Chu%E1%BB%99t%20Kh%C3%B4ng%20D%C3%A2y%20Bluetooth%20Rapoo%208000M?alt=media&token=57308f73-fca1-4725-a1e9-ac8ddc41ca04',1289),(1298,'https://firebasestorage.googleapis.com/v0/b/graduation-396ec.appspot.com/o/products%2F0.jci5njk0es8_B%E1%BB%99%20B%C3%A0n%20Ph%C3%ADm%20Chu%E1%BB%99t%20Kh%C3%B4ng%20D%C3%A2y%20Bluetooth%20Rapoo%208000M?alt=media&token=16273185-6f4c-4ef2-9c1f-6b07828eacd3',1289),(1299,'https://firebasestorage.googleapis.com/v0/b/graduation-396ec.appspot.com/o/products%2F0.uiie3rxlvf_B%E1%BB%99%20B%C3%A0n%20Ph%C3%ADm%20Chu%E1%BB%99t%20Kh%C3%B4ng%20D%C3%A2y%20Bluetooth%20Rapoo%208000M?alt=media&token=9fe2e35f-11a0-406b-86d5-bc8fbb477775',1289),(1300,'https://firebasestorage.googleapis.com/v0/b/graduation-396ec.appspot.com/o/products%2F0.g031tdvc8i_B%E1%BB%99%20B%C3%A0n%20Ph%C3%ADm%20Chu%E1%BB%99t%20Kh%C3%B4ng%20D%C3%A2y%20Bluetooth%20Rapoo%208000M?alt=media&token=f75597b5-0a65-47f2-805f-657761f6fae4',1289),(1301,'https://firebasestorage.googleapis.com/v0/b/graduation-396ec.appspot.com/o/products%2F0.p9pe9ur1hoa_B%E1%BB%99%20B%C3%A0n%20Ph%C3%ADm%20Chu%E1%BB%99t%20Kh%C3%B4ng%20D%C3%A2y%20Bluetooth%20Rapoo%208000M?alt=media&token=0f54377e-ec0a-4ea3-931f-3cac9feeb797',1289),(1302,'https://firebasestorage.googleapis.com/v0/b/graduation-396ec.appspot.com/o/products%2F0.5bm3oqzgh7h_B%E1%BB%99%20B%C3%A0n%20Ph%C3%ADm%20Chu%E1%BB%99t%20Kh%C3%B4ng%20D%C3%A2y%20Bluetooth%20Rapoo%208000M?alt=media&token=fb4b1ca3-efc6-4513-af7e-595a578154c8',1289),(1303,'https://firebasestorage.googleapis.com/v0/b/graduation-396ec.appspot.com/o/products%2F0.c1tbcpipurg_B%E1%BB%99%20B%C3%A0n%20Ph%C3%ADm%20Chu%E1%BB%99t%20Kh%C3%B4ng%20D%C3%A2y%20Bluetooth%20Rapoo%208000M?alt=media&token=7fefacd9-9f3f-4bee-b01b-e05ad6380603',1289),(1305,'https://firebasestorage.googleapis.com/v0/b/graduation-396ec.appspot.com/o/products%2F0.efri64m1rdh_B%C3%A0n%20Ph%C3%ADm%20Kh%C3%B4ng%20D%C3%A2y%20Touchpad%20Rapoo%20K2800?alt=media&token=a6442b21-048f-44df-9683-c84e2be68d75',1304),(1306,'https://firebasestorage.googleapis.com/v0/b/graduation-396ec.appspot.com/o/products%2F0.ystfu4vm5an_B%C3%A0n%20Ph%C3%ADm%20Kh%C3%B4ng%20D%C3%A2y%20Touchpad%20Rapoo%20K2800?alt=media&token=c3fa6e50-1306-4504-9634-27617fe5cd3f',1304),(1307,'https://firebasestorage.googleapis.com/v0/b/graduation-396ec.appspot.com/o/products%2F0.dvp22z4nl6u_B%C3%A0n%20Ph%C3%ADm%20Kh%C3%B4ng%20D%C3%A2y%20Touchpad%20Rapoo%20K2800?alt=media&token=41ee66c4-28e1-4f8c-be06-d7dc1aad1494',1304),(1308,'https://firebasestorage.googleapis.com/v0/b/graduation-396ec.appspot.com/o/products%2F0.try1zv8h66l_B%C3%A0n%20Ph%C3%ADm%20Kh%C3%B4ng%20D%C3%A2y%20Touchpad%20Rapoo%20K2800?alt=media&token=3e17cd9d-4db1-4c21-9ec8-718b2766271c',1304),(1309,'https://firebasestorage.googleapis.com/v0/b/graduation-396ec.appspot.com/o/products%2F0.kotickx8g6_B%C3%A0n%20Ph%C3%ADm%20Kh%C3%B4ng%20D%C3%A2y%20Touchpad%20Rapoo%20K2800?alt=media&token=03c35829-6dfa-4716-861f-930dad0b2ea1',1304),(1310,'https://firebasestorage.googleapis.com/v0/b/graduation-396ec.appspot.com/o/products%2F0.fv5t9banyz_B%C3%A0n%20Ph%C3%ADm%20Kh%C3%B4ng%20D%C3%A2y%20Touchpad%20Rapoo%20K2800?alt=media&token=72489bfd-237a-4081-b72b-5be6783a5955',1304),(1311,'https://firebasestorage.googleapis.com/v0/b/graduation-396ec.appspot.com/o/products%2F0.iwmx3yz9k3a_B%C3%A0n%20Ph%C3%ADm%20Kh%C3%B4ng%20D%C3%A2y%20Touchpad%20Rapoo%20K2800?alt=media&token=0c4df00a-1494-44c5-8713-236f689a3385',1304),(1312,'https://firebasestorage.googleapis.com/v0/b/graduation-396ec.appspot.com/o/products%2F0.riyi5y8njj_B%C3%A0n%20Ph%C3%ADm%20Kh%C3%B4ng%20D%C3%A2y%20Touchpad%20Rapoo%20K2800?alt=media&token=0525aae8-1042-41bc-984e-a9b05245bcd1',1304),(1313,'https://firebasestorage.googleapis.com/v0/b/graduation-396ec.appspot.com/o/products%2F0.vou6q0hj668_B%C3%A0n%20Ph%C3%ADm%20Kh%C3%B4ng%20D%C3%A2y%20Touchpad%20Rapoo%20K2800?alt=media&token=54846516-528b-4e11-bbb6-2ed92dd29dc0',1304),(1314,'https://firebasestorage.googleapis.com/v0/b/graduation-396ec.appspot.com/o/products%2F0.k6o6a35l5w_B%C3%A0n%20Ph%C3%ADm%20Kh%C3%B4ng%20D%C3%A2y%20Touchpad%20Rapoo%20K2800?alt=media&token=1d059a18-2708-4ec8-a245-18342c2c8dfc',1304),(1316,'https://firebasestorage.googleapis.com/v0/b/graduation-396ec.appspot.com/o/products%2F0.kstuo7an0y_B%E1%BB%99%20B%C3%A0n%20Ph%C3%ADm%20Chu%E1%BB%99t%20Kh%C3%B4ng%20D%C3%A2y%20Zadez%20ZMK-530G?alt=media&token=26d1e627-72dc-45f4-9c36-f256f2651857',1315),(1317,'https://firebasestorage.googleapis.com/v0/b/graduation-396ec.appspot.com/o/products%2F0.nnqs13i2tzs_B%E1%BB%99%20B%C3%A0n%20Ph%C3%ADm%20Chu%E1%BB%99t%20Kh%C3%B4ng%20D%C3%A2y%20Zadez%20ZMK-530G?alt=media&token=68dc7b68-b63b-4238-af2d-e94cb99bcfa1',1315),(1318,'https://firebasestorage.googleapis.com/v0/b/graduation-396ec.appspot.com/o/products%2F0.42x17rqwwo9_B%E1%BB%99%20B%C3%A0n%20Ph%C3%ADm%20Chu%E1%BB%99t%20Kh%C3%B4ng%20D%C3%A2y%20Zadez%20ZMK-530G?alt=media&token=2a5676b9-647d-4158-a22e-dfd639ac75cd',1315),(1319,'https://firebasestorage.googleapis.com/v0/b/graduation-396ec.appspot.com/o/products%2F0.x2a1mdse2r_B%E1%BB%99%20B%C3%A0n%20Ph%C3%ADm%20Chu%E1%BB%99t%20Kh%C3%B4ng%20D%C3%A2y%20Zadez%20ZMK-530G?alt=media&token=89893ddd-1b4f-4658-b672-4929cb0cf557',1315),(1320,'https://firebasestorage.googleapis.com/v0/b/graduation-396ec.appspot.com/o/products%2F0.ff8e1jmju0k_B%E1%BB%99%20B%C3%A0n%20Ph%C3%ADm%20Chu%E1%BB%99t%20Kh%C3%B4ng%20D%C3%A2y%20Zadez%20ZMK-530G?alt=media&token=ea4b9d7b-629c-49f3-9d1d-68ac457fe44b',1315),(1321,'https://firebasestorage.googleapis.com/v0/b/graduation-396ec.appspot.com/o/products%2F0.gsuw1b2d36t_B%E1%BB%99%20B%C3%A0n%20Ph%C3%ADm%20Chu%E1%BB%99t%20Kh%C3%B4ng%20D%C3%A2y%20Zadez%20ZMK-530G?alt=media&token=9409e2b7-5375-4020-8f0e-bde9f3e0c4d8',1315),(1322,'https://firebasestorage.googleapis.com/v0/b/graduation-396ec.appspot.com/o/products%2F0.sb4c4b9cud_B%E1%BB%99%20B%C3%A0n%20Ph%C3%ADm%20Chu%E1%BB%99t%20Kh%C3%B4ng%20D%C3%A2y%20Zadez%20ZMK-530G?alt=media&token=a2c4b9a1-5e21-4343-a5f1-e710ab6f4dbb',1315),(1323,'https://firebasestorage.googleapis.com/v0/b/graduation-396ec.appspot.com/o/products%2F0.sgfg3x57poa_B%E1%BB%99%20B%C3%A0n%20Ph%C3%ADm%20Chu%E1%BB%99t%20Kh%C3%B4ng%20D%C3%A2y%20Zadez%20ZMK-530G?alt=media&token=2a338f03-b5a1-4217-860d-e3da3609ac11',1315),(1324,'https://firebasestorage.googleapis.com/v0/b/graduation-396ec.appspot.com/o/products%2F0.7imy81tie5w_B%E1%BB%99%20B%C3%A0n%20Ph%C3%ADm%20Chu%E1%BB%99t%20Kh%C3%B4ng%20D%C3%A2y%20Zadez%20ZMK-530G?alt=media&token=d83ded20-e3b2-42cf-9f97-78844872daa4',1315),(1325,'https://firebasestorage.googleapis.com/v0/b/graduation-396ec.appspot.com/o/products%2F0.vdyxcpoyf0s_B%E1%BB%99%20B%C3%A0n%20Ph%C3%ADm%20Chu%E1%BB%99t%20Kh%C3%B4ng%20D%C3%A2y%20Zadez%20ZMK-530G?alt=media&token=2e2fcc2b-150f-4637-a98a-48b6facfaf37',1315),(1326,'https://firebasestorage.googleapis.com/v0/b/graduation-396ec.appspot.com/o/products%2F0.upnczr5k0c9_B%E1%BB%99%20B%C3%A0n%20Ph%C3%ADm%20Chu%E1%BB%99t%20Kh%C3%B4ng%20D%C3%A2y%20Zadez%20ZMK-530G?alt=media&token=25043fe1-9f6a-4657-abfc-7d07fa6c9568',1315),(1327,'https://firebasestorage.googleapis.com/v0/b/graduation-396ec.appspot.com/o/products%2F0.8v7iy4kaax2_B%E1%BB%99%20B%C3%A0n%20Ph%C3%ADm%20Chu%E1%BB%99t%20Kh%C3%B4ng%20D%C3%A2y%20Zadez%20ZMK-530G?alt=media&token=db94471c-ca62-4dc8-a8c6-38c0945116c4',1315),(1328,'https://firebasestorage.googleapis.com/v0/b/graduation-396ec.appspot.com/o/products%2F0.b1iagh50k6a_B%E1%BB%99%20B%C3%A0n%20Ph%C3%ADm%20Chu%E1%BB%99t%20Kh%C3%B4ng%20D%C3%A2y%20Zadez%20ZMK-530G?alt=media&token=0c5678fa-f667-4052-80c9-0f542ee98d16',1315),(1329,'https://firebasestorage.googleapis.com/v0/b/graduation-396ec.appspot.com/o/products%2F0.tbndukz1xal_B%E1%BB%99%20B%C3%A0n%20Ph%C3%ADm%20Chu%E1%BB%99t%20Kh%C3%B4ng%20D%C3%A2y%20Zadez%20ZMK-530G?alt=media&token=29d962de-33e8-4281-848e-62fca4653d01',1315),(1331,'https://firebasestorage.googleapis.com/v0/b/graduation-396ec.appspot.com/o/products%2F0.omf62qdqtth_B%C3%A0n%20Ph%C3%ADm%20C%C6%A1%20C%C3%B3%20D%C3%A2y%20Gaming%20Rapoo%20V500%20alloy%20%C4%90en?alt=media&token=0c7e855c-3db2-4329-bbcd-f610fafaa429',1330),(1332,'https://firebasestorage.googleapis.com/v0/b/graduation-396ec.appspot.com/o/products%2F0.8nldc8bucko_B%C3%A0n%20Ph%C3%ADm%20C%C6%A1%20C%C3%B3%20D%C3%A2y%20Gaming%20Rapoo%20V500%20alloy%20%C4%90en?alt=media&token=1165216e-2f25-417f-a0d9-35060bcbaf0d',1330),(1333,'https://firebasestorage.googleapis.com/v0/b/graduation-396ec.appspot.com/o/products%2F0.uapvziaptqj_B%C3%A0n%20Ph%C3%ADm%20C%C6%A1%20C%C3%B3%20D%C3%A2y%20Gaming%20Rapoo%20V500%20alloy%20%C4%90en?alt=media&token=62e37a67-6fe1-4ce8-9655-30fc79fb6e22',1330),(1334,'https://firebasestorage.googleapis.com/v0/b/graduation-396ec.appspot.com/o/products%2F0.e9np5d8h9v4_B%C3%A0n%20Ph%C3%ADm%20C%C6%A1%20C%C3%B3%20D%C3%A2y%20Gaming%20Rapoo%20V500%20alloy%20%C4%90en?alt=media&token=7ac0a184-0aaa-495d-b187-cb047f95bc7e',1330),(1335,'https://firebasestorage.googleapis.com/v0/b/graduation-396ec.appspot.com/o/products%2F0.bcck0kn1dne_B%C3%A0n%20Ph%C3%ADm%20C%C6%A1%20C%C3%B3%20D%C3%A2y%20Gaming%20Rapoo%20V500%20alloy%20%C4%90en?alt=media&token=e010ccd1-e9ae-42af-ab8c-38149c79f85c',1330),(1336,'https://firebasestorage.googleapis.com/v0/b/graduation-396ec.appspot.com/o/products%2F0.o3vl1gcvcto_B%C3%A0n%20Ph%C3%ADm%20C%C6%A1%20C%C3%B3%20D%C3%A2y%20Gaming%20Rapoo%20V500%20alloy%20%C4%90en?alt=media&token=8d0f8969-7fb3-4901-908b-82b0ef71e37d',1330),(1337,'https://firebasestorage.googleapis.com/v0/b/graduation-396ec.appspot.com/o/products%2F0.sdaoat9ro6m_B%C3%A0n%20Ph%C3%ADm%20C%C6%A1%20C%C3%B3%20D%C3%A2y%20Gaming%20Rapoo%20V500%20alloy%20%C4%90en?alt=media&token=7982bd3e-2425-4e3a-bcad-44e494b1c344',1330),(1339,'https://firebasestorage.googleapis.com/v0/b/graduation-396ec.appspot.com/o/products%2F0.6p6o7qwlr9t_B%C3%A0n%20Ph%C3%ADm%20Bluetooth%20Microsoft%20QSZ-00017%20%C4%90en?alt=media&token=e3262854-61ba-4d1e-90fb-864df90b2082',1338),(1340,'https://firebasestorage.googleapis.com/v0/b/graduation-396ec.appspot.com/o/products%2F0.ae75cney91e_B%C3%A0n%20Ph%C3%ADm%20Bluetooth%20Microsoft%20QSZ-00017%20%C4%90en?alt=media&token=1ba9c99e-6772-4211-8ca9-50497b995d09',1338),(1341,'https://firebasestorage.googleapis.com/v0/b/graduation-396ec.appspot.com/o/products%2F0.6w1prkhwwhm_B%C3%A0n%20Ph%C3%ADm%20Bluetooth%20Microsoft%20QSZ-00017%20%C4%90en?alt=media&token=835392c8-648d-46e2-b9cc-c135f31cad41',1338),(1342,'https://firebasestorage.googleapis.com/v0/b/graduation-396ec.appspot.com/o/products%2F0.enfern2rgam_B%C3%A0n%20Ph%C3%ADm%20Bluetooth%20Microsoft%20QSZ-00017%20%C4%90en?alt=media&token=0e5c1c2a-08ef-496f-9bbc-be091be7a686',1338),(1344,'https://firebasestorage.googleapis.com/v0/b/graduation-396ec.appspot.com/o/products%2F0.gy4cais6rzu_B%E1%BB%99%20b%C3%A0n%20ph%C3%ADm%20chu%E1%BB%99t%20kh%C3%B4ng%20d%C3%A2y%20Microsoft%20850%20%C4%91en?alt=media&token=dd81b36d-ff78-4e05-8c1c-d8fdb11cb2ea',1343),(1345,'https://firebasestorage.googleapis.com/v0/b/graduation-396ec.appspot.com/o/products%2F0.3jms22ud3e_B%E1%BB%99%20b%C3%A0n%20ph%C3%ADm%20chu%E1%BB%99t%20kh%C3%B4ng%20d%C3%A2y%20Microsoft%20850%20%C4%91en?alt=media&token=f1e8f61a-e59c-4116-881e-15ff6dabd88c',1343),(1346,'https://firebasestorage.googleapis.com/v0/b/graduation-396ec.appspot.com/o/products%2F0.6n9fr8lo1pj_B%E1%BB%99%20b%C3%A0n%20ph%C3%ADm%20chu%E1%BB%99t%20kh%C3%B4ng%20d%C3%A2y%20Microsoft%20850%20%C4%91en?alt=media&token=b8bfda21-664f-4887-887b-ea84108108a2',1343),(1347,'https://firebasestorage.googleapis.com/v0/b/graduation-396ec.appspot.com/o/products%2F0.zk5wdhtw4wj_B%E1%BB%99%20b%C3%A0n%20ph%C3%ADm%20chu%E1%BB%99t%20kh%C3%B4ng%20d%C3%A2y%20Microsoft%20850%20%C4%91en?alt=media&token=2a966d11-d399-4adf-9293-71b49836a8e4',1343),(1349,'https://firebasestorage.googleapis.com/v0/b/graduation-396ec.appspot.com/o/products%2F0.r2zlu3rr8f8_B%C3%A0n%20ph%C3%ADm%20kh%C3%B4ng%20d%C3%A2y%20Microsoft%20All-in-one%20Media%20N9Z-00028%20%C4%91en?alt=media&token=4e5ffc10-adc0-4fe8-a97a-fc61477b11b1',1348),(1350,'https://firebasestorage.googleapis.com/v0/b/graduation-396ec.appspot.com/o/products%2F0.2wymqtcnc11_B%C3%A0n%20ph%C3%ADm%20kh%C3%B4ng%20d%C3%A2y%20Microsoft%20All-in-one%20Media%20N9Z-00028%20%C4%91en?alt=media&token=6615a00d-e56c-4cf5-bb78-9ed73cdadd46',1348),(1351,'https://firebasestorage.googleapis.com/v0/b/graduation-396ec.appspot.com/o/products%2F0.y2vfe3kiiva_B%C3%A0n%20ph%C3%ADm%20kh%C3%B4ng%20d%C3%A2y%20Microsoft%20All-in-one%20Media%20N9Z-00028%20%C4%91en?alt=media&token=dec69981-b7ae-4a86-9c1d-7f888d27c83d',1348),(1352,'https://firebasestorage.googleapis.com/v0/b/graduation-396ec.appspot.com/o/products%2F0.hu944kqyj1_B%C3%A0n%20ph%C3%ADm%20kh%C3%B4ng%20d%C3%A2y%20Microsoft%20All-in-one%20Media%20N9Z-00028%20%C4%91en?alt=media&token=c46f55e3-c7e6-45c6-930a-f593b9417db7',1348),(1353,'https://firebasestorage.googleapis.com/v0/b/graduation-396ec.appspot.com/o/products%2F0.9zclb1dtk59_B%C3%A0n%20ph%C3%ADm%20kh%C3%B4ng%20d%C3%A2y%20Microsoft%20All-in-one%20Media%20N9Z-00028%20%C4%91en?alt=media&token=77a514ff-cba9-4fe9-910e-0d7d165ee696',1348),(1354,'https://firebasestorage.googleapis.com/v0/b/graduation-396ec.appspot.com/o/products%2F0.trdurwktzqg_B%C3%A0n%20ph%C3%ADm%20kh%C3%B4ng%20d%C3%A2y%20Microsoft%20All-in-one%20Media%20N9Z-00028%20%C4%91en?alt=media&token=e7009437-0ee7-47a6-bcb3-12e0176fb5e9',1348),(1356,'https://firebasestorage.googleapis.com/v0/b/graduation-396ec.appspot.com/o/products%2F0.ovqu5efo3x_B%C3%A0n%20Ph%C3%ADm%20C%C6%A1%20C%C3%B3%20D%C3%A2y%20Gaming%20Rapoo%20V500Pro%20V%C3%A0ng%20Xanh?alt=media&token=370d5f45-f380-47b1-b6e5-92e36ada9c40',1355),(1357,'https://firebasestorage.googleapis.com/v0/b/graduation-396ec.appspot.com/o/products%2F0.5kzhfg3zf6n_B%C3%A0n%20Ph%C3%ADm%20C%C6%A1%20C%C3%B3%20D%C3%A2y%20Gaming%20Rapoo%20V500Pro%20V%C3%A0ng%20Xanh?alt=media&token=d1912085-7913-4629-9296-26b2a941324d',1355),(1358,'https://firebasestorage.googleapis.com/v0/b/graduation-396ec.appspot.com/o/products%2F0.9njo2gahrlu_B%C3%A0n%20Ph%C3%ADm%20C%C6%A1%20C%C3%B3%20D%C3%A2y%20Gaming%20Rapoo%20V500Pro%20V%C3%A0ng%20Xanh?alt=media&token=920c4a53-3f38-4583-ad5b-636c55b2516d',1355),(1359,'https://firebasestorage.googleapis.com/v0/b/graduation-396ec.appspot.com/o/products%2F0.vxgd98tm2yq_B%C3%A0n%20Ph%C3%ADm%20C%C6%A1%20C%C3%B3%20D%C3%A2y%20Gaming%20Rapoo%20V500Pro%20V%C3%A0ng%20Xanh?alt=media&token=fe3e40a7-5ac4-4099-a9e4-043db5131284',1355),(1360,'https://firebasestorage.googleapis.com/v0/b/graduation-396ec.appspot.com/o/products%2F0.y1zwolnalie_B%C3%A0n%20Ph%C3%ADm%20C%C6%A1%20C%C3%B3%20D%C3%A2y%20Gaming%20Rapoo%20V500Pro%20V%C3%A0ng%20Xanh?alt=media&token=4f874069-eae9-4205-af85-004b81298e83',1355),(1361,'https://firebasestorage.googleapis.com/v0/b/graduation-396ec.appspot.com/o/products%2F0.iwqcplba3dt_B%C3%A0n%20Ph%C3%ADm%20C%C6%A1%20C%C3%B3%20D%C3%A2y%20Gaming%20Rapoo%20V500Pro%20V%C3%A0ng%20Xanh?alt=media&token=e61118e4-f1af-4872-8e17-c35ebb8597bc',1355),(1362,'https://firebasestorage.googleapis.com/v0/b/graduation-396ec.appspot.com/o/products%2F0.hmpaqzuayd7_B%C3%A0n%20Ph%C3%ADm%20C%C6%A1%20C%C3%B3%20D%C3%A2y%20Gaming%20Rapoo%20V500Pro%20V%C3%A0ng%20Xanh?alt=media&token=abb35be8-c7af-4879-93d2-ed3415d3177f',1355),(1363,'https://firebasestorage.googleapis.com/v0/b/graduation-396ec.appspot.com/o/products%2F0.unwgcmo3q6a_B%C3%A0n%20Ph%C3%ADm%20C%C6%A1%20C%C3%B3%20D%C3%A2y%20Gaming%20Rapoo%20V500Pro%20V%C3%A0ng%20Xanh?alt=media&token=e9ac9612-757b-4310-b1f6-6dff70f3a446',1355),(1364,'https://firebasestorage.googleapis.com/v0/b/graduation-396ec.appspot.com/o/products%2F0.uaw3jxo7hgn_B%C3%A0n%20Ph%C3%ADm%20C%C6%A1%20C%C3%B3%20D%C3%A2y%20Gaming%20Rapoo%20V500Pro%20V%C3%A0ng%20Xanh?alt=media&token=37a47772-71b0-423d-9a7e-94256122d73d',1355),(1365,'https://firebasestorage.googleapis.com/v0/b/graduation-396ec.appspot.com/o/products%2F0.9pkl91x5vjf_B%C3%A0n%20Ph%C3%ADm%20C%C6%A1%20C%C3%B3%20D%C3%A2y%20Gaming%20Rapoo%20V500Pro%20V%C3%A0ng%20Xanh?alt=media&token=124dc0e2-5e3b-45e3-ba9d-6a9ec1bc080a',1355),(1366,'https://firebasestorage.googleapis.com/v0/b/graduation-396ec.appspot.com/o/products%2F0.ioeg14w1wx_B%C3%A0n%20Ph%C3%ADm%20C%C6%A1%20C%C3%B3%20D%C3%A2y%20Gaming%20Rapoo%20V500Pro%20V%C3%A0ng%20Xanh?alt=media&token=42eb5451-6d56-4d0b-ac90-4fdca28c4a0c',1355),(1367,'https://firebasestorage.googleapis.com/v0/b/graduation-396ec.appspot.com/o/products%2F0.w9eqmpfp2tn_B%C3%A0n%20Ph%C3%ADm%20C%C6%A1%20C%C3%B3%20D%C3%A2y%20Gaming%20Rapoo%20V500Pro%20V%C3%A0ng%20Xanh?alt=media&token=f1fe425c-c5d6-4082-bdb5-a789f9be005a',1355),(1368,'https://firebasestorage.googleapis.com/v0/b/graduation-396ec.appspot.com/o/products%2F0.6d29inoy3cw_B%C3%A0n%20Ph%C3%ADm%20C%C6%A1%20C%C3%B3%20D%C3%A2y%20Gaming%20Rapoo%20V500Pro%20V%C3%A0ng%20Xanh?alt=media&token=2a740103-c826-490a-88b7-e7381f852d33',1355),(1369,'https://firebasestorage.googleapis.com/v0/b/graduation-396ec.appspot.com/o/products%2F0.mus0nw0lnyc_B%C3%A0n%20Ph%C3%ADm%20C%C6%A1%20C%C3%B3%20D%C3%A2y%20Gaming%20Rapoo%20V500Pro%20V%C3%A0ng%20Xanh?alt=media&token=80aa97e3-256f-4aa0-be80-9b7ef5d4b199',1355),(1370,'https://firebasestorage.googleapis.com/v0/b/graduation-396ec.appspot.com/o/products%2F0.3v5cgpr0vtu_B%C3%A0n%20Ph%C3%ADm%20C%C6%A1%20C%C3%B3%20D%C3%A2y%20Gaming%20Rapoo%20V500Pro%20V%C3%A0ng%20Xanh?alt=media&token=0aa06d9a-e2d9-4743-a184-1d898e62476d',1355),(1371,'https://firebasestorage.googleapis.com/v0/b/graduation-396ec.appspot.com/o/products%2F0.ulfv7wu4rh_B%C3%A0n%20Ph%C3%ADm%20C%C6%A1%20C%C3%B3%20D%C3%A2y%20Gaming%20Rapoo%20V500Pro%20V%C3%A0ng%20Xanh?alt=media&token=a362c7a3-10ec-4923-95c3-6821481de2c7',1355),(1372,'https://firebasestorage.googleapis.com/v0/b/graduation-396ec.appspot.com/o/products%2F0.oa0u6xuxabo_B%C3%A0n%20Ph%C3%ADm%20C%C6%A1%20C%C3%B3%20D%C3%A2y%20Gaming%20Rapoo%20V500Pro%20V%C3%A0ng%20Xanh?alt=media&token=3f44a5dd-0f7a-4ee6-9d6c-93210100b9df',1355),(1373,'https://firebasestorage.googleapis.com/v0/b/graduation-396ec.appspot.com/o/products%2F0.vu5dgi3bii_B%C3%A0n%20Ph%C3%ADm%20C%C6%A1%20C%C3%B3%20D%C3%A2y%20Gaming%20Rapoo%20V500Pro%20V%C3%A0ng%20Xanh?alt=media&token=8d958510-f689-43fa-ab7d-11c81a2a4f30',1355),(1375,'https://firebasestorage.googleapis.com/v0/b/graduation-396ec.appspot.com/o/products%2F0.2xldd7b6my4_B%C3%A0n%20Ph%C3%ADm%20Kh%C3%B4ng%20D%C3%A2y%20DareU%20EK87?alt=media&token=ac25d4f2-1513-4a63-b084-d16831b1f7c8',1374),(1376,'https://firebasestorage.googleapis.com/v0/b/graduation-396ec.appspot.com/o/products%2F0.wek593p3hf_B%C3%A0n%20Ph%C3%ADm%20Kh%C3%B4ng%20D%C3%A2y%20DareU%20EK87?alt=media&token=926e0f74-5650-424e-9096-d4cfd223c173',1374),(1377,'https://firebasestorage.googleapis.com/v0/b/graduation-396ec.appspot.com/o/products%2F0.qso0wd51pk_B%C3%A0n%20Ph%C3%ADm%20Kh%C3%B4ng%20D%C3%A2y%20DareU%20EK87?alt=media&token=a0093644-6610-4bb9-9ca8-cea5bc76e71f',1374),(1378,'https://firebasestorage.googleapis.com/v0/b/graduation-396ec.appspot.com/o/products%2F0.3bwoa9dt5pc_B%C3%A0n%20Ph%C3%ADm%20Kh%C3%B4ng%20D%C3%A2y%20DareU%20EK87?alt=media&token=5a0d803d-3b4f-4741-86e1-34d4a12b278d',1374),(1379,'https://firebasestorage.googleapis.com/v0/b/graduation-396ec.appspot.com/o/products%2F0.qhomf6bgau_B%C3%A0n%20Ph%C3%ADm%20Kh%C3%B4ng%20D%C3%A2y%20DareU%20EK87?alt=media&token=5e6b0c03-98d0-4e73-ab62-2f1d502ce877',1374),(1380,'https://firebasestorage.googleapis.com/v0/b/graduation-396ec.appspot.com/o/products%2F0.zbni56d6nbq_B%C3%A0n%20Ph%C3%ADm%20Kh%C3%B4ng%20D%C3%A2y%20DareU%20EK87?alt=media&token=c1c211fb-bb99-497f-be45-42eb98926a3b',1374),(1381,'https://firebasestorage.googleapis.com/v0/b/graduation-396ec.appspot.com/o/products%2F0.zjax9wqmk7_B%C3%A0n%20Ph%C3%ADm%20Kh%C3%B4ng%20D%C3%A2y%20DareU%20EK87?alt=media&token=7c279a79-c95d-43e6-a65c-18bffb70506d',1374),(1382,'https://firebasestorage.googleapis.com/v0/b/graduation-396ec.appspot.com/o/products%2F0.s03xwnu5uro_B%C3%A0n%20Ph%C3%ADm%20Kh%C3%B4ng%20D%C3%A2y%20DareU%20EK87?alt=media&token=a6c86067-6af3-4fa7-b5f8-bbf2076edee1',1374),(1383,'https://firebasestorage.googleapis.com/v0/b/graduation-396ec.appspot.com/o/products%2F0.xl79q9831c_B%C3%A0n%20Ph%C3%ADm%20Kh%C3%B4ng%20D%C3%A2y%20DareU%20EK87?alt=media&token=68a63782-7c67-44a5-b643-bfafd6bf8272',1374),(1384,'https://firebasestorage.googleapis.com/v0/b/graduation-396ec.appspot.com/o/products%2F0.jiujnwhcbn_B%C3%A0n%20Ph%C3%ADm%20Kh%C3%B4ng%20D%C3%A2y%20DareU%20EK87?alt=media&token=bb08d87d-9eb3-474c-b796-dc7c473c9fbe',1374),(1385,'https://firebasestorage.googleapis.com/v0/b/graduation-396ec.appspot.com/o/products%2F0.ze5rs8r65ed_B%C3%A0n%20Ph%C3%ADm%20Kh%C3%B4ng%20D%C3%A2y%20DareU%20EK87?alt=media&token=4d21f639-17b8-4bc2-9a2d-8ae9a99d340a',1374),(1386,'https://firebasestorage.googleapis.com/v0/b/graduation-396ec.appspot.com/o/products%2F0.djd34tw7kkw_B%C3%A0n%20Ph%C3%ADm%20Kh%C3%B4ng%20D%C3%A2y%20DareU%20EK87?alt=media&token=cb6cc80b-a2c2-41af-9857-17233377d360',1374),(1387,'https://firebasestorage.googleapis.com/v0/b/graduation-396ec.appspot.com/o/products%2F0.dikgbcleahh_B%C3%A0n%20Ph%C3%ADm%20Kh%C3%B4ng%20D%C3%A2y%20DareU%20EK87?alt=media&token=9ff8791e-9956-4a60-96fe-a6fc31f8ef23',1374),(1388,'https://firebasestorage.googleapis.com/v0/b/graduation-396ec.appspot.com/o/products%2F0.74u2wne3uyh_B%C3%A0n%20Ph%C3%ADm%20Kh%C3%B4ng%20D%C3%A2y%20DareU%20EK87?alt=media&token=4b22406f-408a-4f8b-936e-ce3a7437d5ad',1374),(1389,'https://firebasestorage.googleapis.com/v0/b/graduation-396ec.appspot.com/o/products%2F0.qu4d3wtqsah_B%C3%A0n%20Ph%C3%ADm%20Kh%C3%B4ng%20D%C3%A2y%20DareU%20EK87?alt=media&token=d7a4253c-ecd0-43a6-ba21-d03727f4496d',1374),(1390,'https://firebasestorage.googleapis.com/v0/b/graduation-396ec.appspot.com/o/products%2F0.ivoohq9jbec_B%C3%A0n%20Ph%C3%ADm%20Kh%C3%B4ng%20D%C3%A2y%20DareU%20EK87?alt=media&token=3f5bdbc7-49e2-454b-89cb-c4110a70e7cf',1374),(1391,'https://firebasestorage.googleapis.com/v0/b/graduation-396ec.appspot.com/o/products%2F0.pq5pibyrpy_B%C3%A0n%20Ph%C3%ADm%20Kh%C3%B4ng%20D%C3%A2y%20DareU%20EK87?alt=media&token=79185ee8-b544-443c-96c1-d26ed11b2c40',1374),(1393,'https://firebasestorage.googleapis.com/v0/b/graduation-396ec.appspot.com/o/products%2F0.69l1kzu7og4_B%C3%A0n%20Ph%C3%ADm%20Bluetooth%20DareU%20EK868?alt=media&token=49226a7c-2f4c-4ff3-bb1e-9aa7e6b22e29',1392),(1394,'https://firebasestorage.googleapis.com/v0/b/graduation-396ec.appspot.com/o/products%2F0.ji2oawbn2ts_B%C3%A0n%20Ph%C3%ADm%20Bluetooth%20DareU%20EK868?alt=media&token=a5a7b249-cca4-44af-a921-139b52b62cc3',1392),(1395,'https://firebasestorage.googleapis.com/v0/b/graduation-396ec.appspot.com/o/products%2F0.af2dt3nxa38_B%C3%A0n%20Ph%C3%ADm%20Bluetooth%20DareU%20EK868?alt=media&token=c5adf3fa-0dd2-4a85-8a14-43f23a5fdf66',1392),(1396,'https://firebasestorage.googleapis.com/v0/b/graduation-396ec.appspot.com/o/products%2F0.zjbmkvybgh_B%C3%A0n%20Ph%C3%ADm%20Bluetooth%20DareU%20EK868?alt=media&token=6fe7e8ef-fee4-449b-9f92-d845370c9444',1392),(1397,'https://firebasestorage.googleapis.com/v0/b/graduation-396ec.appspot.com/o/products%2F0.nfvq17led1_B%C3%A0n%20Ph%C3%ADm%20Bluetooth%20DareU%20EK868?alt=media&token=fa878870-6b35-4759-abf4-b37d9dda270f',1392),(1398,'https://firebasestorage.googleapis.com/v0/b/graduation-396ec.appspot.com/o/products%2F0.uw9axxwiw4f_B%C3%A0n%20Ph%C3%ADm%20Bluetooth%20DareU%20EK868?alt=media&token=95876922-2249-4105-9cee-b7d8ab52bf88',1392),(1399,'https://firebasestorage.googleapis.com/v0/b/graduation-396ec.appspot.com/o/products%2F0.edwfi63j03b_B%C3%A0n%20Ph%C3%ADm%20Bluetooth%20DareU%20EK868?alt=media&token=cf6ce344-22aa-4815-a38a-06bd8a61d248',1392),(1400,'https://firebasestorage.googleapis.com/v0/b/graduation-396ec.appspot.com/o/products%2F0.aiw18vxq2yt_B%C3%A0n%20Ph%C3%ADm%20Bluetooth%20DareU%20EK868?alt=media&token=3ff68587-bd79-45c6-bfe2-58cc3567bc0d',1392),(1401,'https://firebasestorage.googleapis.com/v0/b/graduation-396ec.appspot.com/o/products%2F0.g8l0f8y3zo5_B%C3%A0n%20Ph%C3%ADm%20Bluetooth%20DareU%20EK868?alt=media&token=2e7d479b-e3a1-46e4-9a7e-df83a1b39324',1392),(1402,'https://firebasestorage.googleapis.com/v0/b/graduation-396ec.appspot.com/o/products%2F0.7bbhtwcqflt_B%C3%A0n%20Ph%C3%ADm%20Bluetooth%20DareU%20EK868?alt=media&token=69a72bc9-e1a3-4fbd-8abb-1bdfb60a2e86',1392),(1403,'https://firebasestorage.googleapis.com/v0/b/graduation-396ec.appspot.com/o/products%2F0.prkfbjp9q6_B%C3%A0n%20Ph%C3%ADm%20Bluetooth%20DareU%20EK868?alt=media&token=4d837d4d-dbfc-4501-8e8f-21779ec99bb8',1392),(1404,'https://firebasestorage.googleapis.com/v0/b/graduation-396ec.appspot.com/o/products%2F0.yd7jwxzof3c_B%C3%A0n%20Ph%C3%ADm%20Bluetooth%20DareU%20EK868?alt=media&token=9e138658-6948-4022-99c8-caf178f749b6',1392),(1405,'https://firebasestorage.googleapis.com/v0/b/graduation-396ec.appspot.com/o/products%2F0.x6an42w5kjd_B%C3%A0n%20Ph%C3%ADm%20Bluetooth%20DareU%20EK868?alt=media&token=3a6841a6-f882-451c-8146-1b7861174603',1392),(1406,'https://firebasestorage.googleapis.com/v0/b/graduation-396ec.appspot.com/o/products%2F0.08wgii9br4l5_B%C3%A0n%20Ph%C3%ADm%20Bluetooth%20DareU%20EK868?alt=media&token=be3c2450-85b3-4c90-8a32-c5fe4639c6c7',1392),(1407,'https://firebasestorage.googleapis.com/v0/b/graduation-396ec.appspot.com/o/products%2F0.wo8et3a5ov9_B%C3%A0n%20Ph%C3%ADm%20Bluetooth%20DareU%20EK868?alt=media&token=b6d61957-d943-4273-b1a0-932a2dff3c33',1392);
/*!40000 ALTER TABLE `image_detail` ENABLE KEYS */;
UNLOCK TABLES;

--
-- Table structure for table `laptop`
--

DROP TABLE IF EXISTS `laptop`;
/*!40101 SET @saved_cs_client     = @@character_set_client */;
/*!50503 SET character_set_client = utf8mb4 */;
CREATE TABLE `laptop` (
  `laptop_id` bigint NOT NULL,
  `battery_info` varchar(255) DEFAULT NULL,
  `cpu` varchar(255) DEFAULT NULL,
  `design` varchar(255) DEFAULT NULL,
  `disk` varchar(255) DEFAULT NULL,
  `gateway` varchar(255) DEFAULT NULL,
  `gpu` varchar(255) DEFAULT NULL,
  `monitor` varchar(255) DEFAULT NULL,
  `ram` varchar(255) DEFAULT NULL,
  `size_and_weight` varchar(255) DEFAULT NULL,
  `special` varchar(255) DEFAULT NULL,
  `sysop` varchar(255) DEFAULT NULL,
  `yom` int DEFAULT NULL,
  PRIMARY KEY (`laptop_id`),
  CONSTRAINT `FKq699qp8byc5yccpjtge0jy2t0` FOREIGN KEY (`laptop_id`) REFERENCES `products` (`prod_id`)
) ENGINE=InnoDB DEFAULT CHARSET=utf8mb4 COLLATE=utf8mb4_0900_ai_ci;
/*!40101 SET character_set_client = @saved_cs_client */;

--
-- Dumping data for table `laptop`
--

LOCK TABLES `laptop` WRITE;
/*!40000 ALTER TABLE `laptop` DISABLE KEYS */;
INSERT INTO `laptop` VALUES (72,'3-cell Li-ion, 48 Wh','PentiumN50301.1GHz','Vỏ nhựa','256 GB SSD NVMe PCIe','2 x USB 3.2;1 x HDMI;1 x Jack tai nghe 3.5 mm;1 x LAN (RJ45);2 x USB Type-C','Card tích hợp Intel UHD 605','11.6\"HD (1366 x 768)','4 GBDDR4 2400 MHz','Dài 295 mm - Rộng 215 mm - Dày 20.99 mm - Nặng 1.4 kg','Không','Windows 11 Home SL',2021),(88,'60Wh','i711800H2.30 GHz','Vỏ nhựa','512 GB SSD NVMe PCIe','1 x USB 3.2 (Always on);2 x Thunderbolt;4 x USB-C;3 x USB 3.2;1 x HDMI;1 x Jack tai nghe 3.5 mm;1 x LAN (RJ45)','Card rời RTX 3050Ti 4GB','15.6\"Full HD 165Hz','16 GBDDR4 3200 MHz','Dài 362.56 mm - Rộng 260.61 mm - Dày 25.75 mm - Nặng 2.4 kg','Có đèn bàn phím','Windows 11 Home SL',2021),(375,'60Wh','i712700H 2.30 GHz','Vỏ nhựa - nắp lưng bằng kim loại','512 GB SSD NVMe PCIe','1x ROG XG Mobile Interface;1 x USB 3.2 Gen 2 Type-C;1 x support DisplayPort / power delivery / G-SYNC;Jack tai nghe 3.5 mm;1 x Thunderbolt;4 x USB-C; 2 x USB 2.0','Card rời RTX 3050 4GB','13.4\"WUXGA 120Hz','16 GBLPDDR5 5200 MHz','Dài 302 mm - Rộng 204 mm - Dày 12 mm - Nặng 1.18 kg','GRB','Windows 11 Home SL',2022),(386,'4-cell Li-ion, 57 Wh','i510500H 2.5GHz','Vỏ nhựa','512 GB SSD NVMe PCIe','2 x USB 3.2;1 x HDMI;Jack tai nghe 3.5mm;LAN(RJ45)Mini DisplayPort;2 x USB 2.0;2 x USB Type-C','Card rời RTX 3060 6GB','15.6\"Full HD 144Hz','16 GBDDR4 3200 MHz','Dài 361 mm - Rộng 258 mm - Dày 24.9 mm - Nặng 2.2 kg','GRB','Windows 10 Home SL',2021),(398,'4-cell Li-ion, 57 Wh','Ryzen 55600H3.3GHz','Vỏ nhựa','512 GB SSD NVMe PCIe','3 x USB 3.2;1 x HDMI;1 x Jack tai nghe 3.5 mm;LAN (RJ45);2 x USB Type-C','Card rời GTX 1650 4GB','15.6\"Full HD 144Hz','8 GBDDR4 3200 MHz','Dài 363.4 mm - Rộng 255 mm - Dày 23.9 mm - Nặng 2.2 kg','Đèn Bàn Phím','Windows 11 Home SL',2021),(412,'4-cell Li-ion, 57 Wh','i711800H 2.30 GHz','Vỏ Kim Loại','2 TB SSD NVMe PCIe','3 x USB 3.2;2 x HDMI;1 x Jack tai nghe 3.5mm;LAN(RJ45)Mini DisplayPort; 1 x Thunderbolt 4;2 x USB-C; 2 x USB Type-C','Card rời RTX 3070 8GB','15.6\"Full HD 360Hz','16 GBDDR4 3200 MHz','Dài 358 mm - Rộng 267 mm - Dày 23.4 mm - Nặng 2.38 Kg','Đèn Bàn Phím GRB','Windows 10 Home SL',2021),(425,'45 Wh','i511300H3.1GHz','Vỏ Nhựa','512 GB SSD NVMe PCIe','2 x USB 3.2;1 x HDMI;Jack tai nghe 3.5mm;LAN (RJ45)USB;2 x Type-C','Card rời GTX 1650 4GB','15.6\"Full HD 120Hz','8 GBDDR4 3200 MHz','Dài 359.6 mm - Rộng 251.9 mm - Dày 24.2 mm - Nặng 2.25 kg','Có đèn bàn phím','Windows 11 Home SL',2022),(434,'3-cell Li-ion, 48 Wh','i510300H2.5GHz','Vỏ nhựa','512 GB SSD NVMe PCIe','1x USB 3.2 Gen 2;2 x Type-C; support DisplayPort / power delivery / G-SYNC2;2 x USB 3.2;1 x HDMI;1 x Jack tai nghe 3.5 mm;LAN(RJ45);2 x USB 2.0','Card rời GTX 1650 4GB','15.6\"Full HD 144Hz','8 GBDDR4 2 khe 3200 MHz','Dài 359 mm - Rộng 256 mm - Dày 24.9 mm - Nặng 2.3 kg','Không có','Windows 11 Home SL',2021),(448,'3-cell Li-ion, 51 Wh','i710750H2.6GHz','Vỏ nhựa - nắp lưng bằng kim loại','512 GB SSD NVMe PCIe','3 x USB 3.2;1 x HDMI;1 x Jack tai nghe 3.5 mm;LAN (RJ45);2x USB Type-C','Card rờiGTX 1650 Max-Q 4GB','15.6\"Full HD 144Hz','8 GBDDR4 3200 MHz','Dài 359 mm - Rộng 254 mm - Dày 21.7 mm - Nặng 1.86 kg','Có đèn bàn phím','Windows 10 Home SL',2021),(461,'4-cell, 99.9 Wh','i711800H2.30 GHz','Vỏ kim loại','2 TB SSD NVMe PCIe','3 x USB 3.2;1 x HDMI;1 x Jack tai nghe 3.5 mm;LAN (RJ45);Mini DisplayPort;Thunderbolt 4;2 x USB-C;2 x USB Type-C','Card rời RTX 3080 16GB','15.6\"QHD 240Hz','32 GBDDR4 3200 MHz','Dài 358 mm - Rộng 267 mm - Dày 23.4 mm - Nặng 2.38 Kg','Đèn bàn phím RGB','Windows 10 Home SL',2021),(474,'4-cell, 99.9 Wh','i711800H2.30 GHz','Vỏ kim loại','2 TB SSD NVMe PCIe','3 x USB 3.2;1 x HDMI;1 x Jack tai nghe 3.5 mm;LAN (RJ45);Thunderbolt 4;2 x  USB-C;2 x USB Type-C','Card rời RTX 3070 Max-Q 8GB','15.6\"Full HD 360Hz','32 GBDDR4 3200 MHz','Dài 358.3 mm - Rộng 248 mm - Dày 19.8 mm - Nặng 2.1 Kg','Đèn bàn phím RGB','Windows 10 Home SL',2021),(489,'4-cell Li-ion, 90 Wh','i712700H2.30 GHz','Vỏ kim loại','1 TB SSD M.2 PCIe','3 x USB 3.2;1 x HDMI;1 x Jack tai nghe 3.5 mm;LAN (RJ45);Mini DisplayPort;2 x USB Type-C','Card rời RTX 3070Ti 8GB','15.6\"QHD 165Hz','16 GBDDR4 3200 MHz','Dài 397 mm - Rộng 284 mm - Dày 25.9 mm - Nặng 2.9 kg','Không có','Windows 11 Home SL',2022),(497,'4-cell Li-ion, 65 Wh','i711800H2.30 GHz','Vỏ kim loại','1 TB SSD M.2 PCIe','3 x USB 3.2;1 x HDMI;1 x Jack tai nghe 3.5 mm;LAN (RJ45);Mini DisplayPort','Card rời RTX 3070 8GB','17.3\"Full HD 300Hz','16 GBDDR4 3200 MHz','Dài 397 mm - Rộng 284 mm - Dày 25.9 mm - Nặng 2.9 kg','Có đèn bàn phím','Windows 10 Home SL',2021),(510,'3-cell, 52 Wh','i711375H3.3GHz','Vỏ kim loại','512 GB SSD NVMe PCIe','2 x USB 3.2;1 x HDMI;1 x Jack tai nghe 3.5 mm;Thunderbolt 4;2 x  USB-C;2 x USB Type-C','Card rời RTX 3060 Max-Q 6GB','15.6\"Full HD 144Hz','16 GBDDR4 3200 MHz','Dài 358.3 mm - Rộng 248 mm - Dày 16.15 mm - Nặng 1.7 kg','Có đèn bàn phím','Windows 10 Home SL',2021),(524,'3 cell, 53.5 Wh','i712700H2.30 GHz','Vỏ kim loại','512 GB SSD NVMe PCIe','2 x USB 3.2;1 x HDMI;1 x Jack tai nghe 3.5 mm;LAN (RJ45);2 x USB 2.0;2 x USB Type-C','Card rời RTX 3050 4GB','16\"QHD+','16 GBDDR4 3200 MHz','Dài 359 mm - Rộng 256 mm - Dày 23.95 mm - Nặng 2.26 kg','Có đèn bàn phím',' Windows 11 Home SL',2022),(533,'4-cell Li-ion, 70 Wh','i711800H2.30 GHz','Vỏ nhựa','512 GB SSD NVMe PCIe','1 x SuperSpeed;2 x USB Type-C;3 x SuperSpeed ;2 x USB A; 1 x HDMI;1 x Jack tai nghe 3.5 mm;LAN (RJ45)','Card rời RTX 3050Ti 4GB','16.1\"Full HD 144Hz','8 GBDDR4 3200 MHz','Dài 370 mm - Rộng 260 mm - Dày 23.5 mm - Nặng 2.46 kg','Có đèn bàn phím','Window 11 Home SL',2021),(542,'60Wh','Ryzen 55600H3.3GHz','Vỏ nhựa','512 GB SSD NVMe PCIe','1 x USB 3.2 (Always on);2 x USB Type-C;3 x USB 3.2;HDMI;1 x Jack tai nghe 3.5 mm;LAN (RJ45)','Card rời RTX 3050 4GB','15.6\"Full HD 165Hz','8 GBDDR4 3200 MHz','Dài 362.56 mm - Rộng 260.61 mm - Dày 25.75 mm - Nặng 2.4 kg','Có đèn bàn phím','Windows 11 Home SL',2021),(550,'4-cell Li-ion, 78.5 Wh','i71165G72.8GHz','Vỏ kim loại nguyên khối','512 GB SSD NVMe PCIe','2 x Thunderbolt 4;2 x USB-C;2 x USB 3.1;HDMI;Jack tai nghe 3.5 mm','Card tích hợp Intel Iris Xe','14\"Full HD','16 GBLPDDR4X 4267 MHz','Dài 303.7 mm - Rộng 193.9 mm - Dày 16.1 mm - Nặng 1.25 kg','Có đèn bàn phím','Windows 10 Pro',2021),(564,'4-cell Li-ion, 70 Wh','Ryzen 75800H3.2GHz','Vỏ nhựa','512 GB SSD NVMe PCIe','1x USB 3.1 Gen 1 Type-A ( HP Sleep and Charge);1x USB 3.1 Gen 1 Type-C (support Power Delivery, DisplayPort, HP Sleep and Charge);2 x USB 3.1;HDMI;Jack tai nghe 3.5 mm;LAN (RJ45)','Card rời RTX 3050Ti 4GB','16.1\"Full HD 144Hz','8 GBDDR4 2 khe 3200 MHz','Dài 370 mm - Rộng 260 mm - Dày 23.5 mm - Nặng 2.46 kg','Có đèn bàn phím','Windows 11 Home SL',2021),(574,'59Wh Li-ion','i511320H3.2GHz','Vỏ kim loại','512 GB SSD NVMe PCIe','2 x USB 3.2;1 x HDMI;1 x Jack tai nghe 3.5 mm;Thunderbolt 4;2 x USB-C','Card rời RTX 3050 4GB','16.1\"Full HD (1920 x 1080)','16 GBLPDDR4X 4266 MHz','Dài 367.8 mm - Rộng 236.1 mm - Dày 18.9 mm - Nặng 1.9 kg','Có đèn bàn phím','window 11 Home SL',2021),(589,'3-cell Li-ion, 56 Wh','i511400H 2.7GHz','Vỏ nhựa','256 GB SSD NVMe PCIe','3 x USB 3.2;1 x HDMI;1 x Jack tai nghe 3.5 mm;1 x LAN (RJ45);2 x USB Type-C','Card rời RTX 3050 4GB','15.6\" Full HD 120Hz','8 GBDDR4 3200 MHz','Dài 357 mm - Rộng 272 mm - Dày 25 mm - Nặng 2.81 kg','Có đèn bàn phím','Windows 11 Home SL',2021),(602,'6-cell Li-ion, 86 Wh','i711800H 2.30 GHz','Vỏ nhựa','1 TB SSD M.2 PCIe','3 x USB 3.2;1 x HDMI;1 x Jack tai nghe 3.5 mm;1 x LAN (RJ45);3 x USB Type-C','Card rời RTX 3070 8GB','15.6\" QHD 240Hz','32 GBDDR4 3200 MHz','Dài 356 mm - Rộng 272 mm - Dày 19 mm - Nặng 2.69 kg','Có đèn bàn phím','Windows 11 Home SL',2021),(611,'Khoảng 10 tiếng','Apple M1 Max400GB/s memory bandwidth','Vỏ kim loại,nguyên khối','512 GB SSD','3 x Thunderbolt;4 x USB-C;1 x HDMI;1 x Jack tai nghe 3.5 mm','Card tích hợp 24 nhân GPU','14.2\" Liquid Retina XDR display 120Hz','32 GB','Dài 312.6 mm - Rộng 221.2 mm - Dày 15.5 mm - Nặng 1.6 kg','Có đèn bàn phím','Mac OS',2021),(626,'3-cell Li-ion, 53 Wh','i711800H2.30 GHz','Vỏ nhựa','512 GB SSD NVMe PCIe','2 x USB 3.2;1 x HDMI;1 x Jack tai nghe 3.5 mm;1 x LAN (RJ45);1 x USB 2.0; 2 x USB Type-C','Card rời RTX 3050 4GB','15.6\"Full HD 144Hz','8 GBDDR4 3200 MHz','Dài 359 mm - Rộng 259 mm - Dày 24.9 mm - Nặng 2.1 kg','Có đèn bàn phím','Windows 10 Home SL',2021);
/*!40000 ALTER TABLE `laptop` ENABLE KEYS */;
UNLOCK TABLES;

--
-- Table structure for table `like_comment`
--

DROP TABLE IF EXISTS `like_comment`;
/*!40101 SET @saved_cs_client     = @@character_set_client */;
/*!50503 SET character_set_client = utf8mb4 */;
CREATE TABLE `like_comment` (
  `comment_id` bigint NOT NULL,
  `user_id` bigint NOT NULL,
  `emotion` bit(1) DEFAULT NULL,
  PRIMARY KEY (`comment_id`,`user_id`),
  KEY `FK1c6frwdoq4fnbmmsgqlb3bp0o` (`user_id`),
  CONSTRAINT `FK1c6frwdoq4fnbmmsgqlb3bp0o` FOREIGN KEY (`user_id`) REFERENCES `users` (`user_id`),
  CONSTRAINT `FKh0r3rvwkfrav930797rs2d9y1` FOREIGN KEY (`comment_id`) REFERENCES `comment` (`comment_id`)
) ENGINE=InnoDB DEFAULT CHARSET=utf8mb4 COLLATE=utf8mb4_0900_ai_ci;
/*!40101 SET character_set_client = @saved_cs_client */;

--
-- Dumping data for table `like_comment`
--

LOCK TABLES `like_comment` WRITE;
/*!40000 ALTER TABLE `like_comment` DISABLE KEYS */;
INSERT INTO `like_comment` VALUES (298,4,_binary ''),(338,249,_binary ''),(339,249,_binary ''),(340,249,_binary ''),(341,4,_binary ''),(342,249,_binary ''),(1416,4,_binary '');
/*!40000 ALTER TABLE `like_comment` ENABLE KEYS */;
UNLOCK TABLES;

--
-- Table structure for table `like_reply`
--

DROP TABLE IF EXISTS `like_reply`;
/*!40101 SET @saved_cs_client     = @@character_set_client */;
/*!50503 SET character_set_client = utf8mb4 */;
CREATE TABLE `like_reply` (
  `cmde_id` bigint NOT NULL,
  `user_id` bigint NOT NULL,
  `emotion` bit(1) DEFAULT NULL,
  PRIMARY KEY (`cmde_id`,`user_id`),
  KEY `FKmyr8hendi6fofc1a462mtxjrj` (`user_id`),
  CONSTRAINT `FK4bbp9btxh9iaauexjhid40wwd` FOREIGN KEY (`cmde_id`) REFERENCES `comment_detail` (`cmde_id`),
  CONSTRAINT `FKmyr8hendi6fofc1a462mtxjrj` FOREIGN KEY (`user_id`) REFERENCES `users` (`user_id`)
) ENGINE=InnoDB DEFAULT CHARSET=utf8mb4 COLLATE=utf8mb4_0900_ai_ci;
/*!40101 SET character_set_client = @saved_cs_client */;

--
-- Dumping data for table `like_reply`
--

LOCK TABLES `like_reply` WRITE;
/*!40000 ALTER TABLE `like_reply` DISABLE KEYS */;
/*!40000 ALTER TABLE `like_reply` ENABLE KEYS */;
UNLOCK TABLES;

--
-- Table structure for table `order_detail`
--

DROP TABLE IF EXISTS `order_detail`;
/*!40101 SET @saved_cs_client     = @@character_set_client */;
/*!50503 SET character_set_client = utf8mb4 */;
CREATE TABLE `order_detail` (
  `odde_id` bigint NOT NULL,
  `price` double DEFAULT NULL,
  `qty` int DEFAULT NULL,
  `odde_od_id` bigint DEFAULT NULL,
  `prod_odde_prod_id` bigint DEFAULT NULL,
  PRIMARY KEY (`odde_id`),
  KEY `FKd781llc26ig1m1da3m430fi04` (`odde_od_id`),
  KEY `FKqq6yhtnjpo9oilce8gw1puk68` (`prod_odde_prod_id`),
  CONSTRAINT `FKd781llc26ig1m1da3m430fi04` FOREIGN KEY (`odde_od_id`) REFERENCES `orders` (`od_id`),
  CONSTRAINT `FKqq6yhtnjpo9oilce8gw1puk68` FOREIGN KEY (`prod_odde_prod_id`) REFERENCES `products` (`prod_id`)
) ENGINE=InnoDB DEFAULT CHARSET=utf8mb4 COLLATE=utf8mb4_0900_ai_ci;
/*!40101 SET character_set_client = @saved_cs_client */;

--
-- Dumping data for table `order_detail`
--

LOCK TABLES `order_detail` WRITE;
/*!40000 ALTER TABLE `order_detail` DISABLE KEYS */;
INSERT INTO `order_detail` VALUES (220,35990000,4,219,88),(222,5490000,2,219,72),(224,5490000,3,223,72),(225,35990000,4,223,88),(227,35990000,4,226,88),(229,35990000,1,228,88),(235,35990000,1,234,88),(236,5490000,2,234,72),(929,23990000,2,928,398),(1409,23990000,1,1408,398),(1412,23990000,3,1411,398),(1420,23990000,1,1419,398),(1423,23990000,1,1422,398);
/*!40000 ALTER TABLE `order_detail` ENABLE KEYS */;
UNLOCK TABLES;

--
-- Table structure for table `orders`
--

DROP TABLE IF EXISTS `orders`;
/*!40101 SET @saved_cs_client     = @@character_set_client */;
/*!50503 SET character_set_client = utf8mb4 */;
CREATE TABLE `orders` (
  `od_id` bigint NOT NULL,
  `amount` double DEFAULT NULL,
  `delivery_date` date DEFAULT NULL,
  `device_use` varchar(255) DEFAULT NULL,
  `order_date` date DEFAULT NULL,
  `payment_received` varchar(255) DEFAULT NULL,
  `receiver` varchar(255) DEFAULT NULL,
  `recipient_date` date DEFAULT NULL,
  `status` varchar(255) DEFAULT NULL,
  `users_od_user_id` bigint DEFAULT NULL,
  `address_receiver` varchar(255) DEFAULT NULL,
  `phone_receiver` varchar(255) DEFAULT NULL,
  `notes` varchar(5000) DEFAULT NULL,
  PRIMARY KEY (`od_id`),
  KEY `FKkec1b83mdmypryf43rkklbcha` (`users_od_user_id`),
  CONSTRAINT `FKkec1b83mdmypryf43rkklbcha` FOREIGN KEY (`users_od_user_id`) REFERENCES `users` (`user_id`)
) ENGINE=InnoDB DEFAULT CHARSET=utf8mb4 COLLATE=utf8mb4_0900_ai_ci;
/*!40101 SET character_set_client = @saved_cs_client */;

--
-- Dumping data for table `orders`
--

LOCK TABLES `orders` WRITE;
/*!40000 ALTER TABLE `orders` DISABLE KEYS */;
INSERT INTO `orders` VALUES (219,178181000,NULL,'ORDER_ON_WEB','2022-10-22','UNPAID','Le Van Hung',NULL,'CANCEL_ORDER',4,'xom 4 - Xã Trung Lương - Huyện Định Hóa - Tỉnh Thái Nguyên','0368194598',NULL),(223,184494500,'2022-11-17','ORDER_ON_WEB','2022-10-23','PAID','Nguyen Van A',NULL,'WAITING_FOR_PRODUCT',4,'ssd - Xã Bằng Vân - Huyện Ngân Sơn - Tỉnh Bắc Kạn','0324484568',NULL),(226,165554000,NULL,'ORDER_ON_WEB','2022-10-24','UNPAID','Ly Chan An',NULL,'CANCEL_ORDER',4,'das - Xã Xuân Lôi - Huyện Lập Thạch - Tỉnh Vĩnh Phúc','0326817904',NULL),(228,40589000,NULL,'ORDER_ON_WEB','2022-10-24','UNPAID','Le Hoang',NULL,'WAITING_FOR_CONFIRM',4,'fdsf - Phường Xuân La - Quận Tây Hồ - Thành phố Hà Nội','0326581892',NULL),(234,52667000,'2022-09-28','ORDER_ON_WEB','2022-10-24','PAID','Adj Huy','2022-10-17','DELIVERED',4,'adshjakjdh - Xã Minh Tân - Huyện Vị Xuyên - Tỉnh Hà Giang','0762639348',NULL),(928,53778000,'2022-11-27','ORDER_ON_WEB','2022-11-20','UNPAID','Tran Dinh Quang Huy',NULL,'RETURNS_OF_PRODUCTS',4,'k292/10 Truong Chinh - Phường Hòa An - Quận Cẩm Lệ - Thành phố Đà Nẵng','0712345678',NULL),(1408,26889000,'2022-11-27','ORDER_ON_WEB','2022-11-27','PAID','Tran Dinh Quang Huy','2022-11-27','DELIVERED',4,'k292/10 Truong chinh - Phường Hòa An - Quận Cẩm Lệ - Thành phố Đà Nẵng','0712345678',NULL),(1411,82765500,'2022-11-27','ORDER_ON_WEB','2022-11-27','UNPAID','Huy Quang',NULL,'RETURNS_OF_PRODUCTS',4,'asdasd/asdasdas - Phường Tích Sơn - Thành phố Vĩnh Yên - Tỉnh Vĩnh Phúc','0712345678',NULL),(1419,26889000,'2022-11-27','ORDER_ON_WEB','2022-11-27','UNPAID','Nghuyen Van A','2022-11-27','DELIVERED',249,'dia chi c - Xã Vô Ngại - Huyện Bình Liêu - Tỉnh Quảng Ninh','0326817949',NULL),(1422,NULL,NULL,NULL,'2022-11-27',NULL,NULL,NULL,'CART',249,NULL,NULL,NULL);
/*!40000 ALTER TABLE `orders` ENABLE KEYS */;
UNLOCK TABLES;

--
-- Table structure for table `production_company`
--

DROP TABLE IF EXISTS `production_company`;
/*!40101 SET @saved_cs_client     = @@character_set_client */;
/*!50503 SET character_set_client = utf8mb4 */;
CREATE TABLE `production_company` (
  `pco_id` bigint NOT NULL,
  `name` varchar(255) DEFAULT NULL,
  PRIMARY KEY (`pco_id`)
) ENGINE=InnoDB DEFAULT CHARSET=utf8mb4 COLLATE=utf8mb4_0900_ai_ci;
/*!40101 SET character_set_client = @saved_cs_client */;

--
-- Dumping data for table `production_company`
--

LOCK TABLES `production_company` WRITE;
/*!40000 ALTER TABLE `production_company` DISABLE KEYS */;
INSERT INTO `production_company` VALUES (10,'Acer'),(11,'Lenovo'),(12,'Asus'),(13,'Gigabyte'),(14,'Msi'),(15,'Macbook'),(532,'Hp'),(588,'Dell'),(639,'Samsung'),(640,'Apple'),(910,'Razer'),(1140,'Corsair'),(1141,'Logitech'),(1142,'Rapoo'),(1143,'Zadez'),(1144,'Microsoft'),(1145,'Dareu');
/*!40000 ALTER TABLE `production_company` ENABLE KEYS */;
UNLOCK TABLES;

--
-- Table structure for table `products`
--

DROP TABLE IF EXISTS `products`;
/*!40101 SET @saved_cs_client     = @@character_set_client */;
/*!50503 SET character_set_client = utf8mb4 */;
CREATE TABLE `products` (
  `prod_id` bigint NOT NULL,
  `available` bit(1) DEFAULT NULL,
  `image_url_main` varchar(1000) DEFAULT NULL,
  `notes` varchar(8000) DEFAULT NULL,
  `price_prod` double DEFAULT NULL,
  `prod_name` varchar(255) DEFAULT NULL,
  `warranty` varchar(255) DEFAULT NULL,
  `cat_prod_cat_id` bigint DEFAULT NULL,
  `prod_pco_pco_id` bigint DEFAULT NULL,
  `date_added` datetime(6) DEFAULT NULL,
  PRIMARY KEY (`prod_id`),
  KEY `FK2seg8dsk513du1sedcpljk4pj` (`cat_prod_cat_id`),
  KEY `FK6ncjiftdlog347o6ulk72la93` (`prod_pco_pco_id`),
  CONSTRAINT `FK2seg8dsk513du1sedcpljk4pj` FOREIGN KEY (`cat_prod_cat_id`) REFERENCES `category` (`cat_id`),
  CONSTRAINT `FK6ncjiftdlog347o6ulk72la93` FOREIGN KEY (`prod_pco_pco_id`) REFERENCES `production_company` (`pco_id`)
) ENGINE=InnoDB DEFAULT CHARSET=utf8mb4 COLLATE=utf8mb4_0900_ai_ci;
/*!40101 SET character_set_client = @saved_cs_client */;

--
-- Dumping data for table `products`
--

LOCK TABLES `products` WRITE;
/*!40000 ALTER TABLE `products` DISABLE KEYS */;
INSERT INTO `products` VALUES (72,_binary '','https://firebasestorage.googleapis.com/v0/b/graduation-396ec.appspot.com/o/product%2F0.ld40tiwifl_Laptop%20Acer%20TravelMate%20B3?alt=media&token=33a286cd-41d7-41c3-bcb7-e581fc5edf90','Laptop Acer TravelMate B3 TMB311 31 P49D (NX.VNFSV.005) là mẫu laptop được thiết kế dành cho các em học sinh thuộc phân khúc giá thấp với vẻ ngoài mang phong cách tối giản,\n	bền bỉ cùng hiệu năng ổn định, phục vụ tốt cho nhu cầu học tập.\n	Thiết kế đơn giản, chắc chắn Acer TravelMate B3 được chế tác từ chất liệu nhựa cứng cáp, trọng lượng 1.4 kg và độ dày 20.99 mm,\n	gọn gàng để các bé đặt ở bất kỳ đâu trong không gian phòng học, phòng khách,... để học trực tuyến mà không lo chiếm quá nhiều diện tích.\n	Đặc biệt, chiếc laptop Acer TravelMate này trang bị bàn phím có các rãnh thoát nước và dãy phím được gia công chắc\n	chắn không thể gỡ ra được nhưng dễ thay lắp khi hư hỏng, bậc phụ huynh yên tâm khi bé lỡ làm đổ nước hay khi ngồi học một mình.\n	Độ bền chuẩn quân đội MIL STD 810G được trang bị gia tăng độ bền của máy trước các tác động từ môi trường như nhiệt độ, bụi bẩn, rung lắc, va đập không mong muốn,...\n	Để phục vụ tối ưu cho nhu cầu học tập của các bé, laptop hỗ trợ đầy đủ các cổng kết nối bao gồm: 2 cổng USB 3.2, Type-C, HDMI, LAN, Jack tai nghe 3.5 mm việc\n	xuất hình ảnh hay kết nối với các thiết bị ngoại vi khác đều sẽ dễ dàng, nhanh chóng.',5490000,'Laptop Acer TravelMate B3','24 Tháng',7,10,'2022-11-13 11:29:19.000000'),(88,_binary '','https://firebasestorage.googleapis.com/v0/b/graduation-396ec.appspot.com/o/product%2F0.d61sgvfzijd_Lenovo%20Gaming%20Legion%205%20i7?alt=media&token=6a27cab5-1604-4800-b986-7eddbe975b4d','Phong cách thiết kế độc đáo, trẻ trung cùng hiệu năng mạnh mẽ vượt trội của card màn hình NVIDIA RTX hội tụ trong chiếc laptop Lenovo Gaming Legion 5 15ITH6 i7\n	(82JK00FNVN) hứa hẹn sẽ cân mọi tựa game đình đám cũng như sẵn sàng hỗ trợ bạn xử lý các tác vụ nặng.Hiệu năng mạnh mẽ vượt trội cân mọi tác vụ \n	Đầu tiên là đến với con game bắn súng quốc dân Battlefield 1, máy vận hành mượt mà với trung bình 75 FPS. Ở đây chúng ta sẽ thấy CPU Intel Core i7 11800H hiệu năng cao chỉ phải\n	hoạt động tầm 42% công suất, card màn hình NVIDIA RTX 3050Ti cũng chỉ hơi mạnh hơn CPU một xíu với 69% công suất.Chuyển sang tựa game đua xe mô phỏng Forza Horizon đã mang đến\n	cho mình từng khung hình sắc nét, cảnh vật xung quanh trong thế giới game chân thật, chi tiết. Nếu bạn là fan của tựa game thế giới mở, chiếc máy sẽ làm hài lòng bạn với\n	trung bình 90 FPS. Trong đó công suất CPU chạy ở mức 60% và GPU là 96%. Ở tựa game này theo trải nghiệm bản thân, máy cũng không quá nóng, nhiệt độ tản ra đều và không gây\n	khó chịu. Đối với tựa game có mức đồ hoạ cao hơn thì máy vẫn cho ra một mức FPS ổn định và trơn tru.',35990000,'Lenovo Gaming Legion 5 i7','24 Tháng',7,11,'2022-11-12 08:00:24.000000'),(375,_binary '','https://firebasestorage.googleapis.com/v0/b/graduation-396ec.appspot.com/o/product%2F0.7dqkub1oe1o_Laptop%20Asus%20Gaming%20ROG%20Flow%20z13?alt=media&token=fc85b167-d07a-4019-b43f-affb66113efd','laptop Asus Gaming ROG Flow Z13 GZ301Z i7 (LD110W) là một trong những siêu phẩm đáng mua trong tầm giá bởi nó là sự kết hợp hoàn hảo giữa chiếc laptop gaming mỏng nhẹ,di động nhất và tablet Windows mạnh mẽ nhất.Ngoại hình cơ động, đậm chất viễn tưởng Thoạt nhìn, tưởng chừng như Asus ROG mang một diện mạo tựa như các dòng laptop Surface Pro của nhà Microsoft nhưng khi cầm em máy trên tay để ngắm nghía thì nó lại sở hữu một khí chất rất riêng, phong thái kiêu kỳ pha tí hầm hố gaming không lẫn vào đâu của Asus,điều đó làm cho Asus rất thành công trong việc thu hút ánh nhìn của người khác mỗi khi mình mang em máy này theo bên người.Ở phương diện máy tính bảng, con số 1.18 kg chưa phải là một trọng lượng nhẹ nhàng hay cân đối nhưng nếu xét ở khía cạnh máy tính xách tay, mình khá ưng ý với em ROG Flow này bởi tính di động cực cao mà hiếm có dòng laptop gaming nào qua mặt được.Bản lề của laptop được Asus làm rất cứng cáp và chắc chắn. Cạnh ngoài rìa có miếng cao su khắc chữ ROG nhỏ nhắn vừa tăng tính thẩm mỹ cho máy vừa giúp mình mở phần chân dựng máy ra dễ dàng hơn rất nhiều. Tuy đôi lúc việc mở máy ở góc tầm 90 - 170 độ hơi khó khăn với mình nhưng nó có thể đảm bảo sự chắc chắn và an toàn cho máy thì việc đó hoàn toàn có thể chấp nhận được.Asus rất thích tạo điểm nhấn cho các dòng sản phẩm của mình bằng những vết cắt xén tinh tế và chiếc ROG Flow này cũng không ngoại lệ.Lần này thì những đường cắt trên thân máy của Flow Z13 lại vô cùng độc đáo khi để lộ ra 1 phần ô nhỏ chứa các bo mạch máy bên trong, kết hợp dải đèn LED RGB với nhiều màu bắt mắt, mình đã thật sự ấn tượng và bị thu hút ngay từ lần đầu tiên với phong cách thiết kế quá đẹp và đậm chất Asus như này.',49490000,'Laptop Asus Gaming ROG Flow z13','12 Tháng',7,12,'2022-11-20 15:32:00.577000'),(386,_binary '','https://firebasestorage.googleapis.com/v0/b/graduation-396ec.appspot.com/o/product%2F0.sz15wfxdrld_Laptop%20GIGABYTE%20Gaming%20G5Laptop%20GIGABYTE%20Gaming%20G5?alt=media&token=91077b7a-b5d6-4709-94e8-91a8a564621e','Tác chiến trên mọi chiến trường ảo một cách đầy thuận lợi cùng laptop GIGABYTE Gaming G5 i5 (5S11130SH), với kiểu dáng mạnh mẽ cùng hiệu năng tân tiến, sẵn sàng đồng hành cùng bạn ở bất kỳ đâu.Sức mạnh hiệu năng được thiết kế tối tânXử lý nhanh gọn và hiệu quả hàng loạt tác vụ văn phòng trên các ứng dụng Word, Excel,.. nhờ năng suất vượt trội của CPU Intel Core i5 Comet Lake 10500H sở hữu cấu trúc 6 nhân 12 luồng, cho tốc độ cơ bản 2.50 GHz và đạt tối đa lên đến 4.5 GHz Turbo Boost, đồng thời cho bạn trải nghiệm mọi thể loại game kịch tính như Cyberpunk 2077, FIFA, PUBG: Battlegrounds,... Đa nhiệm hơn bao giờ hết khi sở hữu bộ nhớ RAM 16 GB chuẩn DDR4 2 khe (1 khe 8 GB + 1 khe 8 GB) với tốc độ bus RAM 3200 MHz, hỗ trợ người dùng mở và vận hành nhiều ứng dụng cùng lúc, cho phép di chuyển qua lại mà không xảy ra tình trạng giật hay lag máy. Hơn thế nữa, GIGABYTE còn mang đến khả năng nâng cấp RAM tối đa lên đến 64 GB, đáp ứng mọi nhu cầu của bạn.Được sản xuất dựa trên kiến trúc Ampere tân tiến, card đồ họa rời NVIDIA GeForce RTX 3060, 6GB  cho phép người dùng thỏa sức sáng tạo với việc chỉnh sửa hình ảnh, render video,... một cách mượt mà với các ứng dụng nhà Adobe. Không những thế bạn sẽ được tận hưởng các chuyển động mượt mà trong các tựa game từ đơn giản đến phức tạp mà không xảy ra hiện tượng giật lag hay bóng ma.Không gian lưu trữ rộng lớn đến từ ổ cứng SSD 512 GB NVMe PCle, đồng thời hỗ trợ mở và vận hành máy hay các ứng dụng một cách nhanh chóng chỉ trong vài giây. Đặc biệt,người dùng có thể dễ dàng tháo lắp thay thế bằng thanh khác tối đa 1 TB, tối ưu hơn cho mọi yêu cầu từ bạn.Nâng cấp bộ nhớ dễ dàng và thuận lợi hơn nhờ laptop được thiết kế thêm khe cắm HDD SATA (nâng cấp tối đa 2 TB) và SSD M.2 PCIe mở rộng (nâng cấp tối đa 1 TB), hỗ trợ bạn làm việc và giải trí thoải mái hơn bao giờ hết.',24990000,'Laptop GIGABYTE Gaming G5','36 Tháng',7,13,'2022-11-20 15:38:21.774000'),(398,_binary '','https://firebasestorage.googleapis.com/v0/b/graduation-396ec.appspot.com/o/product%2F0.nutltuoy0x_Laptop%20Acer%20Nitro%205%20Gaming%20an515?alt=media&token=3005529a-fa39-445e-b31b-25caedfd0a4f','Phá cách với diện mạo mạnh mẽ đến từ laptop Acer Nitro 5 Gaming AN515 45 R6EV R5 5600H (NH.QBMSV.006) mang đến cho người dùng hiệu năng ổn định, hỗ trợ bạn trong mọi tác vụ hằng ngày hay chiến những trận game cực căng một cách mượt mà.Kiểu dáng nổi bật, thu hút mọi ánh nhìn Laptop Acer Nitro với tính bền bỉ vượt bậc khi được trang bị lớp vỏ nhựa chắc chắn cùng trọng lượng không quá nặng cho một chiếc laptop gaming 2.2 kg và dày 23.9 mm, sẵn sàng cùng bạn đi đến bất kỳ đâu, phục vụ tốt cho cả nhu cầu công việc hay giải trí, cho phép bạn chiến game ở khắp mọi nơi trong cuộc hành trình.Bàn phím Fullsize được thiết kế đèn nền chuyển màu RGB của laptop Acer được thiết kế tinh tế nhưng vẫn tôn lên nét mạnh mẽ của một chiếc gaming mạnh mẽ, với các phím có độ nảy tốt, cho bạn thoải mái sử dụng cả trong điều kiện ánh sáng kém mà không lo nhầm lẫn.Dọc hai bên laptop được trang bị các cổng giao tiếp thông dụng hỗ trợ tốt cho nhu cầu truyền xuất dữ liệu hay chia sẻ thông tin đến các thiết bị ngoại vi tương thích như 3 cổng USB 3.2, HDMI, Jack tai nghe 3.5 mm, LAN (RJ45) và USB Type-C.Các chuẩn kết nối không dây Bluetooth 5.0 và Wi-Fi 6 (802.11ax) cung cấp đường truyền ổn định trong suốt quá trình làm việc hay giải trí ở cả trong nhà, ngoài trời, nâng cao năng suất công việc của bạn.',23990000,'Laptop Acer Nitro 5 Gaming an515','12 Tháng',7,10,'2022-11-20 15:44:19.101000'),(412,_binary '','https://firebasestorage.googleapis.com/v0/b/graduation-396ec.appspot.com/o/product%2F0.z0jpknggbtr_Laptop%20MSI%20Gaming%20GE66%20Raider%2011UG?alt=media&token=c482799d-7423-4147-b026-8c2bb9f4696d','Vươn lên tầm cao mới cùng laptop MSI Gaming GE66 Raider 11UG i7 11800H (258VN) với thiết kế độc lạ, đem đến vô vàn tính năng cao, chinh phục mọi công việc khó nhằn hay chiến đấu cực đỉnh trên mọi chiến trường game. Bức phá sức mạnh nhờ chip Intel Gen 11 Core i7 Phát huy tối đa hiệu suất trong công việc nhờ bộ vi xử lý Intel Core i7 Tiger Lake 11800H với 8 nhân 16 luồng, đạt tốc độ CPU 2.30 GHz và tối đa lên đến 4.6 GHz nhờ Turbo Boost, thỏa mãn bạn trong việc xử lý gọn nhẹ các tác vụ công việc từ văn phòng đến đồ hoạ nâng cao, chỉnh sửa hình ảnh phức tạp, kết xuất 3D,... không gì có thể cản trở hay chinh chiến đầy mạnh mẽ trong mọi trận chiến game.Nâng cấp trải nghiệm lên một tầm cao mới nhờ RAM 16 GB chuẩn DDR4 2 khe (1 khe 8 GB + 1 khe 8 GB) với tốc độ Bus RAM 3200 MHz, đem lại sự đa nhiệm ấn tượng, cho phép người dùng mở nhiều tab hay ứng dụng và chuyển đổi qua lại mà không lo giật hay lag máy. Bên cạnh đó, hỗ trợ nâng cấp RAM tối đa 64 GB, đáp ứng tối đa nhu cầu của người dùng.Xuất hiện trên các mẫu laptop mạnh nhất cho game thủ hay sáng tạo nội dung chuyên nghiệp, nhờ card đồ họa rời NVIDIA GeForce RTX 3070, 8 GB, cho những hình ảnh đồ họa chân thật,đem lại tốc độ khung hình siêu nhanh, cho phép bạn thỏa sức chiến các game thịnh hành đầy hấp dẫn như PUBG: Battlegrounds, LOL, FIFA,... hay phát triển những ý tưởng đồ họa không giới hạn cùng Lightroom, Illustrator, Photoshop,...Chuyển đổi dễ dàng giữa chế độ chỉ sử dụng card đồ họa rời (Discrete Graphics Mode) hoặc sử dụng công nghệ NVIDIA Optimus (MSHybrid Graphics Mode), đem đến hiệu năng xử lý tối đa.Hơn thế nữa, sức mạnh đồ họa được nâng cao đáng kể khi chọn chế độ Extreme mode trên phần mềm MSI Center.Tốc độ mở và vận hành máy hay các ứng dụng đáng kinh ngạc nhờ ổ cứng SSD 2 TB NVMe PCle. Đồng thời, đem đến một bộ nhớ khổng lồ, cho bạn thoải mái lưu trữ hàng loạt sản phẩm thiết kế tâm đắc, bộ phim hay tựa game yêu thích.\n	',58990000,'Laptop MSI Gaming GE66 Raider 11UG','12 Tháng',7,14,'2022-11-20 16:04:21.580000'),(425,_binary '','https://firebasestorage.googleapis.com/v0/b/graduation-396ec.appspot.com/o/product%2F0.rl8roftwlj_Laptop%20Lenovo%20IdeaPad%20Gaming%203?alt=media&token=040b38d0-6942-4522-943f-af13f441f519','Gam màu đen huyền bí cùng những chi tiết góc cạnh hầm hố làm nên chiếc laptop Lenovo IdeaPad Gaming 3 15IHU6 i5 (82K10178VN) chuẩn laptop gaming với cấu hình mạnh mẽ của chip Intel Gen 11 và card NVIDIA GTX sẽ làm hài lòng nhu cầu chơi game giải trí cho bạn.Laptop Lenovo mang trong mình CPU Intel Core i5 11300H mạnh mẽ cùng card màn hình rời NVIDIA GTX 1650 4 GB sẵn sàng cân các tựa game hiện hành: GTA V, CS:GO, LOL,... mượt mà cũng như tác vụ Office, chỉnh sửa thiết kế ảnh Adobe với hiệu suất ổn định.Laptop sở hữu RAM 8 GB mang lại khả năng đa nhiệm tốt các tác vụ nhẹ, chơi game ổn định, khuyến khích bạn nên nâng cấp RAM để máy chạy hết công suất. SSD 512 GB cho không gian lưu trữ vừa đủ, khởi động ứng dụng, máy tính nhanh.Màn hình laptop Lenovo IdeaPad Gaming có kích thước 15.6 inch cùng tần số quét 120 Hz bổ trợ cho trải nghiệm hình ảnh chơi game, hạn chế tình trạng xé hình.Tiện ích tích hợp theo máy gồm TPM 2.0 giúp bảo vệ dữ liệu thông qua mã hoá ổ cứng, công tắc khoá camera để bảo vệ camera khỏi bụi bẩn. Đèn nền bàn phím chyển màu RGB cho phép người dùng cá nhân hoá màu sắc theo sở thích.Đa dạng cổng giao tiếp: USB 3.2, LAN (RJ45), HDMI, USB Type-C,...Công nghệ Nahimic Audio cho chất âm tốt, cảm nhận chơi game đã tai, hoà mình vào thế giới ảo đầy màu sắc.',18890000,'Laptop Lenovo IdeaPad Gaming 3','12 Tháng',7,11,'2022-11-20 16:09:16.068000'),(434,_binary '','https://firebasestorage.googleapis.com/v0/b/graduation-396ec.appspot.com/o/product%2F0.srw5m0wdutc_Laptop%20Asus%20TUF%20Gaming%20FX506LH?alt=media&token=278c4794-bcc6-4e1c-b874-3e8145063774','Với cấu hình khoẻ từ card rời NVIDIA GeForce GTX cùng một thiết kế ấn tượng, laptop Asus TUF Gaming FX506LH i5 (HN188W) sẽ mang đến nhiều trải nghiệm thú vị cho các game thủ.Sở hữu chip Intel Core i5 Comet Lake 10300H và card GeForce GTX 1650 4 GB từ nhà NVIDIA xử lý hoàn hảo mọi nhu cầu từ văn phòng đến đồ họa nặng hay thậm chí hỗ trợ bạn chiến các tựa game hấp dẫn: CS:GO, Fifa Online 4, GTA V,...Cùng RAM 8 GB và SSD 512 GB nâng cao tốc độ phản hồi, hạn chế tình trạng giật hay lag máy khi bạn mở nhiều ứng dụng cùng lúc hay chuyển đổi qua lại, tối ưu hiệu suất cho laptop.Các chuyển động diễn ra trơn tru, nắm bắt mọi khoảnh khắc trong game, giảm độ trễ nhờ tần số quét 144 Hz.Độ sáng 250 nits, chống chói Anti Glare và tấm nền IPS được trang bị trên màn hình 15.6 inch hạn chế hiện bóng gương khi cường độ ánh sáng cao, cho hiển thị rõ nét ở những chỗ điều kiện ánh sáng kém, góc nhìn được mở rộng, trải nghiệm hình ảnh sắc nét, chân thật.Laptop Asus TUF mang một ngoại hình mạnh mẽ với các đường nét tinh tế, góc cạnh cùng trọng lượng 2.3 kg, dày 24.9 mm, tạo nên chiếc laptop gaming cực cá tính, sẵn sàng đồng hành cùng bạn.Đèn nền chuyển màu RGB cũng được cài đặt trên laptop Asus không chỉ tô điểm cho không gian chiến game của bạn mà còn hỗ trợ bạn gõ phím chính xác trong những nơi thiếu sáng.Đáp ứng đa dạng cổng kết nối như: USB 3.2 Gen 2 Type-C, 2 cổng USB 3.2, HDMI, LAN (RJ45), USB 2.0 phục vụ nhu cầu truyền tải dữ liệu nhanh chóng.',17990000,'Laptop Asus TUF Gaming FX506LH','12 Tháng',7,12,'2022-11-20 16:14:26.826000'),(448,_binary '','https://firebasestorage.googleapis.com/v0/b/graduation-396ec.appspot.com/o/product%2F0.vp7n23duxf_Laptop%20MSI%20Gaming%20GF63%20Thin%2010SC?alt=media&token=e1e2a4c1-1f83-4861-b5aa-870e03a206ce','Cấu hình được thiết kế vượt trội đến từ laptop MSI Gaming GF63 Thin 10SC i7 10750H (480VN), cùng kiểu dáng gaming mạnh mẽ, là người cộng sự lý tưởng, nâng tầm mọi trải nghiệm cho người dùng.Đột phá trên mọi chiến trường ảo với hiệu năng được tối ưu .Thỏa mãn người dùng với các tựa game thịnh hành đầy kịch tính hiện nay như LOL, Cyberpunk 2077, CS:GO, FIFA,... nhờ hiệu năng vượt trội đến từ bộ CPU Intel Core i7 Comet Lake 10750H sở hữu cấu trúc 6 nhân 12 luồng, cho tốc độ xung nhịp cơ bản 2.60 GHz và đạt tối đa lên đến 5.0 GHz Turbo Boost, đồng thời hỗ trợ bạn xử lý các tác vụ văn phòng một cách hiệu quả, nhanh gọn cùng các ứng dụng Word, Excel,...Đa nhiệm hơn bao giờ hết nhờ RAM 8 GB chuẩn DDR4 2 khe (1 khe 8 GB + 1 khe rời) với tốc độ bus RAM 3200 MHz, cùng khả năng nâng cấp RAM tối đa lên đến 64 GB, tối ưu hơn cho mọi nhu cầu, cho phép bạn mở và chuyển đổi giữa nhiều ứng dụng cùng lúc mà không xảy ra tình trạng giật lag, nâng cao năng suất công việc.Chiếc laptop này được trang bị card đồ họa rời GeForce GTX 1650 Max-Q Design 4 GB từ nhà NVIDIA hỗ trợ người dùng thao tác mọi hành động trong game một cách trơn tru, cùng khả năng chỉnh sửa hình ảnh, render video,... với các ứng dụng Photoshop, AI, Premiere,... tạo nên những tác phẩm ấn tượng, đầy sáng tạo.',22490000,'Laptop MSI Gaming GF63 Thin 10SC','12 Tháng',7,14,'2022-11-20 16:19:04.275000'),(461,_binary '','https://firebasestorage.googleapis.com/v0/b/graduation-396ec.appspot.com/o/product%2F0.wnpzte40lc8_Laptop%20MSI%20Gaming%20GE66%20Raider%2011UH?alt=media&token=a0d07f2f-1c32-42c9-865f-e14e0f3fffb1','MSI Gaming GE66 Raider 11UH i7 (259VN) thuộc dòng laptop gaming cao cấp của nhà MSI, sở hữu thiết kế độc đáo với cấu hình mạnh mẽ cùng hiệu suất chơi game gần như hoàn hảo nhờ sở hữu con chip Intel Gen 11 hiện đại. Đây chắc chắn sẽ là chiếc laptop mang đến cho bạn những giây phút giải trí tuyệt vời.Sức mạnh nổi bật nhờ công nghệ tiên tiến MSI Gaming GE66 được trang bị bộ vi xử lý Intel Core i7 Tiger Lake 11800H với cấu trúc 8 nhân 16 luồng, mức xung nhịp trung bình là 2.3 GHz và đạt tối đa 4.6 GHz nhờ Turbo Boost giúp bạn hoàn thành mọi công việc một cách mượt mà nhất. Xử lý nhanh gọn các tính năng văn phòng phức tạp trên Word, Excel,... hay chỉnh sửa hình ảnh với dung lượng cao, thiết kế poster, render video,... cũng tuyệt vời không kém mà còn tiết kiệm điện năng vượt trội.RAM 32 GB tốc độ Bus RAM 3200 MHz cho hiệu năng vượt trội, khả năng đa nhiệm nhiều tác vụ cùng lúc, chơi game hay phát sóng trực tiếp đều mượt mà. Ngoài ra, bạn có thể nâng cấp lên đến 64 GB khi có nhu cầu trải nghiệm máy ở tốc độ cao hơn nữa.Card đồ họa rời NVIDIA GeForce RTX 3080 16 GB cho bạn thoải mái chiến các tựa game hot hiện nay: Cyberpunk 2077,Valorant, CS:GO, Naraka: Bladepoint, Fifa Online 4,... ở mức cài đặt cao hay đẩy mạnh hiệu suất công việc, thỏa sức sáng tạo nội dung, kết xuất 2D, 3D, render video qua các ứng dụng Photoshop, AI, Lightroom, Pr, Figma,...Bên cạnh đó, bạn có thể tùy chỉnh, chuyển đổi card đồ họa giữa chế độ chỉ sử dụng card đồ họa rời(Discrete Graphics Mode) hay NVIDIA Optimus (MSHybrid Graphics Mode). Đồng thời, sức mạnh đồ họa còn có thể được nâng cao hơn nữa thông qua việc ép xung GPU và VRAM trên phần mềm MSI Center (khi chọn chế độ hoạt động là Extreme mode).Hơn thế nữa, MSI còn được trang bị ổ cứng SSD 2 TB NVMe PCIe hỗ trợ thêm 1 khe cắm SSD M.2 PCIe mở rộng (nâng cấp tối đa 2 TB), cho tốc độ phản hồi nhanh chóng, đem đến không gian lưu trữ khổng lồ, cho phép người dùng thoải mái tải về mọi tài liệu, ứng dụng, bộ phim yêu thích hay các bộ game hấp dẫn.Đặc biệt, hệ thống tản nhiệt hiện đại với công nghệ độc quyền CoolerBoost 5 với 2 quạt,6 ống đồng cùng với 4 khe thoát khí, tối ưu hiệu suất hoạt động khi người dùng chơi game trong nhiều giờ liền, không lo tình trạng quá tải nhiệt độ.',73990000,'Laptop MSI Gaming GE66 Raider 11UH','36 Tháng',7,14,'2022-11-20 16:24:56.761000'),(474,_binary '','https://firebasestorage.googleapis.com/v0/b/graduation-396ec.appspot.com/o/product%2F0.6s5rqp9yzls_Laptop%20MSI%20Gaming%20GS66%20Stealth%2011UG?alt=media&token=02c06d9e-0151-4068-849f-b833a7379941','Xứng danh tay chơi cự phách nơi đô thị sầm uất, laptop MSI Gaming GS66 Stealth 11UG i7 11800H (219VN) với vẻ ngoài đầy mạnh mẽ cùng sức mạnh tuyệt hảo, phát huy hiệu suất tối ưu và khả năng chiến game cực đã cùng đồng đội.Ấn tượng với vẻ ngoài sắc sảo, phá vỡ mọi giới hạn.Sở hữu kiểu dáng cơ động với thiết kế đen nhám mang phong cách chân phương, cùng lớp vỏ kim loại được gia cường cứng cáp, đã mang đến một phiên bản laptop đầy mạnh mẽ, sẵn sàng trở thành người cộng sự đáng tin cậy, đáp ứng tốt mọi nhu cầu của bạn.MSI Gaming vẫn là một chiếc laptop di động, linh hoạt trong phân khúc gaming với trọng lượng chỉ 2.1 kg và độ dày 19.8 mm, đồng hành cùng bạn đến bất cứ đâu, phục vụ tốt cho các nhu cầu chơi game giải trí lẫn làm việc đầy chuyên nghiệp.Bản lề gập mở 180 độ giúp tăng độ bền cho máy hơn, đồng thời dễ dàng cho bạn chia sẽ màn hình với người khác, thỏa sức trình bày ý tưởng trong các cuộc họp.Nổi bật cá tính khi bàn phím được trang bị đèn nền chuyển màu RGB, tùy chỉnh từng phím theo sở thích, theo dõi thông số trong game qua bàn phím, thậm chí là xem đèn nền phím nhảy theo điệu nhạc, vừa tăng sự thích thú khi chiến game cùng bạn bè, vừa giúp người dùng khả năng sử dụng máy trong điều kiện thiếu sáng dễ dàng hơn. Làm việc hay giải trí một cách hiệu quả, thú vị nhờ các cổng kết nối HDMI, Thunderbolt 4 USB-C, USB 3.2 và USB Type-C, giúp người dùng liên kết và chia sẻ thông tin với các thiết bị ngoại vi tương thích dễ dàng hơn, mở rộng không gian hiển thị trên nhiều màn hình.Được trang bị chuẩn kết nối không dây tiên tiến Wi-Fi 6E (802.11ax) và Bluetooth 5.2, vừa đảm bảo đường truyền ổn định ngay cả khi nhiều người cùng sử dụng, vừa giúp người dùng chia sẻ thông tin một cách thuận lợi.\n',63990000,'Laptop MSI Gaming GS66 Stealth 11UG','36 Tháng',7,14,'2022-11-20 16:29:29.583000'),(489,_binary '','https://firebasestorage.googleapis.com/v0/b/graduation-396ec.appspot.com/o/product%2F0.i17jxtit2bq_Laptop%20MSI%20Gaming%20Vector%20GP66%2012UGS?alt=media&token=eacca343-39d7-4aa1-a61d-5e3d644d95c1','Laptop MSI Gaming Vector GP66 12UGS i7 12700H (432VN) là thế hệ laptop gaming mới nhất được nhà MSI cho ra mắt với những đột phá về thiết kế cũng như hiệu năng, xứng danh trợ thủ đắc lực cho mọi game thủ, người dùng sáng tạo đồ hoạ - kỹ thuật.Laptop MSI Vector sở hữu CPU Core i7 12700H tân tiến nhất cùng card rời RTX 3070Ti 8 GB cho hiệu suất vượt trội, xử lý hiệu quả mọi công việc đồ hoạ khó nhằn hay những trận game kịch tính.16 GB RAM trên laptop hỗ trợ đa nhiệm trơn tru kể cả với những tác vụ nặng, kết hợp ổ cứng SSD 1 TB giúp truy xuất dữ liệu cực nhanh, không gian lưu trữ thoải mái.Chất lượng hiển thị sắc nét, dãy màu cực rộng nhờ độ phân giải QHD (2560 x 1440) cùng công nghệ 100% DCI-P3.Laptop đồ họa - kỹ thuật này có tần số quét 165 Hz giúp tái hiện hình ảnh mượt mà trong mọi pha chuyển động nhanh.Với đèn bàn phím chuyển màu RGB độc đáo, bạn có thể cá nhân hoá từng phím trên chiếc laptop MSI theo sở thích của mình.Trang bị các cổng giao tiếp tiện lợi như USB 3.2, HDMI, USB Type-C, Mini DisplayPort,...',54990000,'Laptop MSI Gaming Vector GP66 12UGS','12 Tháng',7,14,'2022-11-20 16:34:19.584000'),(497,_binary '','https://firebasestorage.googleapis.com/v0/b/graduation-396ec.appspot.com/o/product%2Fmsi-gp76-11ug-i7-435vn-600x600-Main.jpg?alt=media&token=8167a350-8a4a-4090-9390-31f1f39b1221','Vượt qua khỏi sự phức tạp của các thuật toán kỹ thuật, mô phỏng cơ khí hay thiết kế đồ họa chuyên nghiệp, laptop MSI Gaming Leopard GP76 11UG i7 (823VN) sở hữu phần cứng được tối ưu đến mức tối đa, dễ dàng đáp ứng mọi nhu cầu từ bạn.Sức mạnh hoàn mỹ đến từ chip Intel thế hệ 11 .Thỏa mãn bạn trong mọi tác vụ từ cơ bản đến nâng cao trong các công việc văn phòng, đồ họa hay gaming một cách mượt mà khi chiếc laptop này được trang bị bộ vi xử lý Intel Core i7 Tiger Lake 11800H với 8 nhân 16 luồng, đạt tốc độ CPU 2.30 GHz và tối đa lên đến 4.6 GHz nhờ Turbo Boost, cho phép bạn bức phá mọi giới hạn, không gì có thể cản bước.Nâng tầm trải nghiệm nhờ RAM 16 GB chuẩn DDR4 2 khe (1 khe 8 GB + 1 khe 8 GB) với tốc độ Bus RAM 3200 MHz, cùng khả năng nâng cấp RAM tối đa lên đến 64 GB, cho phép người dùng làm nhiều việc cùng lúc như vừa lên ý tưởng thiết kế vừa nghe nhạc, mở nhiều ứng dụng hay hàng chục layer đồ họa và chuyển đổi qua lại một cách trơn tru, không lo xảy ra tình trạng giật lag, nâng cao hiệu suất công việc.Áp dụng kiến trúc Ampere uy tính với nhân RT, nhân Tensor tân tiến cùng đa nhân xử lý streaming, mang đến đồ họa ray-tracing chân thật nhất và các tính năng AI hiện đại, card đồ họa rời NVIDIA GeForce RTX 3070, 8 GB cho phép bạn thoải mái phát triển những ý tưởng đồ họa không giới hạn cùng Lightroom, Illustrator, Photoshop,... hay tận hưởng trọn vẹn những trận game đầy kịch tính như LOL, PUBG: Battlegrounds, FIFA,...Cho phép người dùng dễ dàng chuyển đổi giữa chế độ Discrete Graphics Mode (chỉ sử dụng card đồ họa rời) hoặc MSHybrid Graphics Mode (sử dụng công nghệ NVIDIA Optimus), cho bạn tận dụng tối đa hiệu năng của máy. Không những thế, sức mạnh của card đồ họa còn được nâng tầm đáng kể qua khả năng ép xung của GPU và VRAM khi sử bật chế độ Extreme mode trên phần mềm MSI Center.Laptop 1 TB SSD M.2 PCIe (Có thể tháo ra, lắp thanh khác tối đa 2 TB) cùng khe cắm SSD M.2 PCIe mở rộng (nâng cấp tối đa 2 TB) với băng thông cực cao cho phép máy phát huy tối đa sức mạnh, vừa mang đến không gian lưu trữ khổng lồ, vừa hỗ trợ bạn mở máy và vận hành các ứng dụng trong thời gian nhanh chóng, luôn ở trạng thái sẵn sàng cho bạn làm việc, giải trí.',51990000,'Laptop MSI Gaming Leopard GP76 11UG','36 Tháng',7,14,'2022-11-20 16:38:49.268000'),(510,_binary '','https://firebasestorage.googleapis.com/v0/b/graduation-396ec.appspot.com/o/product%2F0.zascosregl_Laptop%20MSI%20Gaming%20Stealth%2015M%20A11UEK?alt=media&token=7d9e5bc3-6ee4-4a1b-b3a4-305243113790','Lấy cảm hứng từ phong cách đô thị, MSI Gaming Stealth 15M A11UEK i7 (254VN) mang thiết kế gaming hiện đại, mạnh mẽ cùng bộ cấu hình vượt trội cho hiệu suất tối ưu để chiến game đỉnh cao và thiết kế đồ họa chuyên nghiệp.Đột phá mọi giới hạn với con chip Intel thế hệ 11 tân tiến.Chiếc laptop MSI Gaming này sở hữu bộ CPU Intel Core i7 Tiger Lake 11375H cấu trúc 4 nhân 8 luồng, có tốc độ xung nhịp cơ bản 3.30 GHz và đạt tối đa lên đến Turbo Boost 5.0 GHz cung cấp một sức mạnh hiệu năng cực mạnh mẽ cho bạn thỏa sức chiến các tựa game hot ở mức cài đặt cao như: PUBG: Battlegrounds, Valorant, CS:GO, Fifa Online 4,... hay thiết kế đồ họa chuyên dụng cũng như cân mọi tác vụ văn phòng hàng ngày.Đa tác vụ siêu mượt mà với bộ nhớ RAM 16 GB chuẩn DDR4 2 khe (1 khe 8 GB + 1 khe 8 GB) tốc độ Bus RAM 3200 MHz cho phép người dùng thoải mái mở nhiều ứng dụng cùng lúc, vừa học tập, làm việc và giải trí mà không lo xảy ra hiện tượng giật lag, đơ máy. Ngoài ra, bạn còn có thể nâng cấp tối đa 64 GB để nâng cao trải nghiệm hơn nữa.Card đồ họa rời NVIDIA GeForce RTX 3060 Max-Q 6 GB sử dụng kiến trúc Ampere với nhân RT và nhân Tensor mới, cùng với đa nhân xử lý streaming giúp đem lại đồ họa ray-tracing siêu chân thực và các tính năng AI tân tiến nhất, mang lại tốc độ hiển thị siêu mượt cho các trận game đầy kịch tính ở mức cài đặt cao cũng như thỏa sức sáng tạo, chỉnh sửa hình ảnh 2D, 3D phức tạp, render video bằng các công cụ Lightroom, Illustrator, Photoshop, Figma, Pr,...\n	Ổ cứng SSD 512 GB NVMe PCIe có thể tháo ra, lắp thanh khác tối đa 2 TB, giúp vận hành máy hay khởi chạy các ứng dụng một cách nhanh chóng vượt trội, đồng thời mang đến kho lưu trữ các tài liệu cá nhân, phim ảnh, file âm nhạc cũng như các tựa game yêu thích,... Phần mềm Dragon Center độc quyền của nhà MSI giúp bạn điều chỉnh tùy biến laptop theo ý muốn của mình, theo dõi thông số hoạt động, quản lý, tùy chỉnh và tối ưu máy một cách dễ dàng, thuận tiện trên một giao diện chung thống nhất.Hệ thống tản nhiệt mạnh mẽ, hiệu quả với cụm tản nhiệt riêng cho CPU và GPU gồm 2 quạt 6 ống dẫn nhiệt, giảm thiểu hơi nóng, tối ưu luồng gió, đảm bảo mang lại hiệu năng game cao trong một thân máy nhỏ gọn.\n',40990000,'Laptop MSI Gaming Stealth 15M A11UEK','36 Tháng',7,14,'2022-11-20 16:42:57.054000'),(524,_binary '','https://firebasestorage.googleapis.com/v0/b/graduation-396ec.appspot.com/o/product%2F0.ikatyfa3rm_Laptop%20MSI%20Creator%20M16%20A12UC?alt=media&token=c671bf69-32c2-4cb2-a0c7-ed11009d4b64','Laptop MSI Creator M16 A12UC i7 (292VN) sở hữu đường nét góc cạnh, mạnh mẽ cùng hiệu năng vượt trội của dòng chip Intel thế hệ 12 sẵn sàng đưa bạn bước vào một kỉ nguyên mới của vẻ đẹp công nghệ, bức phá mọi giới hạn dành riêng cho người dùng sáng tạo.Không gian hiển thị mở khoá trí tưởng tượng vô hạn.Laptop MSI được trang bị màn hình 16 inch với độ phân giải QHD+ (2560 x 1600), độ sáng 500 nits cung cấp chất lượng hình ảnh sắc nét, giúp bạn theo dõi hình ảnh rõ ràng ngay cả khi ngồi ở nơi có cường độ ánh sáng mạnh, không gian mở,...Công nghệ IPS cho góc nhìn rộng lên đến 178 độ. Khi trải nghiệm xem Youtube cùng bạn bè, ngồi ở các vị trí khác nhau nhưng màn hình vẫn hiển thị màu sắc sống động, chất lượng hình ảnh rõ nét ở mọi vị trí nhìn. Mình đã kiểm tra chất lượng màn hình qua phần mềm Spyder 5 Pro, kết quả ấn tượng với 100% sRGB, 90% Adobe RGB, 100% DCI-P3. Với số liệu đo được, mình tin chắc đây là một trong những chiếc máy có màn hình đạt độ chân thật, chuẩn xác màu trên từng khung ảnh, điều mà tên gọi “Creator” mang nghĩa người dùng sáng tạo rất quan tâm đến.Tính năng màn hình MSI True Color cho phép bạn sử dụng thay đổi chế độ màu sắc theo nhu cầu cá nhân như: sRGB, Adobe RGB, DCI-P3,... ngoài ra còn có thể cân bằng màu sắc phù hợp với công việc hằng ngày.\n	',36490000,'Laptop MSI Creator M16 A12UC','24 Tháng',7,14,'2022-11-20 16:46:48.287000'),(533,_binary '','https://firebasestorage.googleapis.com/v0/b/graduation-396ec.appspot.com/o/product%2F0.z7bls8xfkcf_Laptop%20HP%20Gaming%20VICTUS%2016%20d0198TX?alt=media&token=b4bfa8ca-6b05-4d16-9e0e-427766aa6e5e','Laptop HP Gaming VICTUS 16 d0198TX (4R0U0PA) là chiếc laptop gaming mạnh mẽ với vẻ ngoài cá tính, sẵn sàng tác chiến cùng bạn trên mọi chiến trường ảo.CPU Intel Core i7 Tiger Lake 11800H vận hành trơn tru nhu cầu học tập, văn phòng. Card rời NVIDIA GeForce RTX3050Ti 4 GB xử lý ổn định các tác vụ đồ hoạ, biên tập video, chiến các tựa game hấp dẫn.Không gian hiển thị rộng lớn với góc nhìn rộng lên đến 178 độ trên laptop HP VICTUS nhờ kích thước màn hình 16.1 inch cùng tấm nền IPS tiên tiến. Độ sáng 250 nits và công nghệ Anti Glare hạn chế chống chói, loá ở nơi có ánh sáng mạnh.Tần số quét 144 Hz giúp hình ảnh chuyển động vô cùng chân thực, hạn chế mờ hình hay xé hình. Laptop có lớp vỏ nhựa cứng cáp với gam màu đen nhám sang trọng. Trọng lượng 2.46 kg vẫn có thể chấp nhận được so với dòng laptop gaming, luôn sẵn sàng đồng hành cùng bạn đến bất cứ nơi đâu. Laptop HP được trang bị đèn nền đơn sắc nổi bật hỗ trợ sử dụng trong môi trường thiếu sáng.Đa nhiệm mượt mà nhờ bộ nhớ RAM 8 GB. Ổ cứng 512 GB SSD cung cấp không gian lưu trữ đủ dùng.Công nghệ Bang & Olufsen audio với âm bass bền chắc, to rõ cho bạn trọn vẹn khoảnh khắc thư giãn. Trang bị đa dạng các cổng kết nối như SuperSpeed USB Type-C, 3 x SuperSpeed USB A, HDMI và LAN (RJ45).',27990000,'Laptop HP Gaming VICTUS 16 d0198TX','36 Tháng',7,532,'2022-11-20 16:57:32.042000'),(542,_binary '','https://firebasestorage.googleapis.com/v0/b/graduation-396ec.appspot.com/o/product%2F0.nqbqop5jka_Laptop%20Lenovo%20Gaming%20Legion%205%20(R5)?alt=media&token=74ffcf16-4634-4b5d-bcf7-5da829d7c986','Với phong cách thiết kế độc đáo cùng card đồ họa NVIDIA GeForce mạnh mẽ, laptop Lenovo Gaming Legion 5 15ACH6 (82JW00KLVN) đáp ứng tốt mọi tác vụ từ học tập, văn phòng nhẹ nhàng đến đồ họa, kỹ thuật chuyên sâu.Xử lý mọi nhu cầu làm việc hay giải trí cơ bản nhờ bộ vi xử lý AMD Ryzen 5 5600H, hỗ trợ bạn chiến các tựa game như CS:GO, GTA V, PUBG, LOL,... với card đồ họa rời NVIDIA GeForce RTX3050 4 GB mạnh mẽ.Bộ nhớ RAM 8 GB cho phép bạn mở hàng loạt cửa sổ ứng dụng cùng lúc, ổ cứng SSD 512 GB cùng khe cắm SSD M.2 PCIe mở rộng mang đến không gian lưu trữ tốt, đáp ứng tối đa nhu cầu công việc. Laptop gaming có tần số quét 165 Hz cho độ trễ thấp, màn hình 100% sRGB cùng công nghệ Dolby Vision tái tạo các gam màu sắc một cách chuẩn xác, tươi mới.Laptop màn hình 15.6 inch cùng tấm nền IPS hiện đại cho góc nhìn bao quát. Độ phân giải Full HD (1920 x 1080) và công nghệ Anti Glare cung cấp chất lượng hình ảnh rõ nét, bảo vệ thị giác người xem, giảm thiểu hiện tượng chói.Laptop Lenovo Gaming Legion sở hữu thiết kế độc đáo với chiếc logo nổi bật trên lớp vỏ nhựa bền chắc, trọng lượng 2.4 kg luôn trong tư thế sẵn sàng chiến đấu bất cứ khi nào bạn cần.Máy được trang bị công tác khóa camera hiện đại. Laptop Lenovo còn trang bị đèn nền phím đơn sắc cho phép bạn làm việc hay chiến game ngay cả trong môi trường thiếu sáng.Đa dạng các cổng kết nối hiện đại được trang bị trên laptop như 1 x USB 3.2, 2 x USB Type-C, 3 x USB 3.2, HDMI và LAN (RJ45).',26090000,'Laptop Lenovo Gaming Legion 5 (R5)','36 Tháng',7,11,'2022-11-20 17:01:49.746000'),(550,_binary '','https://firebasestorage.googleapis.com/v0/b/graduation-396ec.appspot.com/o/product%2F0.kbrgrwj7p2a_Laptop%20HP%20EliteBook%20X360%201040%20G8?alt=media&token=4f0ee09a-9c1c-45bc-919e-765b7f005d96','Đẳng cấp và ấn tượng hơn bao giờ hết cùng laptop HP EliteBook X360 1040 G8 i7 (3G1H4PA) với thiết kế sang trọng, bản lề gập xoay 360 độ cùng khả năng vận hành và xử lý mọi tác vụ mạnh mẽ mang đến những trải nghiệm trọn vẹn, khó quên cho người dùng.Tính năng đặc biệt tạo nên nét riêng độc đáoLaptop HP EliteBook sở hữu các cạnh bo viền mềm mại cùng bản lề gập xoay linh hoạt 360 độ cho phép bạn sử dụng laptop thuận tiện trong việc chia sẻ thông tin với người đối diện mà không phải xoay chuyển hướng rườm rà.Biến đổi thành chiếc máy tính bảng nhanh chóng cùng màn hình cảm ứng và bút đi kèm, cho người dùng thoải mái sử dụng trong mọi tư thế, thỏa sức sáng tạo trong công việc.Đặc biệt, HP EliteBook X360 sở hữu màn hình chống nhìn trộm nhờ công nghệ HP Sure View đảm bảo an toàn cho thông tin của bạn khi làm việc nơi công cộng như trường học, trên máy bay,...An toàn hơn cùng bảo mật vân tay, giúp tiết kiệm tối đa thời gian mở máy nhanh chóng chỉ với một chạm và đảm bảo các dữ liệu trong máy không bị xâm phạm.Đặc biệt, máy được trang bị Camera IR hồng ngoại có khả năng nhận diện khuôn mặt nhờ công nghệ Windows Hello Face giúp bạn tiết kiệm tối ưu thời gian mở khóa.\n	',45990000,'Laptop HP EliteBook X360 1040 G8','36 Tháng',7,532,'2022-11-20 17:06:15.217000'),(564,_binary '','https://firebasestorage.googleapis.com/v0/b/graduation-396ec.appspot.com/o/product%2F0.qv25hl887ha_Laptop%20HP%20Gaming%20VICTUS%2016%20e0170AX?alt=media&token=87a9ecae-78d3-499d-bd5f-fa7607693ee8','Dòng Gaming Victus là một phiên bản lột xác hoàn toàn từ thiết kế đến hiệu năng của nhà HP. Chỉ với một mức giá tầm trung là bạn có thể sở hữu ngay chiếc laptop HP Gaming VICTUS 16 e0170AX R7 (4R0U7PA) chinh phục mọi tác vụ.Diện mạo ấn tượng, mang đậm chất thể thao.Phiên bản laptop HP Victus mang một thiết kế tối giản nhưng cũng không kém phần mạnh mẽ nhờ kết hợp với những đường nét góc cạnh tạo nên một tổng thể hiện đại, bắt mắt mà bạn không thể tìm thấy hay nhầm lẫn với bất kỳ dòng laptop gaming nào.Điểm nhấn của chiếc laptop này là logo Victus sáng bóng cùng chữ Victus được khắc song song khiến cho máy trở nên tinh tế, thu hút người dùng. Bởi vì là chiếc laptop gaming nên máy có trọng lượng khá nặng khoảng 2.46 kg, độ dày 23.5 mm, tuy nhiên bạn vẫn có thể bỏ vào balo và chiến game ở khắp mọi nơi.Thật ấn tượng với khe thoát nhiệt dài và rộng được đặt ngay cạnh trước mặt lưng của máy giúp máy luôn mát mẻ, hoạt động ổn định khi sử dụng với các tác vụ nặng nhờ khe tản nhiệt lớn, lượng nhiệt thoát ra nhiều hơn, nhanh hơn, ngăn chặn tình trạng nóng bàn phím hay chỗ kê tay khi làm việc.Do màn hình lớn 16.1 inch được thiết kế khá nặng và dày, còn phần bản lề thì chưa được cứng cáp để giữ cho màn hình không bị rung lắc. Đây chính là điểm yếu nhất của chiếc máy này khi thao tác mạnh.Bạn có thể thao tác trên bàn phím chuẩn xác hơn nhờ đèn đơn sắc trắng được cài đặt dưới các phím. Hành trình phím sâu, khoảng cách giữa các phím vừa phải tạo sự thoải mái khi bạn thực hiện các lệnh. Bàn phím được thiết kế Fullsize giúp bạn tính toán, nhập liệu chỉ trong tích tắc.Cùng với đó, nhà laptop HP đã trang bị khá đầy đủ các cổng kết nối như cổng USB, Type-C, HDMI, Jack tai nghe và cả khe đọc thẻ nhớ SD hỗ trợ bạn kết nối các thiết bị ngoại vi như loa, màn hình, máy in,... dễ dàng hơn, tiện lợi hơn, truy xuất dữ liệu nhanh hơn.\n	',25490000,'Laptop HP Gaming VICTUS 16 e0170AX','36 Tháng',7,532,'2022-11-20 17:11:22.662000'),(574,_binary '','https://firebasestorage.googleapis.com/v0/b/graduation-396ec.appspot.com/o/product%2F0.okv04bqk1ca_Laptop%20Acer%20Swift%20X%20SFX16%2051G%20516Q?alt=media&token=7fe6f2f4-fae6-434a-ab30-045370a724f8','Nếu bạn đang tìm một chiếc laptop đồ hoạ - kỹ thuật với hiệu năng mạnh mẽ cùng thiết kế hiện đại thì laptop Acer Swift X SFX16 51G 516Q i5 (NX.AYKSV.002 ) là sản phẩm xứng đáng để bạn lựa chọn.Laptop Acer mang một hiệu năng mạnh mẽ, xử lý mượt mà các tác vụ thiết kế đồ hoạ, render video,... trên các phần mềm Photoshop, AI, Premiere,... hay thỏa sức cho bạn sáng tạo nội dung nhờ chip Intel Core i5 Tiger Lake 11320H cùng card rời NVIDIA GeForce RTX 3050 4 GB.Laptop RAM 16 GB và SSD 512 GB cho đa nhiệm ấn tượng, khởi động máy hay mở các ứng dụng nặng nhanh chóng, rút ngắn thời gian phản hồi, tối ưu hiệu suất cho máy.Màn hình trang bị kích thước 16.1 inch kết hợp với công nghệ IPS và Acer ComfyView cho khả năng chống chói tốt, chống ánh sáng xanh, bảo vệ tốt thị giác và sức khỏe của bạn, đồng thời mang đến góc nhìn được mở rộng, hiển thị rõ nét, chân thật.Công nghệ LED Backlit và TFT cho màn hình mỏng hơn, màu sắc tươi sáng, độ tương phản tốt, toả nhiệt ít, tiết kiệm điện năng cho máy.Bộ đôi công nghệ Acer TrueHarmony và DTS Audio cho âm thanh vòm đa chiều, ít bị biến dạng giúp âm thanh to rõ, chân thực, trải nghiệm giải trí thêm phần thú vị.Laptop Acer Swift có trọng lượng 1.9 kg và dày 18.9 mm cùng lớp vỏ kim loại cứng cáp, tạo nên tổng thể hiện đại, sang trọng phù hợp mọi không gian thiết kế, dễ dàng mang đi khắp nơi.Laptop được trang bị đèn nền dưới các phím hỗ trợ bạn nhập liệu nhanh chóng, chính xác trong bóng tối. Tích hợp tính năng cảm biến vân tay mở máy nhanh chóng chỉ với một chạm và thông tin cá nhân được đảm bảo an toàn. Đa dạng cổng kết nối được sở hữu 2 cổng USB 3.2, HDMI, Thunderbolt 4 USB-C truyền tải dữ liệu dễ dàng, tiết kiệm thời gian chờ.\n	',26090000,'Laptop Acer Swift X SFX16 51G 516Q','36 Tháng',7,10,'2022-11-20 17:15:04.290000'),(589,_binary '','https://firebasestorage.googleapis.com/v0/b/graduation-396ec.appspot.com/o/product%2F0.a53slgx143f_Laptop%20Dell%20Gaming%20G15%205511?alt=media&token=9a1cdc68-c14f-4a7f-a89f-e27940a82127','Không những mang đến cho người dùng hiệu năng ấn tượng nhờ con chip Intel thế hệ 11 tân tiến, laptop Dell Gaming G15 5511 i5 11400H (70266676) còn sở hữu thiết kế thời thượng, lôi cuốn, hứa hẹn sẽ là người cộng sự lý tưởng cùng bạn chinh phục mọi chiến trường.Thu hút mọi ánh nhìn cùng vẻ ngoài nổi bật.Đến với chiếc laptop, ngôn ngữ thiết kế đã được thay đổi so với các phiên bản tiền nhiệm, hầm hố hơn, các đường nét cắt xẻ tăng thêm phần gaming cho chiếc máy. Lớp vỏ nhựa màu xám bao bọc bên ngoài chiếc laptop Dell Gaming này mang đến sự bền bỉ hoàn mỹ cùng trọng lượng 2.81 kg và dày 25 mm, với mình đây là một con số vừa đủ để có thể mang theo bên người, phục vụ cho nhu cầu làm việc cũng như giải trí cho bản thân. \n	Đèn nền tiện lợi cùng các phím gõ sâu, độ nảy tốt được trang bị ở chiếc laptop Dell này hỗ trợ người dùng tối đa trong quá trình học tập, làm việc cũng như chơi các tựa game mà không lo nhầm lẫn, nâng cao hiệu suất làm việc dù ở bất kỳ điều kiện ánh sáng nào.Phiên bản laptop này còn được trang bị hàng loạt những cổng giao tiếp thông dụng dọc hai bên máy như USB 3.2, HDMI, Jack tai nghe 3.5 mm, LAN (RJ45) và USB Type-C, cho phép bạn kết nối hay truyền xuất dữ liệu đến nhiều loại thiết bị ngoại vi tương thích một cách dễ dàng hơn. Nhà Dell đã tâm lý khi mang những cổng kết nối về phía sau máy, giúp mình không bị vướng víu khi vừa làm việc trên máy vừa phải cắm sạc.Chiến mọi tựa game đình đám mượt mà.Bộ vi xử lý Intel Core i5 Tiger Lake đã mang lại hiệu năng tốt, tuy nhiên chiếc máy khi trải nghiệm tựa game Cyberpunk thì đã hơi “đuối” nếu để mức cài đặt cao nhất. Mình khuyến khích các bạn hãy hạ mức đồ hoạ của game xuống thấp để có trải nghiệm tốt hơn nhé. Đến với tựa game CS:GO, máy đã ổn định hơn với mức FPS là 90. Qua trải nghiệm chơi game, các thao tác như di chuột, qua lại đều rất trơn tru, cảm giác chơi game vẫn phấn khích, ấn tượng trong khi mức cài đặt của mình luôn để cao hoặc tối đa.Cho phép bạn mở cùng lúc nhiều ứng dụng, hàng loạt tab và chuyển đổi qua lại mà không lo giật lag nhờ sự đa nhiệm đến từ laptop RAM 8 GB chuẩn DDR4 2 khe (1 khe 8 GB + 1 khe rời). Tuy nhiên các tác vụ dó chỉ dừng lại ở mức cơ bản, nên để có thể khai thác tốt sức mạnh của CPU và GPU thì mình khuyên các bạn hãy nâng cấp thêm RAM nhé.Cùng bạn tạo nên những tác phẩm ấn tượng với chất lượng đồ họa vượt trội, hình ảnh chân thật nhờ card đồ họa rời NVIDIA GeForce RTX 3050 4 GB, cho bạn thỏa sức chỉnh sửa hình ảnh, render video,... chuyên nghiệp trên Photoshop, AI,... đồng thời mang đến trải nghiệm các tựa game một cách trơn tru ở cả mức đồ họa thấp hay cao như PUBG: Battlegrounds, LOL,...Chiếc máy được mình thử thách kiểm tra qua phần mềm Intel Processor Diagnostic Tool, qua đó nhận thấy mức xung nhịp tăng lên đến 3.15 Ghz so với thông số cơ bản mà hãng cung cấp là 2.7 Ghz. Đến với khả năng test GPU, mình chọn phần mềm Fur Mark để kiểm tra thì kết quả cho thấy máy sẽ xử lý loanh quanh 33 FPS. Đây là mức điểm chấp nhận được với chiếc máy gaming giá rẻ. Như mình đã nói, để khai thác hết sức mạnh của card màn hình thì các bạn hãy nâng cấp RAM để có trải nghiệm tốt nhất nha.Ổ cứng SSD 256 GB mang lại không gian lưu trữ thấp, với nhu cầu sử dụng hằng ngày của mình ở mức đơn giản, mình khuyên các bạn hãy nâng cấp SSD để mở rộng khả năng lưu trữ, cài game, ứng dụng thoả thích mà không lo phải giải phóng.Chuẩn xác hơn cả về hình ảnh lẫn âm thanh.Màn hình viền mỏng 15.6 inch sở hữu độ phân giải Full HD (1920 x 1080) cho hình ảnh hiển thị rõ nét, chân thật hơn ở những nơi có điều kiện ánh sáng bình thường như trong nhà, phòng học,... đồng thời mở rộng không gian đến 178 độ nhờ công nghệ WVA kết hợp cùng độ sáng 250 nits, mang đến những trải nghiệm trọn vẹn hơn. Theo mình màn hình máy sẽ đáp ứng tốt nhu cầu giải trí cơ bản như xem phim, chơi game nhẹ nhàng.Màn hình laptop 120 Hz cho bạn mãn nhãn với từng chuyển động của những bộ phim hành động đầy kịch tính hay các tựa game rượt đuổi hấp dẫn mà không lo xảy ra tình trạng giật, xé hình, kết hợp cùng công nghệ chống chói Anti Glare, hỗ trợ bạn giải trí ở cả điều kiện ánh sáng bất lợi mà không sợ ảnh hưởng tiêu cực đến mắt nhưng vẫn tiết kiệm điện năng tối ưu nhờ công nghệ LED Backlit.Âm thanh to rõ cùng khả năng khử tiếng ồn tân tiến đến từ công nghệ Nahimic Audio, cho bạn những trải nghiệm khó quên với không gian âm nhạc đặc sắc, sống động, mang đến cảm giác thư giãn hơn bao giờ hết.Dell Gaming G15 5511 i5 11400H (70266676) là phiên bản laptop gaming mà các game thủ nên cân nhắc chọn mua bởi cấu hình mạnh mẽ cùng kiểu dáng hiện đại. Bên cạnh đó thì Dell đã mang đến một sản phẩm gaming có mức giá dễ tiếp cận hơn với người dùng nên đây vẫn có thể là sự lựa chọn lý tưởng cho những ai có nhu cầu về đồ họa - kỹ thuật.\n',23890000,'Laptop Dell Gaming G15 5511','36 Tháng',7,588,'2022-11-20 17:23:09.388000'),(602,_binary '','https://firebasestorage.googleapis.com/v0/b/graduation-396ec.appspot.com/o/product%2F0.k99ckptoh9l_Laptop%20Dell%20Gaming%20Alienware%20m15%20R6?alt=media&token=62f2a501-28cb-43d9-abd9-371bbe215b01','Với phong cách thiết kế độc đáo cùng cấu hình vượt trội, laptop Dell Gaming Alienware m15 R6 i7 11800H (70272633) sẵn sàng đáp ứng hoàn hảo mọi tác vụ của một chiếc laptop đồ họa - kỹ thuật như thiết kế hay chiến game. Laptop Dell Gaming Alienware sở hữu CPU Intel Core i7 Tiger Lake 11800H mang lại hiệu năng xử lý vượt trội. Cùng bạn thoả sức sáng tạo hình ảnh, video với card tích hợp NVIDIA GeForce RTX 3070 8 GB hay giải trí với các tựa game hấp dẫn như CS:GO, GTAV,... Bộ nhớ RAM 32 GB cho khả năng đa nhiệm cực mượt mà, ổ cứng SSD 1 TB cho bạn thoải mái lưu trữ dữ liệu với khả năng truy xuất, khởi động máy cực nhanh. Laptop Dell sở hữu ngoại hình độc đáo mang lại độ nhận diện cao với chiếc logo nổi bật trên lớp vỏ nhựa bền chắc, trọng lượng 2.69 kg luôn trong tư thế sẵn sàng chiến đấu bất cứ khi nào bạn cần. Màn hình 15.6 inch có độ sáng lên đến 400 nits và 99% DCI-P3 cho hình ảnh hiển thị sống động, rực rỡ với độ tương phản cao. Công nghệ WVA mang đến cho màn hình laptop góc nhìn rộng lên đến 178 độ, tần số quét 240 Hz cho độ trễ cực thấp, mang lại trải nghiệm hình ảnh siêu mượt mà, không bị giật, xé khi chiến những trận game đỉnh cao. Đèn bàn phím chuyển màu RGB độc đáo hỗ trợ bạn gõ tốt, chiến game trong mọi điều kiện sáng. Trang bị các cổng kết nối tiện lợi như USB 3.2, HDMI, LAN (RJ45), USB Type-C. Công nghệ High Definition (HD) với tính năng khuếch đại âm thanh cùng Audio Nahimic Audio giả lập hệ thống âm vòm 3D sống động, lọc và khử tiếng ồn hiệu quả.',60490000,'Laptop Dell Gaming Alienware m15 R6','36 Tháng',7,588,'2022-11-20 17:30:08.498000'),(611,_binary '','https://firebasestorage.googleapis.com/v0/b/graduation-396ec.appspot.com/o/product%2F0.hdjyoxffh95_Laptop%20MacBook%20Pro%2014%20M1%20Max%202021?alt=media&token=72d6eb6e-37b6-47bd-a6eb-9682b6424fb0','Khoác lên mình vẻ ngoài mới lạ so với các dòng Mac trước đó, thiết kế màn hình tai thỏ ấn tượng, bắt mắt cùng bộ hiệu năng đỉnh cao M1 Max mạnh mẽ, MacBook Pro 14 inch M1 Max 2021 xứng tầm là chiếc laptop cao cấp chuyên dụng dành cho dân kỹ thuật - đồ họa, sáng tạo nội dung.Cấu hình \"khủng\", đa nhiệm mượt mà mọi tác vụ nặng.Sức mạnh hiệu năng siêu cấp, đỉnh cao đến từ con chip Apple M1 Max mang cấu trúc 10 nhân cho tốc độ băng trong lên đến 400 GB/s memory bandwidth nhanh hơn khoảng 70% so với thế hệ tiền nhiệm Apple M1, cung cấp tốc độ xử lý đáng kinh ngạc, giải quyết tối ưu mọi công việc văn phòng như soạn thảo hợp đồng, văn bản trên các phần mềm Word, nhập liệu hay thống kế trên Excel,... đến thiết kế đồ họa, posters, banners, sáng tạo nội dung chuyên nghiệp bằng các công cụ Figma, Photoshop, AI, Pr, AutoCAD,...Card đồ họa tích hợp GPU 24 nhân được trang bị trong chiếc Macbook Pro nâng cao hiệu suất đồ họa gấp 4 lần so với M1, cho bạn tự do thiết kế các tác phẩm tâm đắc, thoả sức sáng tạo với những nội dung mới, dựng clip, render video cũng ấn tượng không kém mà vẫn tiết kiệm điện năng đáng kể.Laptop RAM 32 GB tăng tốc độ độc ghi, truy xuất dữ liệu, mọi thao tác được phản hồi tức thời, khả năng đa nhiệm cực mượt mà cho bạn dễ dàng vừa làm việc hiệu quả trên các phần mềm thiết kế để chỉnh sửa hình ảnh, render video cùng lúc.Ổ cứng SSD 512 GB cung cấp dung lượng vừa đủ để bạn lưu trữ dữ liệu cá nhân, tệp hình ảnh, video của bản thân và các bộ phim, bản nhạc yêu thích, đồng thời mở video 8K ngay lập tức hoặc lưu trữ hàng trăm ảnh RAW cùng một lúc.	Hệ điều hành Mac OS với giao diện máy tính có độ thẩm mỹ cao, hiện đại, thuận tiện mang lại cảm hứng làm việc ngay mỗi khi bạn bật máy lên, tiện thao tác, dễ sử dụng và kho ứng dụng đồ sộ.',72700000,'Laptop MacBook Pro 14 M1 Max 2021','12 Tháng',7,15,'2022-11-20 17:34:33.165000'),(626,_binary '','https://firebasestorage.googleapis.com/v0/b/graduation-396ec.appspot.com/o/product%2F0.juqljoongia_Laptop%20MSI%20Katana%20Gaming%20GF66%2011UC?alt=media&token=2654165e-c201-44d3-a7da-5a62a5283265','Laptop MSI Katana GF66 11UC i7 (224VN) mang vẻ ngoài cơ động cùng cấu hình mạnh mẽ, đẩy nhanh quá trình xử lý mọi tác vụ hay sẵn sàng đồng hành cùng bạn chiến mọi thể loại game đầy kịch tính. Phát huy sức mạnh hiệu năng với chip Intel Gen 11. Hiệu năng được nâng cấp tối đa lên đến 40% so với các thế hệ tiền nhiệm nhờ bộ vi xử lý Intel Core i7 Tiger Lake 11800H sở hữu 8 nhân 16 luồng cùng xung nhịp tốc độ tối đa đến 4.6 GHz phát huy hiệu suất tối ưu trong xử lý công việc hay thoải mái chơi mọi trận game cực chất sau những giờ làm việc căng thẳng. Laptop RAM 8 GB loại DDR4 2 khe có tốc độ Bus RAM 3200 MHz giúp laptop đa nhiệm mượt mà hơn trong mọi tác vụ, hỗ trợ mở nhiều ứng dụng mà không lo giật lag máy. Đặc biệt, MSI Katana được hỗ trợ 1 khe RAM trống để bạn dễ dàng nâng cấp RAM đến 64 GB mà không phải thay thế thanh RAM cũ đáp ứng thêm nhu cầu của bạn.Khả năng đồ họa vượt bật cùng card rời NVIDIA GeForce RTX 3050 sở hữu bộ nhớ đệm 4 GB, đáp ứng hầu hết các nhu cầu thiết kế 2D, 3D, chỉnh sửa video,... hay thỏa mãn người dùng với các tựa game hấp dẫn như Far Cry 5, Liên Minh Huyền Thoại, FIFA, GTA V, Apex Legends... ở mức cài đặt cao.Tiết kiệm tối đa thời gian mở và vận hành máy nhờ ổ cứng SSD 512 GB NVMe PCle giúp bạn khởi động game một cách nhanh chóng, đồng thời cung cấp không gian đủ lớn để bạn thoải mái lưu trữ các tựa game hay tệp đồ họa nặng. Ngoại hình cá tính đầy nổi bật.Phiên bản laptop MSI này được thiết kế nắp lưng nhựa bền bỉ với tông màu chủ đạo đen nhám cùng các cạnh có đường cắt nét gọt mạnh mẽ làm tôn lên vẻ cá tính cho người sở hữu.Máy sở hữu trọng lượng 2.1 kg và dày 24.9 mm đem đến sự tiện lợi trong quá trình di chuyển, thể hiện tính di động đối với một chiếc laptop gaming.\n	',23590000,'Laptop MSI Katana Gaming GF66 11UC','36 Tháng',7,14,'2022-11-20 17:38:21.335000'),(662,_binary '\0','https://firebasestorage.googleapis.com/v0/b/graduation-396ec.appspot.com/o/product%2F0.olticogzs3_%C4%90i%E1%BB%87n%20tho%E1%BA%A1i%20Samsung%20Galaxy%20Z%20Flip4%20128GB?alt=media&token=8278a3b0-60c7-4f3d-b64a-9f3a8cb56c97','Có lẽ điện thoại gập đã không còn là cái tên quá xa lạ bởi nhiều ông lớn trong ngành sản xuất điện thoại đã cho ra mắt các sản phẩm có thiết kế tương tự, gần đây nhất thì có sự góp mặt của chiếc flagship đến từ nhà Samsung mang tên Galaxy Z Flip4. Ngay từ những giây phút đầu tiên sử dụng chiếc Galaxy Z Flip4 mình đã cảm nhận được sự khác biệt của nó so với thế hệ trước, máy bây giờ đã vuông vắn hơn nhờ tạo hình vát phẳng ở hai mặt và các cạnh.Phần mặt lưng của máy được phủ một lớp nhám nhẹ giúp cho mình có thể cầm nắm chắc tay hơn, hạn chế được tình trạng bám dấu vân tay trong quá trình sử dụng.',20990000,'Điện thoại Samsung Galaxy Z Flip4 128GB','24 Tháng',9,639,'2022-11-20 18:30:37.558000'),(669,_binary '','https://firebasestorage.googleapis.com/v0/b/graduation-396ec.appspot.com/o/product%2F0.fx0fp9m6j67_%C4%90i%E1%BB%87n%20tho%E1%BA%A1i%20iPhone%2011%20?alt=media&token=9c37f1a3-5117-4463-89b2-bb7cb31ba1ea','Sau khi iPhone 11 thậm chí còn rẻ hơn cả XR khi ra mắt - rẻ hơn khoảng 1 triệu đồng. Tin tốt là vẫn được trang bị những thứ cao cấp nhất và có một số bổ sung đáng đồng tiền cho chiếc iPhone giá rẻ trong bộ 3 iPhone 11 sereise .iPhone 11 hoàn toàn giữ nguyên kiểu dáng và màn hình giống như iPhone XR. Nó sử dụng cùng một màn hình IPS LCD 6,1 \"với 326ppi và tai thỏ ở trên chứa công nghệ Face ID. Các thông số kỹ thuật của màn hình không thay đổi - cùng độ tương phản, độ sáng, Haptic Touch và không thay đổi.\nIPhone 11 tự hào có chip Apple A13 Bionic mới - cùng một SoC cung cấp năng lượng cho bộ đôi iPhone 11 Pro hàng đầu. Nó cũng có camera thứ hai và đó là camera góc siêu rộng 12MP mới, cũng được mang từ các mẫu Pro. Các tính năng như Crop Out of Frame cũng có sẵn và cũng có thể quay video 4K bằng tất cả các máy ảnh cùng một lúc.',11990000,'Điện thoại iPhone 11 ','24 Tháng',9,640,'2022-11-20 18:35:47.257000'),(682,_binary '','https://firebasestorage.googleapis.com/v0/b/graduation-396ec.appspot.com/o/product%2F0.m3kzokwlx6_%C4%90i%E1%BB%87n%20tho%E1%BA%A1i%20iPhone%2013%20Pro%20Max?alt=media&token=5a2ae4dd-db59-46f0-ba9e-32974826d46b','Apple đã chính thức ra mắt dòng iPhone 2021 với tên gọi iPhone 13 Series. Trong đó iPhone 13 Pro Max là phiên bản cao cấp nhất với màn hình lớn, tốc độ làm tươi 120Hz và dung lượng lưu trữ lên tới 1TB.Thiết kế vuông vức sang trọng, tần số quét lên tới 120Hz.Xét về phong cách thiết kế, iPhone 13 Pro Max vẫn sở hữu khung viền vuông vức bằng kim loại sang trọng tương tự như iPhone 12 Pro Max. Mặt lưng của máy được hoàn thiện nhám để tránh lưu lại vân tay khi sử dụng. Cầm chiếc iPhone 13 Pro Max trên tay chắc chắn sẽ thu hút mọi ánh nhìn bởi thiết kế quá ấn tượng.Là chiếc iPhone lớn nhất nên màn hình của iPhone 13 Pro Max cũng có kích thước lên tới 6.7 inch. Trên màn hình vẫn có tai thỏ quen thuộc nhưng đã được tinh chỉnh nhỏ gọn hơn thế hệ trước 20% nhằm tối ưu hóa không gian hiển thị. Camera selfie 12MP nằm trong tai thỏ và cung cấp bảo mật Face ID. Màn hình vẫn được bảo vệ bởi kính cường lực Ceramic Shield siêu bền.Apple đã trang bị màn hình Super Retina XDR với công nghệ ProMotion giúp tinh chỉnh tần số quét 10 - 120Hz. Độ sáng tối đa cũng đã được tăng lên 1.200 nits. Có thể nói đây là điểm sáng giá nhất của iPhone 13 Pro Max.',27490000,'Điện thoại iPhone 13 Pro Max','24 Tháng',9,640,'2022-11-20 18:39:00.106000'),(697,_binary '','https://firebasestorage.googleapis.com/v0/b/graduation-396ec.appspot.com/o/product%2F0.imjpb9pi8kp_%C4%90i%E1%BB%87n%20tho%E1%BA%A1i%20iPhone%2013%20Pro%20?alt=media&token=3d433bcf-f65a-4f3e-b024-1fb2e7087c36','Vốn là một thương hiệu hướng đến sự tinh tế, đẳng cấp nên thiết kế của sản phẩm nhà Apple rất được trau chuốt kỹ lưỡng. Thế hệ iPhone 13 Series năm nay cũng không ngoại lệ. Chúng vẫn sở hữu kiểu dáng vuông vắn, mạnh mẽ và cho cảm giác cầm nắm chắc tay như thế hệ tiền nhiệm là iPhone 12. Tuy nhiên, iPhone mới sẽ có độ dày tăng thêm khoảng 0,26 mm và nặng hơn vì sở hữu viên pin lớn hơnCả 2 mặt kính cả trước và sau của iPhone 13 Pro đều được tăng cường độ bền bởi chất liệu Ceramic Shield, không chỉ hạn chế chống xước gấp 4 lần mà còn toát lên sự sang trọng, đầm tay.Về phần notch năm nay sẽ được thu gọn lại 20%, giúp tăng diện tích màn hình. Apple đã di chuyển vị trí loa lên cạnh trên của notch thay vì ngay ở giữa, còn bộ thu của máy ảnh TrueDepth cũng được di chuyển sang cạnh để “tai thỏ nhỏ “ lại.',25490000,'Điện thoại iPhone 13 Pro ','24 Tháng',9,640,'2022-11-20 18:41:50.061000'),(712,_binary '','https://firebasestorage.googleapis.com/v0/b/graduation-396ec.appspot.com/o/product%2F0.qjzqclcvch_%C4%90i%E1%BB%87n%20tho%E1%BA%A1i%20iPhone%2013%20?alt=media&token=0c473c1f-603d-42b8-9558-bda6d7fbcf6f','Với những cải tiến không ngừng nghỉ cho những sản phẩm điện thoại thông minh của mình, Apple là hãng smartphone luôn nhận được sự tin tưởng từ người tiêu dùng Việt Nam. Dòng sản phẩm iPhone 13 được ra mắt gần đây với màu sắc mới và nâng cấp đáng kể về phần cứng của điện thoại đang nhận được rất nhiều sự quan tâm từ người hâm mộ.Theo thông báo từ phía Apple, iPhone 13 năm nay sẽ có kích thước màn hình 6.1 inch. Nhìn chung, ngôn ngữ thiết kế vẫn sẽ không có quá nhiều thay đổi so với thế hệ tiền nhiệm iPhone 12, vẫn là các cạnh vát phẳng vuông góc. Tuy nhiên, hãng đã rút gọn phần notch nhỏ hơn 20%, để tăng thêm diện tích hiển thị cho người dùng. Mặt trước làm từ kính cường lực Ceramic Shield có độ bền hơn tới 4 lần so với kính cường lực thông thường. iPhone 13 năm nay được trang bị tấm nền Super Retina XDR OLED sáng hơn 28% so với năm ngoái, đạt tối đa 1200 nits khi hiển thị các video và ảnh HDR. Với sự trang bị này bạn có thể trải nghiệm đa tác vụ từ học tập, làm việc cho tới giải trí tối ưu.',19690000,'Điện thoại iPhone 13 ','24 Tháng',9,640,'2022-11-20 18:44:45.855000'),(729,_binary '','https://firebasestorage.googleapis.com/v0/b/graduation-396ec.appspot.com/o/product%2F0.zu4opt1p7eo_%C4%90i%E1%BB%87n%20tho%E1%BA%A1i%20iPhone%2014%20?alt=media&token=501ea4b0-a390-4eb7-9041-cc45b6f8c973','iPhone 14 vẫn giữ lại cho mình vẻ đẹp nguyên bản khi thừa hưởng kiểu dáng thiết kế quen thuộc đến từ các thế hệ trước tiêu biểu như iPhone 13, hai mặt và cạnh được vát phẳng cùng 4 góc bo cong tinh tế.Mặt sau của điện thoại iPhone sẽ là mặt lưng kính cao cấp và bộ khung nhôm, không chỉ giúp máy có được vẻ ngoài sang trọng hơn mà hai loại vật liệu này còn giúp cho iPhone 14 có thêm độ bền bỉ để bạn có thể sử dụng thiết bị dài lâu hơn.Mặt sau của điện thoại iPhone sẽ là mặt lưng kính cao cấp và bộ khung nhôm, không chỉ giúp máy có được vẻ ngoài sang trọng hơn mà hai loại vật liệu này còn giúp cho iPhone 14 có thêm độ bền bỉ để bạn có thể sử dụng thiết bị dài lâu hơn.Mặt trước sẽ được Apple phủ lên trên một lớp kính cường lực Ceramic shield để đem khả năng hạn chế trầy xước, giúp cho chiếc điện thoại của bạn luôn mới.\n',27490000,'Điện thoại iPhone 14 ','24 Tháng',9,640,'2022-11-20 18:47:37.435000'),(738,_binary '','https://firebasestorage.googleapis.com/v0/b/graduation-396ec.appspot.com/o/product%2F0.476duibillp_%C4%90i%E1%BB%87n%20tho%E1%BA%A1i%20iPhone%2014%20Pro?alt=media&token=fe365673-a4e7-44eb-b6e6-b1083e447fc5','Phong cách thiết kế dẫn đầu xu thế thường thấy trên các phiên bản như iPhone 13 series vẫn được Apple áp dụng trên dòng sản phẩm mới của mình, iPhone 14 Pro vẫn sở hữu cạnh viền vát phẳng đang là trend ở thời điểm hiện tại cùng cụm camera mang những nét đặc trưng riêng,\n tạo sự hoàn hảo trong từng đường nét.Màn hình OLED kích thước 6.1 inch cùng độ phân giải 2556 x 1179 Pixels mang đến cho người dùng một không gian hiển thị siêu rõ nét đến từng chi tiết, màu sắc được thể hiện chân thực với độ chính xác màu cao, tạo trải nghiệm xem hoàn hảo.\n',40490000,'Điện thoại iPhone 14 Pro','24 Tháng',9,640,'2022-11-20 18:50:36.069000'),(750,_binary '','https://firebasestorage.googleapis.com/v0/b/graduation-396ec.appspot.com/o/product%2F0.hms1dpua3hq_%C4%90i%E1%BB%87n%20tho%E1%BA%A1i%20iPhone%2014%20Plus?alt=media&token=e6e6f935-b98b-47eb-a3dd-043f22d39454','Được chế tác với kiểu tương tự như thế hệ tiền nhiệm iPhone 13, tinh tế theo từng đường nét với khung nhôm chắc chắn, mặt trước và sau được trang bị kính cường lực vừa tăng tính thẩm mỹ vừa tăng độ cho thiết bị .Màu sắc luôn được thay đổi mới ở iPhone thế hệ, mỗi dòng thường sẽ có 1 đặc biệt màu ghi riêng. iPhone 14 năm nay sẽ có 5 màu với tông màu nhẹ nhàng như: Đen, trắng, xanh dương, tím nhạt và đỏ.Các màu đều mang một phong cách trẻ trung, phù hợp với hầu hết mọi phong cách người dùng.',27490000,'Điện thoại iPhone 14 Plus','24 Tháng',9,640,'2022-11-20 18:53:17.977000'),(759,_binary '','https://firebasestorage.googleapis.com/v0/b/graduation-396ec.appspot.com/o/product%2F0.qxfmi0mesc_%C4%90i%E1%BB%87n%20tho%E1%BA%A1i%20iPhone%2014%20Pro%20Max?alt=media&token=73a99663-a82d-40b1-866c-3fab96fb23b0','Sản phẩm có trong mình một diện mạo bắt mắt nhờ lối tạo hình vuông vức bắt trend tương tự thế hệ iPhone 13 series,đây được xem là kiểu thiết kế rất thành công trên các đời thế hệ trước khi tạo nên cơn sốt toàn cầu về kiểu dáng thiết kế điện thoại cho đến nay. Mặt lưng làm từ kính cùng khung thép không gỉ giúp cho iPhone có thêm độ bền bỉ để đồng hành cùng bạn được lâu dài hơn, không những thế nó còn làm cho thiết bị của bạn trở nên sang trọng và đẳng cấp hơn.',33990000,'Điện thoại iPhone 14 Pro Max','24 Tháng',9,640,'2022-11-20 19:01:18.459000'),(771,_binary '','https://firebasestorage.googleapis.com/v0/b/graduation-396ec.appspot.com/o/product%2F0.p4nid4evgde_%C4%90i%E1%BB%87n%20tho%E1%BA%A1i%20iPhone%2013%20Mini?alt=media&token=5b4210db-2982-454c-994b-98122897ff58','iPhone 13 mini được trang bị bộ vi xử lý A15 Bionic sản xuất trên tiến trình 5 nm giúp cải  thiện hiệu suất và giảm điện năng tiêu thụ đến 15% so với phiên bản A14 Bionic trước đó, đáp ứng hoàn hảo trong công việc cũng như trong giải trí của người dùng tốt hơn.CPU 6 lõi cho hiệu suất hoạt động tăng 40% cùng với đó là GPU cũng có mức hiệu năng tăng mạnh lên đến 80% so với chipset thế hệ trước. Bạn hoàn toàn có thể chơi game mượt mà, các thao tác chỉnh sửa hình ảnh, cắt ghép video đều vô cùng trơn tru. \n',17290000,'Điện thoại iPhone 13 Mini','24 Tháng',9,640,'2022-11-20 19:05:05.525000'),(789,_binary '','https://firebasestorage.googleapis.com/v0/b/graduation-396ec.appspot.com/o/product%2F0.kapobx6yl3c_%C4%90i%E1%BB%87n%20tho%E1%BA%A1i%20iPhone%2012?alt=media&token=824be802-e985-4c8e-af15-2b89d01eef11','Apple đã trang bị con chip mới nhất của hãng (tính đến 11/2020) cho iPhone 12 đó là A14 Bionic, được sản xuất trên tiến trình 5 nm với hiệu suất ổn định hơn so với chip A13 được trang bị trên phiên bản tiền nhiệm iPhone 11.Chưa hết, Apple còn gây bất ngờ đến người dùng với hệ thống 5G lần đầu tiên được trang bị trên những chiếc iPhone, cho tốc độ truyền tải dữ liệu nhanh hơn, ổn định hơn.iPhone 12 sẽ chạy trên hệ điều hành iOS 15 (12/2021) với nhiều tính năng hấp dẫn như hỗ trợ Widget cũng như những nâng cấp tối ưu phần mềm đáng kể mang lại những trải nghiệm thú vị mới lạ đến người dùng.\n',16490000,'Điện thoại iPhone 12','24 Tháng',9,640,'2022-11-20 19:09:55.514000'),(807,_binary '','https://firebasestorage.googleapis.com/v0/b/graduation-396ec.appspot.com/o/product%2F0.ui9xvy4tics_%C4%90i%E1%BB%87n%20tho%E1%BA%A1i%20Samsung%20Galaxy%20S22%20Ultra%205G?alt=media&token=f3d67493-1ffb-41d0-8085-25a5e010b009','Galaxy S22 Ultra 5G được kế thừa form thiết kế từ những dòng Note trước đây của hãng đem đến cho bạn có cảm giác vừa mới lạ vừa hoài niệm. Trọng lượng của máy 228 g cho cảm giác cầm nắm đầm tay, khi cầm máy trần thì hơi có cảm giác dễ trượt.Phần mặt lưng điện thoại được làm nhám nên hạn chế tốt việc bám dấu vân tay, có thiết kế cũng khá đơn giản nhưng vẫn toát lên vẻ sang trọng và cao cấp của chiếc máy. Cụm camera sau trên Galaxy S22 Ultra 5G được thiết kế trần tạo cảm giác gọn gàng và cũng tạo nên một điểm nhấn độc đáo cho chiếc máy.\n',25990000,'Điện thoại Samsung Galaxy S22 Ultra 5G','24 Tháng',9,639,'2022-11-20 19:13:39.229000'),(816,_binary '','https://firebasestorage.googleapis.com/v0/b/graduation-396ec.appspot.com/o/product%2F0.7rr086yro5a_%20%C4%90i%E1%BB%87n%20tho%E1%BA%A1i%20Samsung%20Galaxy%20Z%20Fold4?alt=media&token=5f131805-d1d5-403c-af5b-f46578514304','Năm nay Z Fold4 có thiết kế cân bằng hơn, bản lề và viền màn hình được thiết kế mỏng hơn giúp tổng thể ở màn hình phụ của máy rộng thêm 2.7 mm và màn hình chính rộng hơn 3 mm khi so với thế hệ tiền nhiệm. Tuy con số không quá lớn nhưng với trải nghiệm thực tế thì đây là một thay đổi cực kỳ đáng giá và mang lại hiệu quả sử dụng cao.Với kích thước màn hình được tăng lên thì màn hình phụ của Fold4 đã dễ dàng thao tác và gõ văn bản hơn, không còn gặp tình trạng dính chữ như trên thế hệ trước nữa',37990000,'Điện thoại Samsung Galaxy Z Fold4','24 Tháng',9,639,'2022-11-20 19:19:05.884000'),(826,_binary '','https://firebasestorage.googleapis.com/v0/b/graduation-396ec.appspot.com/o/product%2F0.4ojof0nw1xt_%C4%90i%E1%BB%87n%20tho%E1%BA%A1i%20Samsung%20Galaxy%20Z%20Fold3?alt=media&token=5c140908-25ff-4fdb-a59e-4cabfe5b25c3','Có thể thấy mẫu smartphone Galaxy Z Fold3 lần này vẫn giữ nguyên ngoại hình cùng cơ chế màn hình gập mở dạng quyển sách như của tiền nhiệm, \"hô biến\" chiếc smartphone thành một chiếc máy tính bảng mini một cách dễ dàng và ngược lại.Khung viền sử dụng hợp kim nhôm Armor Aluminum cứng cáp, bền bỉ hơn 10% so với các vật liệu trước đây Samsung từng sản xuất. Với cấu tạo chắc chắn sẽ giúp bạn yên tâm tận hưởng các hoạt động yêu thích một cách trọn vẹn nhất.\n',31990000,'Điện thoại Samsung Galaxy Z Fold3','24 Tháng',9,639,'2022-11-20 19:26:14.252000'),(838,_binary '','https://firebasestorage.googleapis.com/v0/b/graduation-396ec.appspot.com/o/product%2F0.umynlwbeta_%C4%90i%E1%BB%87n%20tho%E1%BA%A1i%20Samsung%20Galaxy%20M53%20?alt=media&token=a9eac601-abb0-4f23-8b52-e9c17259f7f2','Samsung đã trình làng Galaxy M53 với ba phiên bản màu vô cùng đẹp mắt như mình đang cầm trên tay, với tone màu có hơi sẫm đi một tí làm toát lên một vẻ huyền bí đầy cuốn hút và thanh lịch.Galaxy M53 được bao bọc bởi một bộ khung kim loại chắc chắn, giúp máy trở nên bền bỉ hơn trong quá trình sử dụng cũng như toát lên một vẻ nhìn cao cấp.Bên cạnh đó Samsung cũng đã gia công phần khung này có hơi cong đi một chút, giúp quá trình cầm nắm sử dụng trở nên dễ chịu hơn hẳn, được xem là một điểm mà mình rất là ưng.',11190000,'Điện thoại Samsung Galaxy M53 ','24 Tháng',9,639,'2022-11-20 19:29:11.533000'),(845,_binary '','https://firebasestorage.googleapis.com/v0/b/graduation-396ec.appspot.com/o/product%2F0.1ixpwfbu5fo_%C4%90i%E1%BB%87n%20tho%E1%BA%A1i%20Samsung%20Galaxy%20A73%205G%20Awesome%20Edition?alt=media&token=f18fe09d-1ad3-4a47-9677-b004c6cbeb0d','Nhìn chung ngoại hình của máy không quá khác biệt so với người anh em tiền nhiệm của mình Galaxy A52s 5G, mặt lưng được hãng hoàn thiện từ nhựa nhám hạn chế tối đa được vân tay và mồ hôi trong quá trình sử dụng.Khung của A73 được làm từ nhựa với hiệu ứng giả kim sáng bóng, mang đến một cái nhìn sang trọng hơn. Cụm camera sau được Samsung thiết kế kiểu “hiệu ứng nổi 3D”, mang đến sự liền mạch trong thiết kế giữa camera và mặt lưng.',11090000,'Điện thoại Samsung Galaxy A73 5G Awesome Edition','24 Tháng',9,639,'2022-11-20 19:39:35.360000'),(854,_binary '','https://firebasestorage.googleapis.com/v0/b/graduation-396ec.appspot.com/o/product%2F0.ddvjhkvk5n_%C4%90i%E1%BB%87n%20tho%E1%BA%A1i%20Samsung%20Galaxy%20A73%205G?alt=media&token=e2a9cf12-771a-47a6-9c7a-cac26ee3c2c9','Samsung Galaxy A73 5G 128GB được xem là sản phẩm nổi bật nhất dòng Galaxy A 2022 mới ra mắt, máy trang bị bộ thông số kỹ thuật ấn tượng về phần hiệu năng, chất lượng màn hình và nổi bật nhất trong số đó là camera khi nó đem lại bức ảnh có độ phân giải lên đến 108 MP.\n',10790000,'Điện thoại Samsung Galaxy A73 5G','12 Tháng',9,639,'2022-11-20 19:42:22.543000'),(862,_binary '','https://firebasestorage.googleapis.com/v0/b/graduation-396ec.appspot.com/o/product%2F0.7fqkaf4ipv4_%C4%90i%E1%BB%87n%20tho%E1%BA%A1i%20Samsung%20Galaxy%20S21%20FE%205G?alt=media&token=98e33f96-04dd-4bad-a4a7-10db300b9c39','Samsung Galaxy S21 FE 5G sở hữu khung viền kim loại bóng bẩy, mặt lưng bằng nhựa có độ nhám nhẹ chống bám vân tay và chống trượt tốt, các cạnh viền hoàn thiện bo cong nhẹ tạo nét mềm mại và tinh tế cho tổng thể thiết kế, đồng thời tạo cảm giác cầm nắm chắc tay.Máy mỏng 7.9 mm và nhẹ chỉ 177 g, dễ dàng sử dụng bằng 1 tay kể cả với các bạn nữ với lòng bàn tay nhỏ,cho thao tác sử dụng thuận tiện, linh hoạt, cũng tiện bảo quản và mang theo.',12990000,'Điện thoại Samsung Galaxy S21 FE 5G','24 Tháng',9,639,'2022-11-20 19:46:52.176000'),(876,_binary '','https://firebasestorage.googleapis.com/v0/b/graduation-396ec.appspot.com/o/product%2F0.wze8ivxb408_B%C3%A0n%20ph%C3%ADm%20C%C3%B3%20d%C3%A2y%20Gaming%20MSI%20Vigor%20GK30%20US%20%C4%90en?alt=media&token=3e2b50cd-0101-491c-a873-d87354b8d541','Thiết kế bàn phím nổi chống nước không chỉ giúp bàn phím đẹp hơn, mà còn giúp bạn dễ dàng lau chùi bàn phím hơn khi truyền nước.MSI key is pages are the switch free to the switch of the basic learning with ba bộ phận đến trải nghiệm key chắc chắn với độ lớn hơn 12 triệu lần nhấn. Trung tâm MSI thông qua phần mềm này, bạn có thể chơi game bàn phím màu thay đổi với các hàng triệu sắc và đến đèn 7 hiệu ứng trên 6 khu vực.',970000,'Bàn phím Có dây Gaming MSI Vigor GK30 US Đen','24 Tháng',8,14,'2022-11-20 19:55:40.267000'),(893,_binary '','https://firebasestorage.googleapis.com/v0/b/graduation-396ec.appspot.com/o/product%2F0.abr4vj8rc1p_B%C3%A0n%20ph%C3%ADm%20C%C3%B3%20d%C3%A2y%20Gaming%20MSI%20Vigor%20GK20%20US%20%C4%90en?alt=media&token=7dff7169-d39f-4ef4-b8fd-1314c1c1a2bc','Do là bàn phím Fullsize với 104 phím bấm nên sẽ khá thoải mái nếu bạn sử dụng để đánh những tựa game như MOBA, AAA hoặc những công việc cần nhập số liệu thường xuyên vì đã có phần Numpad tiện lợi. Còn với những tác vụ văn phòng thông thường thì bàn phím này có vẻ hơi lớn một chút và phím bấm không cần thiết phải nhiều như vậy.Không chỉ riêng chiếc bàn phím MSI Vigor GK20 này mà tất cả bàn phím Fullsize đều có kích thước khá lớn. Nên nếu những bạn có góc bàn làm việc nhỏ hoặc sử dụng trên văn phòng thì sẽ hơi chiếm diện tích.',700000,'Bàn phím Có dây Gaming MSI Vigor GK20 US Đen','12 Tháng',8,14,'2022-11-20 19:57:58.189000'),(911,_binary '','https://firebasestorage.googleapis.com/v0/b/graduation-396ec.appspot.com/o/product%2F0.2f0tcywu90m_B%C3%A0n%20Ph%C3%ADm%20C%C6%A1%20C%C3%B3%20D%C3%A2y%20Gaming%20Razer%20BlackWidow?alt=media&token=ff8654b8-9244-45d3-b0bd-b02d9e91a7b6','Logo và tên thương hiệu thể hiện nổi bật trên bàn phím, bề mặt các phím được làm hơi cong cho ngón tay nhấn chuẩn, vị trí sắp đặt từ cao xuống thấp giúp giảm nhức mỏi và tăng sự thoải mái khi sử dụng. Cho bạn dễ dàng nhận diện, thao tác chính xác, bàn phím số được đặt riêng ở 1 góc bàn phím hỗ trợ nâng cao tốc độ gõ số khi giải trí, làm việc.Lưu được tối đa 5 cấu hình với thiết bị để bạn tối ưu trong thao tác sử dụng, người dùng cũng có thể lựa chọn lưu cấu hình không giới hạn qua đám mây\n',3200000,'Bàn Phím Cơ Có Dây Gaming Razer BlackWidow','12 Tháng',8,910,'2022-11-20 20:01:39.052000'),(1152,_binary '','https://firebasestorage.googleapis.com/v0/b/graduation-396ec.appspot.com/o/product%2F0.qdz0iw1k78_B%C3%A0n%20Ph%C3%ADm%20C%C6%A1%20C%C3%B3%20D%C3%A2y%20Gaming%20Razer%20Huntsman%20Tournament%20Edition?alt=media&token=276eb492-966c-4767-bf83-1d1d820feefc','Razer Huntsman Tournament Edition lược bỏ vùng phím số cho kích thước bàn phím gọn gàng, dễ dàng bố trí cho mọi không gian làm việc. Thiết kế bàn phím theo phong cách gaming cá tính, nổi bật, đẹp mắt, tô điểm cho bàn làm việc.Keycap bền cứng từ chất liệu PTB cứng hơn so với ABS và PVC, khả năng chống mài mòn tốt, chống phai mờ ký tự in, sử dụng bền bỉ.',3550000,'Bàn Phím Cơ Có Dây Gaming Razer Huntsman Tournament Edition','12 Tháng',8,910,'2022-11-27 15:43:06.508000'),(1169,_binary '','https://firebasestorage.googleapis.com/v0/b/graduation-396ec.appspot.com/o/product%2F0.raysd90d7z_B%C3%A0n%20Ph%C3%ADm%20C%C6%A1%20C%C3%B3%20D%C3%A2y%20Gaming%20Razer%20BlackWidow%20V3?alt=media&token=a8dbb19a-d192-4841-9a4e-6610acad6f2c','Kiểu dáng hình chữ nhật, các phím được sắp xếp giúp tối ưu thao tác cho người sử dụng, có giá kê tay giúp giảm áp lực cho cổ tay, đảm bảo sự thoải mái ngay cả khi chơi game trong thời gian dài. Có phần khung làm từ nhôm độ bền cao, tin cậy về chất lượng.',3640000,'Bàn Phím Cơ Có Dây Gaming Razer BlackWidow V3','12 Tháng',8,910,'2022-11-27 15:45:55.077000'),(1187,_binary '','https://firebasestorage.googleapis.com/v0/b/graduation-396ec.appspot.com/o/product%2F0.hjb3skt7tt_B%C3%A0n%20Ph%C3%ADm%20C%C6%A1%20C%C3%B3%20D%C3%A2y%20Gaming%20Silent%20Razer%20BlackWidow%20Lite?alt=media&token=17411e49-4c5c-4b30-8408-e8d280e5401d','Razer BlackWidow Lite Silent sử dụng thuận tiện cho nhu cầu soạn thảo văn bản, làm việc văn phòng, chơi game thông thường khi không quan trọng tới vùng phím số độc lập.Thiết kế đẹp mắt với phong cách gaming mà vẫn rất tinh tế cho không gian bàn làm việc của bạn, thật tiện lợi cả khi dùng như bàn phím rời cho laptop',2390000,'Bàn Phím Cơ Có Dây Gaming Silent Razer BlackWidow Lite','12 Tháng',8,910,'2022-11-27 15:48:00.224000'),(1205,_binary '','https://firebasestorage.googleapis.com/v0/b/graduation-396ec.appspot.com/o/product%2F0.7au58ii55vy_B%C3%A0n%20Ph%C3%ADm%20C%C6%A1%20C%C3%B3%20D%C3%A2y%20Gaming%20Corsair%20K68%20RGB%20Mechanical%20%C4%90en?alt=media&token=c05d4330-4255-460b-afc0-60b32196def8','Corsair thường không để chúng ta thất vọng khi nói đến chất lượng và ở chiếc bàn phím này cũng không ngoại lệ. Điểm hay của Corsair K68 RGB là được sử dụng ngôn ngữ thiết kế tối giản, phối ghép nhiều đường nét góc cạnh để tạo nên một chiếc bàn phím nhìn rất lịch lãm. Bố cục của bàn phím rất hài hoà, K68 chính là bản full size của K63.Mọi thứ hầu như được giữ nguyên như K63, chỉ là thêm cụm numpad (phím số) vô mà thôi và thanh spacebar thì vẫn như vậy, được làm nổi lên bằng các họa tiết đặc trưng của nhà Corsair. Vì full-size có kích thước hơi lớn nên sẽ phù hợp cho các bạn nào có một góc bàn làm việc hoặc chơi game riêng, còn khi dùng ở văn phòng thì sẽ hơi chiếm diện tích ở trên bàn làm việc một chút. ',3100000,'Bàn Phím Cơ Có Dây Gaming Corsair K68 RGB Mechanical Đen','12 Tháng',8,1140,'2022-11-27 15:55:02.216000'),(1222,_binary '','https://firebasestorage.googleapis.com/v0/b/graduation-396ec.appspot.com/o/product%2F0.ocs4mv1bszm_B%C3%A0n%20Ph%C3%ADm%20C%C6%A1%20C%C3%B3%20D%C3%A2y%20Gaming%20Corsair%20K63%20Compact%20Mechanical%20%C4%90en?alt=media&token=8f73485c-643d-477f-a99c-72645786084b','Bề mặt của bàn phím có màu đen cuốn hút cùng với đèn nền đỏ cho thiết kế cá tính, thời thượng, tô điểm cho phòng game của bạn thêm sành điệu. Trọng lượng chỉ 500 gram, kích cỡ gọn gàng cất giữ hoặc mang theo khi đi du lịch đơn giản.',1750000,'Bàn Phím Cơ Có Dây Gaming Corsair K63 Compact Mechanical Đen','12 Tháng',8,1140,'2022-11-27 16:45:50.385000'),(1238,_binary '','https://firebasestorage.googleapis.com/v0/b/graduation-396ec.appspot.com/o/product%2F0.46d7h37lb6k_Adapter%20S%E1%BA%A1c%20Type%20C%2020W%20d%C3%B9ng%20cho%20iPhone%2FiPad%20Apple%20MHJE3%20Tr%E1%BA%AFng?alt=media&token=2534b151-e777-4258-9b89-0886691fdfa0','Ấn tượng đầu tiên khi cầm củ sạc Apple này trên tay, kiểu dáng nhỏ gọn, chiều ngang chỉ khoảng 2/3 thẻ căn cước công dân và chiều dài cũng chỉ gần bằng thẻ này. Đặc biệt, mình có thể cầm trọn trong lòng bàn tay, điều này cũng tương đương với việc củ sạc không chiếm nhiều diện tích trên ổ cắm và trong các ngăn balo, túi xách,...',650000,'Adapter Sạc Type C 20W dùng cho iPhone/iPad Apple MHJE3 Trắng','12 Tháng',8,640,'2022-11-27 16:51:45.853000'),(1244,_binary '','https://firebasestorage.googleapis.com/v0/b/graduation-396ec.appspot.com/o/product%2F0.0o4lwljv6e4_C%C3%A1p%20Type%20C%20-%20Lightning%201m%20Apple%20MM0A3%20Tr%E1%BA%AFng?alt=media&token=8991683a-6434-4911-9217-f94887d0137b','“Sang - xịn - mịn” là ba từ chính xác nhất để mình miêu tả vẻ ngoài của cáp Type C - Lightning 1 m Apple MM0A3. Không thể phủ nhận một điều rằng Apple rất chỉn chu trong từng sản phẩm ngay từ vỏ hộp cho đến sản phẩm bên trong. Cảm giác của mình khi đập hộp sợi dây cáp này phải gọi là đã, tổng thể của dây cáp được hoàn thiện tỉ mỉ với sắc màu trắng quen thuộc. ',530000,'Cáp Type C - Lightning 1m Apple MM0A3 Trắng','12 Tháng',8,640,'2022-11-27 16:55:12.809000'),(1251,_binary '','https://firebasestorage.googleapis.com/v0/b/graduation-396ec.appspot.com/o/product%2F0.4wa0wd82clo_B%C3%A0n%20Ph%C3%ADm%20Kh%C3%B4ng%20D%C3%A2y%20Bluetooth%20Logitech%20K580?alt=media&token=eeb8ea41-46a5-468b-97e7-28efa900d1cb','Thiết kế tối giản, sang trọng với 2 màu trắng - đen, bàn phím Logitech K580 hài hòa với phong cách bàn làm việc từ hiện đại đến cổ điển, có thể đặt vào túi xách lớn, vali để mang đi khi du lịch, công tác hay đến công sở, rất phương tiện và đơn giản. ',1495000,'Bàn Phím Không Dây Bluetooth Logitech K580','12 Tháng',8,1141,'2022-11-27 16:58:04.777000'),(1289,_binary '','https://firebasestorage.googleapis.com/v0/b/graduation-396ec.appspot.com/o/product%2F0.8qruzzxtpc7_B%E1%BB%99%20B%C3%A0n%20Ph%C3%ADm%20Chu%E1%BB%99t%20Kh%C3%B4ng%20D%C3%A2y%20Bluetooth%20Rapoo%208000M?alt=media&token=58d87a21-2f9c-4534-9792-e74c5a81c9f9','Loại bỏ dây cáp vướng víu, chất liệu nhựa bền nhẹ giúp dịch chuyển bàn phím dễ dàng đồng thời tối giản không gian bàn làm việc.Trang bị thêm 2 chân đế ở mặt lưng để tiện thay đổi kiểu đặt nằm ngang sang tư thế nghiêng, phù hợp hơn với hoàn cảnh sử dụng và tạo sự thoải mái cho bàn tay, cổ tay của bạn khi gõ phím.',700000,'Bộ Bàn Phím Chuột Không Dây Bluetooth Rapoo 8000M','12 Tháng',8,1142,'2022-11-27 16:59:55.528000'),(1304,_binary '','https://firebasestorage.googleapis.com/v0/b/graduation-396ec.appspot.com/o/product%2F0.bb5705nder_B%C3%A0n%20Ph%C3%ADm%20Kh%C3%B4ng%20D%C3%A2y%20Touchpad%20Rapoo%20K2800?alt=media&token=4df43ff2-02b0-4c1e-aad9-50d43c286f28','Bàn phím Rapoo không dây gọn kích thước gọn gàng, các cạnh bo viền mềm mại, phím bấm vuông vức tinh tế chất liệu nhựa bền tốt với chữ in laser nổi bật, không bị làm mờ khi sử dụng trong thời gian dài. Thiết kế bảo vệ an toàn tối ưu cho các bo mạch, không lo hư hại trong các tình huống vô tình làm tràn nước, để bạn thoải mái vừa làm việc vừa thưởng thức cà phê hay các thức uống yêu thích.',500000,'Bàn Phím Không Dây Touchpad Rapoo K2800','12 Tháng',8,1142,'2022-11-27 17:04:20.346000'),(1315,_binary '','https://firebasestorage.googleapis.com/v0/b/graduation-396ec.appspot.com/o/product%2F0.xfyrr7yt2ja_B%E1%BB%99%20B%C3%A0n%20Ph%C3%ADm%20Chu%E1%BB%99t%20Kh%C3%B4ng%20D%C3%A2y%20Zadez%20ZMK-530G?alt=media&token=37cbfa4f-056a-4b1c-b4b6-e2807d093fed','Bàn phím được chế tác với các phím tách rời, có thiết kế hình vuông nhỏ, cạnh thẳng và góc bo tròn, gam màu xám sang trọng như thỏi socola đẹp mắt, tạo điểm nhấn cho văn phòng làm việc thêm cao cấp hơn.',790000,'Bộ Bàn Phím Chuột Không Dây Zadez ZMK-530G','12 Tháng',8,1143,'2022-11-27 17:06:22.925000'),(1330,_binary '','https://firebasestorage.googleapis.com/v0/b/graduation-396ec.appspot.com/o/product%2F0.fi39hua3eh_B%C3%A0n%20Ph%C3%ADm%20C%C6%A1%20C%C3%B3%20D%C3%A2y%20Gaming%20Rapoo%20V500%20alloy%20%C4%90en?alt=media&token=6107fdb6-98be-4a91-9569-1364bee1562a','Rapoo V500alloy tiêu giản vùng phím số, trang bị 87 phím cơ bản đủ đáp ứng mọi nhu cầu trên 1 bàn phím làm việc, chơi game thông thường.Hành trình phím tốt với khoảng cách phím rộng, Switch Rapoo Blue êm ái, độ nảy và độ nhạy tốt cho thao tác nhấn phím nhanh cực mượt và chuẩn xác.Tuổi thọ Switch lên đến 60 triệu lượt nhấn phím, cho bạn an tâm sử dụng bàn phím liên tục suốt thời gian dài.',600000,'Bàn Phím Cơ Có Dây Gaming Rapoo V500 alloy Đen','12 Tháng',8,1142,'2022-11-27 17:08:25.580000'),(1338,_binary '','https://firebasestorage.googleapis.com/v0/b/graduation-396ec.appspot.com/o/product%2F0.g0a9iykjepu_B%C3%A0n%20Ph%C3%ADm%20Bluetooth%20Microsoft%20QSZ-00017%20%C4%90en?alt=media&token=1ba0a9af-78ee-4588-9a53-1d1894ab3d09','Bàn phím Bluetooth Microsoft QSZ-00017 đen có các góc cạnh được làm bo tròn cho thiết kế gọn đẹp, mềm mại, sắc đen thanh lịch, dễ dàng sắp đặt trên bàn làm việc, kệ tủ hay thậm chí là đặt trên chân bạn để sử dụng tiện lợi.Các phím bấm được in rõ ký hiệu đảm bảo người dùng thao tác và gõ chính xác, chắc chắn.',1490000,'Bàn Phím Bluetooth Microsoft QSZ-00017 Đen','12 Tháng',8,1144,'2022-11-27 17:10:27.124000'),(1343,_binary '','https://firebasestorage.googleapis.com/v0/b/graduation-396ec.appspot.com/o/product%2F0.ugmphz9pev_B%E1%BB%99%20b%C3%A0n%20ph%C3%ADm%20chu%E1%BB%99t%20kh%C3%B4ng%20d%C3%A2y%20Microsoft%20850%20%C4%91en?alt=media&token=b66d5c9e-44ff-4dbe-b742-14a39ae41ec0','Điểm nổi bật đầu tiên của bộ đôi bàn phím - chuột này là thiết kế không dây, kiểu dáng hiện đại, bàn phím rộng với các nút bấm có kích cỡ hợp lý cho bạn gõ phím bằng cả 2 tay thuận lợi. Thiết kế chuột cân đối, thích hợp cho người thuận cả tay trái và phải, mang đến sự tự do, thư thái trong từng thao tác khi trải nghiệm.Sắc màu đen sang trọng đồng nhất cho cả bàn phím và chuột máy tính phối hợp hoàn hảo với mọi màn hình, laptop.',750000,'Bộ bàn phím chuột không dây Microsoft 850 đen','12 Tháng',8,1144,'2022-11-27 17:12:18.201000'),(1348,_binary '','https://firebasestorage.googleapis.com/v0/b/graduation-396ec.appspot.com/o/product%2F0.g4z155x7llk_B%C3%A0n%20ph%C3%ADm%20kh%C3%B4ng%20d%C3%A2y%20Microsoft%20All-in-one%20Media%20N9Z-00028%20%C4%91en?alt=media&token=f157589e-e216-4742-98f6-5bc76d5edcc4','Bàn phím không dây Microsoft All-in-one Media N9Z-00028 đen trang bị đầy đủ các phím cơ bản để đáp ứng nhu cầu sử dụng của người dùng. Thiết kế phím bấm với độ nhạy cao, độ nảy tốt, phím êm, đảm bảo tính chuẩn xác trong từng thao tác điều khiển.Bên cạnh đó, các phím nóng được tích hợp để gia tăng trải nghiệm dùng, gồm nhóm phím điều chỉnh âm lượng media và nhóm phím nóng phương tiện truy cập nhanh vào nhạc, ảnh và video của bạn.',990000,'Bàn phím không dây Microsoft All-in-one Media N9Z-00028 đen','12 Tháng',8,1144,'2022-11-27 17:14:08.804000'),(1355,_binary '','https://firebasestorage.googleapis.com/v0/b/graduation-396ec.appspot.com/o/product%2F0.zf4lff3zof_B%C3%A0n%20Ph%C3%ADm%20C%C6%A1%20C%C3%B3%20D%C3%A2y%20Gaming%20Rapoo%20V500Pro%20V%C3%A0ng%20Xanh?alt=media&token=95c3e153-f495-4182-8930-4995938ced8b','Rapoo V500 Pro trang bị đầy đủ các phím bấm cơ bản với hành trình phím rất đỗi quen thuộc, dễ dàng để người dùng mới tiếp cận và làm quen ngay từ lần đầu sử dụng.Bàn phím cơ sử dụng switch treo cho độ nảy, độ đàn hồi và độ nhạy cực tốt, Switch Rapoo Blue tuổi thọ tốt lên đến 60 triệu lượt nhấn, đảm bảo bàn phím bền bỉ đồng hành cùng bạn trong suốt thời gian dài.Nhờ được trang bị hệ thống chống xung đột trên toàn bộ các phím, thật thoải mái để sử dụng cùng lúc nhiều phím, hoặc thao tác nhấn phím cực nhanh trên Rapoo V500 Pro mà không xảy ra hiện tượng xung đột tín hiệu, đảm bảo cho độ chuẩn xác trên từng lệnh thao tác.',990000,'Bàn Phím Cơ Có Dây Gaming Rapoo V500Pro Vàng Xanh','12 Tháng',8,1142,'2022-11-27 17:16:30.816000'),(1374,_binary '','https://firebasestorage.googleapis.com/v0/b/graduation-396ec.appspot.com/o/product%2F0.ae9wtqo477_B%C3%A0n%20Ph%C3%ADm%20Kh%C3%B4ng%20D%C3%A2y%20DareU%20EK87?alt=media&token=b309c90f-a894-478d-a429-bdccae49a351','DareU EK87 - chiếc bàn phím Tenkeyless 87 key đến từ nhà DareU, thiết kế từ kết hợp nhựa ABS cùng Blue switch mang lại âm thanh loại cực kỳ quan trọng. This bàn phím sở hữu tông màu trắng / hồng cực kỳ phù hợp với những khách hàng trẻ.',666000,'Bàn Phím Không Dây DareU EK87','12 Tháng',8,1145,'2022-11-27 17:18:19.085000'),(1392,_binary '','https://firebasestorage.googleapis.com/v0/b/graduation-396ec.appspot.com/o/product%2F0.5nauwq0meph_B%C3%A0n%20Ph%C3%ADm%20Bluetooth%20DareU%20EK868?alt=media&token=eacc6d3a-bdce-42b7-82e3-c30282b82e4f','DareU EK868 - Bàn phím bluetooth mẫu của hãng DareU, sở hữu thiết kế cứng cáp, màu sắc trẻ trung cùng keycap thiết kế theo kiểu độc đáo cấu hình thấp. Là key rút gọn kiểu 68, use Blue switch mang lại cảm giác nhẹ nhàng và âm thanh cực kỳ bắt tai. Cùng mình tìm hiểu cách sử dụng bàn phím này nhé!',1170000,'Bàn Phím Bluetooth DareU EK868','12 Tháng',8,1145,'2022-11-27 17:20:25.730000');
/*!40000 ALTER TABLE `products` ENABLE KEYS */;
UNLOCK TABLES;

--
-- Table structure for table `returns`
--

DROP TABLE IF EXISTS `returns`;
/*!40101 SET @saved_cs_client     = @@character_set_client */;
/*!50503 SET character_set_client = utf8mb4 */;
CREATE TABLE `returns` (
  `return_id` bigint NOT NULL,
  `notes` varchar(5000) DEFAULT NULL,
  `reason` varchar(255) DEFAULT NULL,
  `return_date` date DEFAULT NULL,
  `shippers_return_shipper_id` bigint DEFAULT NULL,
  PRIMARY KEY (`return_id`),
  KEY `FKbk487xwc65wtrqyjmccs9jbok` (`shippers_return_shipper_id`),
  CONSTRAINT `FKbk487xwc65wtrqyjmccs9jbok` FOREIGN KEY (`shippers_return_shipper_id`) REFERENCES `shipper` (`shipper_id`),
  CONSTRAINT `FKruin3sad5e3helybgqiirc6kx` FOREIGN KEY (`return_id`) REFERENCES `orders` (`od_id`)
) ENGINE=InnoDB DEFAULT CHARSET=utf8mb4 COLLATE=utf8mb4_0900_ai_ci;
/*!40101 SET character_set_client = @saved_cs_client */;

--
-- Dumping data for table `returns`
--

LOCK TABLES `returns` WRITE;
/*!40000 ALTER TABLE `returns` DISABLE KEYS */;
INSERT INTO `returns` VALUES (928,'','ARRIVED_TOO_LATE','2022-11-27',1413),(1411,'','ARRIVED_TOO_LATE','2022-11-27',1414);
/*!40000 ALTER TABLE `returns` ENABLE KEYS */;
UNLOCK TABLES;

--
-- Table structure for table `reviews`
--

DROP TABLE IF EXISTS `reviews`;
/*!40101 SET @saved_cs_client     = @@character_set_client */;
/*!50503 SET character_set_client = utf8mb4 */;
CREATE TABLE `reviews` (
  `prod_id` bigint NOT NULL,
  `user_id` bigint NOT NULL,
  `content` varchar(500) DEFAULT NULL,
  `date_review` date DEFAULT NULL,
  `hidden` bit(1) DEFAULT NULL,
  `rating` int DEFAULT NULL,
  PRIMARY KEY (`prod_id`,`user_id`),
  KEY `FKcgy7qjc1r99dp117y9en6lxye` (`user_id`),
  CONSTRAINT `FKcgy7qjc1r99dp117y9en6lxye` FOREIGN KEY (`user_id`) REFERENCES `users` (`user_id`),
  CONSTRAINT `FKkgnp0nr4r9k07p5p28s7wlk2r` FOREIGN KEY (`prod_id`) REFERENCES `products` (`prod_id`)
) ENGINE=InnoDB DEFAULT CHARSET=utf8mb4 COLLATE=utf8mb4_0900_ai_ci;
/*!40101 SET character_set_client = @saved_cs_client */;

--
-- Dumping data for table `reviews`
--

LOCK TABLES `reviews` WRITE;
/*!40000 ALTER TABLE `reviews` DISABLE KEYS */;
INSERT INTO `reviews` VALUES (72,4,'qua tuyet voi','2022-11-21',NULL,1),(88,4,'qua tuyet voi','2022-11-21',NULL,1),(398,4,'wonderful','2022-11-27',_binary '\0',5),(398,249,'qua tot','2022-11-27',_binary '\0',3);
/*!40000 ALTER TABLE `reviews` ENABLE KEYS */;
UNLOCK TABLES;

--
-- Table structure for table `role`
--

DROP TABLE IF EXISTS `role`;
/*!40101 SET @saved_cs_client     = @@character_set_client */;
/*!50503 SET character_set_client = utf8mb4 */;
CREATE TABLE `role` (
  `id` bigint NOT NULL,
  `role_name` varchar(255) DEFAULT NULL,
  PRIMARY KEY (`id`),
  UNIQUE KEY `UKbgeqjb5opmijvwc14fbtaj4xx` (`role_name`)
) ENGINE=InnoDB DEFAULT CHARSET=utf8mb4 COLLATE=utf8mb4_0900_ai_ci;
/*!40101 SET character_set_client = @saved_cs_client */;

--
-- Dumping data for table `role`
--

LOCK TABLES `role` WRITE;
/*!40000 ALTER TABLE `role` DISABLE KEYS */;
INSERT INTO `role` VALUES (1,'ADMIN'),(2,'CLIENT'),(3,'SHIPPER');
/*!40000 ALTER TABLE `role` ENABLE KEYS */;
UNLOCK TABLES;

--
-- Table structure for table `shipper`
--

DROP TABLE IF EXISTS `shipper`;
/*!40101 SET @saved_cs_client     = @@character_set_client */;
/*!50503 SET character_set_client = utf8mb4 */;
CREATE TABLE `shipper` (
  `shipper_id` bigint NOT NULL,
  `notes` varchar(5000) DEFAULT NULL,
  `total` double DEFAULT NULL,
  `order_shipper_od_id` bigint DEFAULT NULL,
  `user_shippers_user_id` bigint DEFAULT NULL,
  PRIMARY KEY (`shipper_id`),
  KEY `FKb4b9oy0kf7du1k1hi4yb11frn` (`order_shipper_od_id`),
  KEY `FK5j0dtphyqcaoxlmnoc02semcr` (`user_shippers_user_id`),
  CONSTRAINT `FK5j0dtphyqcaoxlmnoc02semcr` FOREIGN KEY (`user_shippers_user_id`) REFERENCES `users` (`user_id`),
  CONSTRAINT `FKb4b9oy0kf7du1k1hi4yb11frn` FOREIGN KEY (`order_shipper_od_id`) REFERENCES `orders` (`od_id`)
) ENGINE=InnoDB DEFAULT CHARSET=utf8mb4 COLLATE=utf8mb4_0900_ai_ci;
/*!40101 SET character_set_client = @saved_cs_client */;

--
-- Dumping data for table `shipper`
--

LOCK TABLES `shipper` WRITE;
/*!40000 ALTER TABLE `shipper` DISABLE KEYS */;
INSERT INTO `shipper` VALUES (294,NULL,0,223,293),(295,NULL,0,234,293),(1410,NULL,0,1408,6),(1413,NULL,53778000,928,6),(1414,NULL,82765500,1411,6),(1421,NULL,26889000,1419,293);
/*!40000 ALTER TABLE `shipper` ENABLE KEYS */;
UNLOCK TABLES;

--
-- Table structure for table `smart_phone`
--

DROP TABLE IF EXISTS `smart_phone`;
/*!40101 SET @saved_cs_client     = @@character_set_client */;
/*!50503 SET character_set_client = utf8mb4 */;
CREATE TABLE `smart_phone` (
  `sp_id` bigint NOT NULL,
  `after_camera` varchar(255) DEFAULT NULL,
  `batachg` varchar(255) DEFAULT NULL,
  `before_camera` varchar(255) DEFAULT NULL,
  `connector` varchar(255) DEFAULT NULL,
  `cpu` varchar(255) DEFAULT NULL,
  `disk` varchar(255) DEFAULT NULL,
  `gpu` varchar(255) DEFAULT NULL,
  `monitor` varchar(255) DEFAULT NULL,
  `ram` varchar(255) DEFAULT NULL,
  `sysop` varchar(255) DEFAULT NULL,
  `utils` varchar(2000) DEFAULT NULL,
  `video` varchar(255) DEFAULT NULL,
  PRIMARY KEY (`sp_id`),
  CONSTRAINT `FK5jpjcu19u45eci8s3gn3bj5ng` FOREIGN KEY (`sp_id`) REFERENCES `products` (`prod_id`)
) ENGINE=InnoDB DEFAULT CHARSET=utf8mb4 COLLATE=utf8mb4_0900_ai_ci;
/*!40101 SET character_set_client = @saved_cs_client */;

--
-- Dumping data for table `smart_phone`
--

LOCK TABLES `smart_phone` WRITE;
/*!40000 ALTER TABLE `smart_phone` DISABLE KEYS */;
INSERT INTO `smart_phone` VALUES (662,'2 camera 12 MP','3700 mAh;25 W','10 MP','Hỗ trợ 5G;1 Nano SIM & 1 eSIM;Wifi;GPS;Blutooth;Type-C;OTG;NFC','Snapdragon 8+ Gen 1 8 nhân','128 GB','Adreno 670','Chính: FHD+ (2640 x 1080 Pixels) x Phụ: (260 x 512 Pixels)','8 GB','Android 12','Mở khoá vân tay cạnh viền;Mở khoá khuôn mặt;Kháng nước, bụi:IPX8;Chế độ đơn giản (Giao diện đơn giản);Đa cửa sổ (chia đôi màn hình);Màn hình luôn hiển thị AOD;  Trợ lý ảo Samsung Bixby;Thu nhỏ màn hình sử dụng một tay;','FullHD 1080p @ 60fps; FullHD 1080p @ 30fps; HD 720p @ 30fps; 4K 2160p @ 60fps; 4K 2160p @ 30fps'),(669,'2 camera 12 MP','3110 mAh; 18 W','12 MP','Hỗ trợ 4G;1 Nano SIM & 1 eSIM;Wifi;GPS;Blutooth;Lightning;OTG;NFC','Apple A13 Bionic','64 GB','Apple GPU 4 nhân','Liquid Retina (828 x 1792 Pixels)','4 GB','IOS 15','Âm thanh Dolby Audio;Apple Pay;Kháng nước, bụi: IP68;  Bảo mật nâng cao: Mở khoá khuôn mặt Face ID','4K 2160p@60fps;FullHD 1080p@30fps;HD 720p@30fps;FullHD 1080p@60fps; 4K 2160p@24fps;FullHD 1080p@120fps;FullHD 1080p@240fps;4K 2160p@30fps'),(682,'3 camera 12 MP','4352 mAh;20 W','12 MP','Hỗ trợ 5G;1 Nano SIM & 1 eSIM;Wifi;GPS;Blutooth;Lightning;OTG;NFC','Apple A15 Bionic 6 nhân','128 GB','Apple GPU 5 nhân','Super Retina XDR (1284 x 2778 Pixels)','6 GB','IOS','Âm thanh Dolby Audio;Apple Pay;Kháng nước, bụi: IP68; Bảo mật nâng cao: Mở khoá khuôn mặt Face ID','4K 2160p@60fps;FullHD 1080p@30fps;HD 720p@30fps;FullHD 1080p@60fps; 4K 2160p@24fps;FullHD 1080p@120fps;FullHD 1080p@240fps;4K 2160p@30fps'),(697,'3 camera 12 MP','3095 mAh;20 W','12 MP','Hỗ trợ 5G;1 Nano SIM & 1 eSIM;Wifi;GPS;Blutooth;Lightning;OTG;NFC','Apple A15 Bionic 6 nhân','128 GB','Apple GPU 5 nhân','Super Retina XDR (1170 x 2532 Pixels)','6 GB','IOS','Âm thanh Dolby Audio;Apple Pay;Kháng nước, bụi: IP68;  Bảo mật nâng cao: Mở khoá khuôn mặt Face ID','4K 2160p@60fps;FullHD 1080p@30fps;HD 720p@30fps;FullHD 1080p@60fps; 4K 2160p@24fps;FullHD 1080p@120fps;FullHD 1080p@240fps;4K 2160p@30fps'),(712,'2 camera 12 MP','3240 mAh;20 W','12 MP','Hỗ trợ 5G;1 Nano SIM & 1 eSIM;Wifi;GPS;Blutooth;Lightning;OTG;NFC','Apple A16 Bionic 6 nhân','128 GB','Apple GPU 5 nhân','Super Retina XDR (1170 x 2532 Pixels)','4 GB','iOS 15','Âm thanh Dolby Audio;Apple Pay;Kháng nước, bụi: IP68;  Bảo mật nâng cao: Mở khoá khuôn mặt Face ID','FullHD 1080p@60fps; 4K 2160p@24fps; FullHD 1080p@30fps; HD 720p@30fps;4K 2160p@60fps; FullHD 1080p@120fps;4K 2160p@30fps; 1080p@240fps FullHD'),(729,'12 MP','3279 mAh','2 camera 12 MP','Hỗ trợ 5G;1 Nano SIM & 1 eSIM;Wifi;GPS;Blutooth;Lightning;NFC','Apple A16 Bionic 6 nhân','512 GB','Apple GPU 5 nhân','Super Retina XDR (1170 x 2532 Pixels)','6 GB','iOS 16','Âm thanh Dolby Audio;Apple Pay;Kháng nước, bụi: IP68;  Bảo mật nâng cao: Mở khoá khuôn mặt Face ID','VIDEO: 4K 2160p@60fps;4K 2160p@24fps;4K 2160p@30fps'),(738,'12 MP','3200 mAh','Chính 48 MP & Phụ 12 MP, 12 MP','Hỗ trợ 5G;1 Nano SIM & 1 eSIM;Wifi;GPS;Blutooth;Lightning;NFC','Apple A16 Bionic 6 nhân','512 GB','Apple GPU 5 nhân','Super Retina XDR (1170 x 2532 Pixels)','6 GB','iOS 16','Âm thanh Dolby Audio;Apple Pay;Kháng nước, bụi: IP68;Bảo mật nâng cao: Mở khoá khuôn mặt Face ID','4K 2160p @ 60fps; FullHD 1080p @ 30fps; HD 720p @ 30fps; FullHD 1080p @ 60fps; 4K 2160p @ 24fps; 4K 2160p @ 30fps'),(750,'12 MP','4325 mAh','2 camera 12 MP','Hỗ trợ 5G;1 Nano SIM & 1 eSIM;Wifi;GPS;Blutooth;Lightning;NFC','Apple A16 Bionic 6 nhân','512 GB','Apple GPU 5 nhân','Super Retina XDR (1284 x 2778 Pixels)','6 GB','iOS 16','Âm thanh Dolby Audio;Apple Pay;Kháng nước, bụi: IP68;  Bảo mật nâng cao: Mở khoá khuôn mặt Face ID;Xóa phông;Ban đêm (Night Mode);Quay Siêu chậm (Super Slow Motion); Trôi nhanh thời gian (Time Lapse);Quay chậm (Slow Motion);Ảnh Raw','4K 2160p@24fps;4K 2160p@60fps;4K 2160p@30fps'),(759,'Chính 48 MP & Phụ 12 MP, 12 MP','4323 mAh ;Sạc không dây MagSafe;Sạc không dây','12 MP','Hỗ trợ 5G;1 Nano SIM & 1 eSIM;Wifi;GPS;Blutooth;Lightning;NFC','Apple A16 Bionic 6 nhân','512 GB','Apple GPU 5 nhân','Super Retina XDR (2796 x 1290 Pixels)','6 GB','iOS 16','Âm thanh Dolby Audio;Apple Pay;Kháng nước, bụi: IP68;  Bảo mật nâng cao: Mở khoá khuôn mặt Face ID;Xóa phông;Ban đêm (Night Mode);Quay Siêu chậm (Super Slow Motion); Trôi nhanh thời gian (Time Lapse);Quay chậm (Slow Motion);Ảnh Raw','FullHD 1080p @ 60fps; 4K 2160p @ 24fps; FullHD 1080p @ 30fps;  HD 720p @ 30fps; 4K 2160p @ 60fps; 4K 2160p @ 30fps'),(771,'2 camera 12 MP','2438 mAh;20 W','12 MP','Hỗ trợ 5G;1 Nano SIM & 1 eSIM;Wifi;GPS;Blutooth;Lightning;NFC','Apple A15 Bionic 6 nhân','128 GB','Apple GPU 4 nhân','Full HD+ (1080 x 2340 Pixels)','4GB','IOS15','Âm thanh Dolby Audio;Apple Pay;Kháng nước, bụi: IP68;  Bảo mật nâng cao: Mở khoá khuôn mặt Face ID;Xóa phông;Ban đêm (Night Mode);Quay Siêu chậm (Super Slow Motion); Trôi nhanh thời gian (Time Lapse);Quay chậm (Slow Motion);Ảnh Raw','FullHD 1080p @ 60fps; 4K 2160p @ 24fps; FullHD 1080p @ 30fps;  HD 720p @ 30fps; 4K 2160p @ 60fps; 4K 2160p @ 30fps'),(789,'2 camera 12 MP','2815 mAh;20 W','12 MP','Hỗ trợ 5G;1 Nano SIM & 1 eSIM;Wifi;GPS;Blutooth;Lightning;NFC','Apple A14 Bionic','64 GB','Apple GPU 4 nhân','Super Retina XDR (1170 x 2532 Pixels)','4 GB','iOS 15','Âm thanh Dolby Audio;Apple Pay;Kháng nước, bụi: IP68;  Bảo mật nâng cao: Mở khoá khuôn mặt Face ID;Xóa phông;Ban đêm (Night Mode);Quay Siêu chậm (Super Slow Motion); Trôi nhanh thời gian (Time Lapse);Quay chậm (Slow Motion);Ảnh Raw','FullHD 1080p @ 60fps; 4K 2160p @ 24fps; FullHD 1080p @ 30fps; HD 720p @ 30fps; 4K 2160p @ 60fps;  FullHD 1080p @ 120fps; 4K 2160p @ 30fps; FullHD 1080p @ 240fps'),(807,'Chính 108 MP & Phụ 12 MP, 10 MP, 10 MP','5000 mAh;45 W','40 MP','2 Nano SIM hoặc 1 Nano SIM + 1 eSIM;Hỗ trợ 5G;Wifi;GPS;Blutooth;Type-C;NFC','Snapdragon 8 Gen 1','128 GB','Adreno 730','Chính: 2K+ (1440 x 3088 Pixels)','8 GB','Android 12','Mở khoá vân tay dưới màn hình;Mở khoá khuôn mặt;Kháng nước, bụi:IPX8;Chế độ đơn giản (Giao diện đơn giản);Đa cửa sổ (chia đôi màn hình);Màn hình luôn hiển thị AOD;','FullHD 1080p@60fps;FullHD 1080p@30fps;HD 720p@30fps;4K 2160p@60fps; 8K 4320p@24fps;4K 2160p@30fps;FullHD 1080p@240fps;HD 720p@960fps'),(816,'Chính 50 MP & Phụ 12 MP, 10 MP','4400 mAh;25 W','10 MP & 4 MP','1 Nano SIM + 1 eSIM;Hỗ trợ 5G;Wifi;GPS;Blutooth;Type-C;NFC','Snapdragon 8+ Gen 1','256 GB','Adreno 730','Chính: QXGA+ (2176 x 1812 Pixels) & Phụ: HD+ (2316 x 904 Pixels)','12 GB','Android 12','Mở khoá vân tay cạnh viền;Mở khoá khuôn mặt;Kháng nước, bụi:IPX8;Chế độ đơn giản (Giao diện đơn giản);Đa cửa sổ (chia đôi màn hình);Màn hình luôn hiển thị AOD;  Trợ lý ảo Samsung Bixby;Thu nhỏ màn hình sử dụng một tay;Samsung DeX (Kết nối màn hình sử dụng giao diện tương tự PC);Chạm 2 lần sáng màn hình','FullHD 1080p@60fps;FullHD 1080p@30fps;HD 720p@30fps;4K 2160p@60fps;8K 4320p@24fps;4K 2160p@30fps'),(826,'3 camera 12 MP','4400 mAh;25 W','10 MP & 4 MP','2 Nano SIM hoặc 1 Nano SIM + 1 eSIM;Hỗ trợ 5G;Wifi;GPS;Blutooth;Type-C;NFC','Snapdragon 888','256 GB','Adreno 660','Full HD+ (1768 x 2208 Pixels)','12 GB','Android 11','Mở khoá vân tay cạnh viền;Smart Switch (ứng dụng chuyển đổi dữ liệu);Kháng nước, bụi:IPX8;Chế độ đơn giản (Giao diện đơn giản);Đa cửa sổ (chia đôi màn hình);Màn hình luôn hiển thị AOD;  Trợ lý ảo Samsung Bixby;Thu nhỏ màn hình sử dụng một tay;Samsung DeX (Kết nối màn hình sử dụng giao diện tương tự PC);Chạm 2 lần sáng màn hình','4K 2160p@60fps;FullHD 1080p@60fps;HD 720p@960fps;FullHD 1080p@240fps'),(838,'Chính 108 MP & Phụ 8 MP, 2 MP, 2 MP','5000 mAh;25 W','32 MP','Hỗ trợ 5G;Wifi;GPS;Blutooth;Type-C;NFC','MediaTek Dimensity 900 5G','256 GB','Mali-G68','Full HD+ (1080 x 2400 Pixels)','8 GB','Android 12','Mở khoá vân tay cạnh viền;Mở rộng bộ nhớ RAM;Smart Switch (ứng dụng chuyển đổi dữ liệu)','4K 2160p@30fps'),(845,'Chính 108 MP & Phụ 12 MP, 5 MP, 5 MP','5000 mAh;25 W','32 MP','2 Nano Sim;Hỗ trợ 5G;Wifi;GPS;Blutooth;Type-C;NFC','Snapdragon 778G 5G','256 GB','Adreno 642L','Full HD+ (1080 x 2400 Pixels)','8 GB','Android 12','Mở khoá vân tay cạnh viền;Mở rộng bộ nhớ RAM;Smart Switch (ứng dụng chuyển đổi dữ liệu);Tối ưu game (Game Booster);Kháng nước bụi: IP67','FullHD 1080p@60fps;FullHD 1080p@30fps;HD 720p@240fps;4K 2160p@30fps'),(854,'Chính 108 MP & Phụ 12 MP, 5 MP, 5 MP','5000 mAh;25 W','32 MP','2 Nano Sim (SIM 2 chung khe thẻ nhớ);Hỗ trợ 5G;Wifi;GPS;Blutooth;Type-C;NFC','Snapdragon 778G 5G','128 GB','Adreno 642L','Super AMOLED Plus Full HD+ (1080 x 2400 Pixels)','8 GB','Android 12','Mở khoá vân tay dưới màn hình;Mở rộng bộ nhớ RAM; Smart Switch (ứng dụng chuyển đổi dữ liệu);Tối ưu game (Game Booster);Kháng nước bụi: IP67','FullHD 1080p@30fps;HD 720p@240fps;FullHD 1080p@60fps;4K 2160p@30fps'),(862,'Chính 12 MP & Phụ 12 MP, 8 MP','4500 mAh;25 W','32 MP','2 Nano Sim;Hỗ trợ 5G;Wifi;GPS;Blutooth;Type-C;NFC','Exynos 2100 8 nhân','128 GB','Mali-G78 MP14','Dynamic AMOLED 2X ;Full HD+ (1080 x 2340 Pixels)','8 GB','Android 12','Mở khoá vân tay dưới màn hình;Mở khoá khuôn mặt; Chống nước,Bụi: IP68;Mở rộng bộ nhớ RAM; Smart Switch (ứng dụng chuyển đổi dữ liệu); Tối ưu game (Game Booster);Kháng nước bụi: IP67','FullHD 1080p@60fps;4K 2160p@60fps');
/*!40000 ALTER TABLE `smart_phone` ENABLE KEYS */;
UNLOCK TABLES;

--
-- Table structure for table `user_role`
--

DROP TABLE IF EXISTS `user_role`;
/*!40101 SET @saved_cs_client     = @@character_set_client */;
/*!50503 SET character_set_client = utf8mb4 */;
CREATE TABLE `user_role` (
  `user_id` bigint NOT NULL,
  `role_id` bigint NOT NULL,
  PRIMARY KEY (`user_id`,`role_id`),
  KEY `FKa68196081fvovjhkek5m97n3y` (`role_id`),
  CONSTRAINT `FKa68196081fvovjhkek5m97n3y` FOREIGN KEY (`role_id`) REFERENCES `role` (`id`),
  CONSTRAINT `FKj345gk1bovqvfame88rcx7yyx` FOREIGN KEY (`user_id`) REFERENCES `users` (`user_id`)
) ENGINE=InnoDB DEFAULT CHARSET=utf8mb4 COLLATE=utf8mb4_0900_ai_ci;
/*!40101 SET character_set_client = @saved_cs_client */;

--
-- Dumping data for table `user_role`
--

LOCK TABLES `user_role` WRITE;
/*!40000 ALTER TABLE `user_role` DISABLE KEYS */;
INSERT INTO `user_role` VALUES (5,1),(4,2),(249,2),(6,3),(293,3);
/*!40000 ALTER TABLE `user_role` ENABLE KEYS */;
UNLOCK TABLES;

--
-- Table structure for table `users`
--

DROP TABLE IF EXISTS `users`;
/*!40101 SET @saved_cs_client     = @@character_set_client */;
/*!50503 SET character_set_client = utf8mb4 */;
CREATE TABLE `users` (
  `user_id` bigint NOT NULL,
  `address` varchar(255) DEFAULT NULL,
  `auth_provider` varchar(255) DEFAULT NULL,
  `email` varchar(255) DEFAULT NULL,
  `full_name` varchar(255) DEFAULT NULL,
  `image_url` varchar(2000) DEFAULT NULL,
  `password` varchar(255) DEFAULT NULL,
  `phone_number` varchar(255) DEFAULT NULL,
  PRIMARY KEY (`user_id`),
  UNIQUE KEY `UK6dotkott2kjsp8vw4d0m25fb7` (`email`)
) ENGINE=InnoDB DEFAULT CHARSET=utf8mb4 COLLATE=utf8mb4_0900_ai_ci;
/*!40101 SET character_set_client = @saved_cs_client */;

--
-- Dumping data for table `users`
--

LOCK TABLES `users` WRITE;
/*!40000 ALTER TABLE `users` DISABLE KEYS */;
INSERT INTO `users` VALUES (4,'Ha Nam','LOCAL_PROVIDER','hoanghonvanoinhoem@gmail.com','Nguyễn Thiên Ân','data:image/png;base64,iVBORw0KGgoAAAANSUhEUgAAAOEAAADhCAMAAAAJbSJIAAAAMFBMVEXFxcX////CwsLGxsb7+/vT09PJycn19fXq6urb29ve3t7w8PDOzs7n5+f5+fnt7e30nlkBAAAFHUlEQVR4nO2dC5qqMAyFMTwUBdz/bq+VYYrKKJCkOfXmXwHna5uTpA+KwnEcx3Ecx3Ecx3Ecx3Ecx3Ecx3Ecx3Ecx3EcA2iO9cdIc5PUdO257y+BU39u66b4HplE3fk6VIcnqmNfl1+gksr6+iIucjl3WYukor7+re6Hoe1y1UhNO3zUd+fUFRmKpOa0Tt6dY5ubRCrOG/QFLk1WGmnt/JxzykcjdZ/jyxJDLlOV2l36AtcsJJb9boG3YcR3DuqODIE3ztYKPkDdmwRmpUToUaSaq++AvRgZMWbOpbQW8hdCAm8ZDugoikzREdCJ2okJPBx6azFLNOwoOgcxojJ98JkaTSJxMpklKrCAKhZGI0drTY/wU5lXoJYibannV9NYy4oozNEAkPHTjop+DTDxVGkIgYJNoyQQJtiIW+EMjGAjm649AjGIaqswcEFQKJ2QPlJbqytki6ZXAAZRJ52J2McaUowzAfs+uFzrYhnzaapphiPWdaJWShqxjqa6kTTQ205TVbsfMa6htL0iYOsXpJrQjHSmCkv1QGPtiHqlYcQ21Gj7fcDU8xOEUuNgSltPzexh+HqFlanCBHZ4OLhCV+gK/3OF6vWvucLv98MUOY2pwu/PS/+D2qJU7pYGbOvDFDW+bbON9p3o3oRxn0bfLgZTgSn6pSfrtr56qLHemtHPTK2319SzGvtjQ9qeb39WgS66Cm073nd0U1PzDdJCO3Gzn6TKpl9Zq7ujGWsQhlA3NwWIMwG9zM08Y/tBrR9VWeczv5CSQuuUNKIUTk23ZJ5RKfVhjnkXotfWIlgX2BSCDYbZR+QTcLhb3dKZDUY2M0d4KWItwhHRah/zsrOgKw4wycwjcgEVcgQDQo23CqSiWEJkFAfod2oE1uIFdA1OsCPqFXYNTjCfb8Ez+iX2x5sKLlVbhtqdDcar9ZevhnbZxoBUD35k23t0d304LYs1ELVbnfFaZ/REJJX9niP8Q19moZGo3m8XR/yBvOnjFfsXcI2c8ZuNo7WMP5HQh6yRGrlmFOJTnyTcT+zRlqPUBI2gTVWNUzUna1ERgecgF4GpNBQ38jGqxVLzQA1A31Rrhk6Yz9QEh/WND0GnuG9huhiTXJkxfAizTHLr6cbJKN6UCU6x/2DTRE1xEeEXi3O0ZUqBN4nJRzHhFB1JPlFTBZlI2kQ8zc3KJ1Le8DIRmFJiknuVS6RK4Ej/JtBfJErDSzOBiY4wJHX6Z1I4v1GUmdCPNirnLLeg3oJLcbX5PcpHNbRvOa1A956QmRPOUXVF+zkaUJynpkYR0bOMJH2nNej1pqyV/aKkz9jr5yj5vrXXz1F5SQLACiMapmierj2ikLyleKdlA/I/2oFxiglxx9B+mHwz0lf34IZQfhDRhlD6bhvgEAoPYooHkTczSIZTLC+cEExsoNKZiGBiY9cCfo/Y/SjIOBMQizWWTe73CMUasJx7jlD+DdKdWUKoY4PRYFtGpO0G1Lx4RaadgTtJhf4fiGqGIwKWCGuGIwKWqP+7IxYCzygjR9IAO5pC7Da9g70TBVpWRNgFBlgT8RV2WxHbKwJMv4BOaEaYaU2K16yZMN/qgV+G7IWIvwyZCxHeDQMsR8wg0DBDDXB5H2EV+hkEGmaoySHQsEJNFoGGFWrAq98JRhUMX1iMMMqLLEIpK5jCbd4vw9nSt/72lewXiN6jmdjfq8Hdknlk92ZwJnbIMMRM7JBhiFlUFoHd1UWaP1QKsPsHA5mkNB+Smn9JqV3wskatnQAAAABJRU5ErkJggg==','$2a$10$YklEsg1.KGj8e4b.0YgWzOIwjskYsSSv.GvBtJmhLFT1zFSF4c5sO','0326175037'),(5,'Ha Tinh','LOCAL_PROVIDER','admin12@gmail.com','Le Van Hung','https://firebasestorage.googleapis.com/v0/b/graduation-396ec.appspot.com/o/Avatar%2F0.l6jwswbvj8_abc?alt=media&token=81ce96ee-b746-4f3e-94d5-2bc3c8cacd5f','$2a$10$5SHnrj5U653oeO004bdU7OvlPRyhbx.SxLaXHScFVpcrzqR7hTajK','0326817904'),(6,'Long An','LOCAL_PROVIDER','shipper12@gmail.com','Le Hoang Binh Minh','https://firebasestorage.googleapis.com/v0/b/graduation-396ec.appspot.com/o/Avatar%2F0.yhqyw19wpq_abc?alt=media&token=72cad386-8a4f-4e2c-a139-c0c23b2c9d16','$2a$10$cpZJkDvFwbDBlDMcz1Kl9eha9YK0bg3vTpVhqngYo/39ibEeNcJPe','0326817904'),(249,'Long An','LOCAL_PROVIDER','canhsatquocgia38@gmail.com','Nguyen Van Na','data:image/png;base64,iVBORw0KGgoAAAANSUhEUgAAAOEAAADhCAMAAAAJbSJIAAAAMFBMVEXFxcX////CwsLGxsb7+/vT09PJycn19fXq6urb29ve3t7w8PDOzs7n5+f5+fnt7e30nlkBAAAFHUlEQVR4nO2dC5qqMAyFMTwUBdz/bq+VYYrKKJCkOfXmXwHna5uTpA+KwnEcx3Ecx3Ecx3Ecx3Ecx3Ecx3Ecx3Ecx3EcA2iO9cdIc5PUdO257y+BU39u66b4HplE3fk6VIcnqmNfl1+gksr6+iIucjl3WYukor7+re6Hoe1y1UhNO3zUd+fUFRmKpOa0Tt6dY5ubRCrOG/QFLk1WGmnt/JxzykcjdZ/jyxJDLlOV2l36AtcsJJb9boG3YcR3DuqODIE3ztYKPkDdmwRmpUToUaSaq++AvRgZMWbOpbQW8hdCAm8ZDugoikzREdCJ2okJPBx6azFLNOwoOgcxojJ98JkaTSJxMpklKrCAKhZGI0drTY/wU5lXoJYibannV9NYy4oozNEAkPHTjop+DTDxVGkIgYJNoyQQJtiIW+EMjGAjm649AjGIaqswcEFQKJ2QPlJbqytki6ZXAAZRJ52J2McaUowzAfs+uFzrYhnzaapphiPWdaJWShqxjqa6kTTQ205TVbsfMa6htL0iYOsXpJrQjHSmCkv1QGPtiHqlYcQ21Gj7fcDU8xOEUuNgSltPzexh+HqFlanCBHZ4OLhCV+gK/3OF6vWvucLv98MUOY2pwu/PS/+D2qJU7pYGbOvDFDW+bbON9p3o3oRxn0bfLgZTgSn6pSfrtr56qLHemtHPTK2319SzGvtjQ9qeb39WgS66Cm073nd0U1PzDdJCO3Gzn6TKpl9Zq7ujGWsQhlA3NwWIMwG9zM08Y/tBrR9VWeczv5CSQuuUNKIUTk23ZJ5RKfVhjnkXotfWIlgX2BSCDYbZR+QTcLhb3dKZDUY2M0d4KWItwhHRah/zsrOgKw4wycwjcgEVcgQDQo23CqSiWEJkFAfod2oE1uIFdA1OsCPqFXYNTjCfb8Ez+iX2x5sKLlVbhtqdDcar9ZevhnbZxoBUD35k23t0d304LYs1ELVbnfFaZ/REJJX9niP8Q19moZGo3m8XR/yBvOnjFfsXcI2c8ZuNo7WMP5HQh6yRGrlmFOJTnyTcT+zRlqPUBI2gTVWNUzUna1ERgecgF4GpNBQ38jGqxVLzQA1A31Rrhk6Yz9QEh/WND0GnuG9huhiTXJkxfAizTHLr6cbJKN6UCU6x/2DTRE1xEeEXi3O0ZUqBN4nJRzHhFB1JPlFTBZlI2kQ8zc3KJ1Le8DIRmFJiknuVS6RK4Ej/JtBfJErDSzOBiY4wJHX6Z1I4v1GUmdCPNirnLLeg3oJLcbX5PcpHNbRvOa1A956QmRPOUXVF+zkaUJynpkYR0bOMJH2nNej1pqyV/aKkz9jr5yj5vrXXz1F5SQLACiMapmierj2ikLyleKdlA/I/2oFxiglxx9B+mHwz0lf34IZQfhDRhlD6bhvgEAoPYooHkTczSIZTLC+cEExsoNKZiGBiY9cCfo/Y/SjIOBMQizWWTe73CMUasJx7jlD+DdKdWUKoY4PRYFtGpO0G1Lx4RaadgTtJhf4fiGqGIwKWCGuGIwKWqP+7IxYCzygjR9IAO5pC7Da9g70TBVpWRNgFBlgT8RV2WxHbKwJMv4BOaEaYaU2K16yZMN/qgV+G7IWIvwyZCxHeDQMsR8wg0DBDDXB5H2EV+hkEGmaoySHQsEJNFoGGFWrAq98JRhUMX1iMMMqLLEIpK5jCbd4vw9nSt/72lewXiN6jmdjfq8Hdknlk92ZwJnbIMMRM7JBhiFlUFoHd1UWaP1QKsPsHA5mkNB+Smn9JqV3wskatnQAAAABJRU5ErkJggg==','$2a$10$8Ave6nfr.gLLgsAlIAecAeM0qlAfjgmQ4G6vH69D6LZTy4f1gSf9G','0326817904'),(293,'Hà Nội','LOCAL_PROVIDER','shipper13@gmail.com','Hoàng Văn Nam','data:image/png;base64,iVBORw0KGgoAAAANSUhEUgAAAOEAAADhCAMAAAAJbSJIAAAAMFBMVEXFxcX////CwsLGxsb7+/vT09PJycn19fXq6urb29ve3t7w8PDOzs7n5+f5+fnt7e30nlkBAAAFHUlEQVR4nO2dC5qqMAyFMTwUBdz/bq+VYYrKKJCkOfXmXwHna5uTpA+KwnEcx3Ecx3Ecx3Ecx3Ecx3Ecx3Ecx3Ecx3EcA2iO9cdIc5PUdO257y+BU39u66b4HplE3fk6VIcnqmNfl1+gksr6+iIucjl3WYukor7+re6Hoe1y1UhNO3zUd+fUFRmKpOa0Tt6dY5ubRCrOG/QFLk1WGmnt/JxzykcjdZ/jyxJDLlOV2l36AtcsJJb9boG3YcR3DuqODIE3ztYKPkDdmwRmpUToUaSaq++AvRgZMWbOpbQW8hdCAm8ZDugoikzREdCJ2okJPBx6azFLNOwoOgcxojJ98JkaTSJxMpklKrCAKhZGI0drTY/wU5lXoJYibannV9NYy4oozNEAkPHTjop+DTDxVGkIgYJNoyQQJtiIW+EMjGAjm649AjGIaqswcEFQKJ2QPlJbqytki6ZXAAZRJ52J2McaUowzAfs+uFzrYhnzaapphiPWdaJWShqxjqa6kTTQ205TVbsfMa6htL0iYOsXpJrQjHSmCkv1QGPtiHqlYcQ21Gj7fcDU8xOEUuNgSltPzexh+HqFlanCBHZ4OLhCV+gK/3OF6vWvucLv98MUOY2pwu/PS/+D2qJU7pYGbOvDFDW+bbON9p3o3oRxn0bfLgZTgSn6pSfrtr56qLHemtHPTK2319SzGvtjQ9qeb39WgS66Cm073nd0U1PzDdJCO3Gzn6TKpl9Zq7ujGWsQhlA3NwWIMwG9zM08Y/tBrR9VWeczv5CSQuuUNKIUTk23ZJ5RKfVhjnkXotfWIlgX2BSCDYbZR+QTcLhb3dKZDUY2M0d4KWItwhHRah/zsrOgKw4wycwjcgEVcgQDQo23CqSiWEJkFAfod2oE1uIFdA1OsCPqFXYNTjCfb8Ez+iX2x5sKLlVbhtqdDcar9ZevhnbZxoBUD35k23t0d304LYs1ELVbnfFaZ/REJJX9niP8Q19moZGo3m8XR/yBvOnjFfsXcI2c8ZuNo7WMP5HQh6yRGrlmFOJTnyTcT+zRlqPUBI2gTVWNUzUna1ERgecgF4GpNBQ38jGqxVLzQA1A31Rrhk6Yz9QEh/WND0GnuG9huhiTXJkxfAizTHLr6cbJKN6UCU6x/2DTRE1xEeEXi3O0ZUqBN4nJRzHhFB1JPlFTBZlI2kQ8zc3KJ1Le8DIRmFJiknuVS6RK4Ej/JtBfJErDSzOBiY4wJHX6Z1I4v1GUmdCPNirnLLeg3oJLcbX5PcpHNbRvOa1A956QmRPOUXVF+zkaUJynpkYR0bOMJH2nNej1pqyV/aKkz9jr5yj5vrXXz1F5SQLACiMapmierj2ikLyleKdlA/I/2oFxiglxx9B+mHwz0lf34IZQfhDRhlD6bhvgEAoPYooHkTczSIZTLC+cEExsoNKZiGBiY9cCfo/Y/SjIOBMQizWWTe73CMUasJx7jlD+DdKdWUKoY4PRYFtGpO0G1Lx4RaadgTtJhf4fiGqGIwKWCGuGIwKWqP+7IxYCzygjR9IAO5pC7Da9g70TBVpWRNgFBlgT8RV2WxHbKwJMv4BOaEaYaU2K16yZMN/qgV+G7IWIvwyZCxHeDQMsR8wg0DBDDXB5H2EV+hkEGmaoySHQsEJNFoGGFWrAq98JRhUMX1iMMMqLLEIpK5jCbd4vw9nSt/72lewXiN6jmdjfq8Hdknlk92ZwJnbIMMRM7JBhiFlUFoHd1UWaP1QKsPsHA5mkNB+Smn9JqV3wskatnQAAAABJRU5ErkJggg==','$2a$10$zwN6IDQKIUpIH5a8sp6JfOy5CXbjsbGrYqnAcPaR7I6QUTXIqCoVK','0326817904');
/*!40000 ALTER TABLE `users` ENABLE KEYS */;
UNLOCK TABLES;

--
-- Dumping routines for database 'graduationdb'
--
/*!50003 DROP PROCEDURE IF EXISTS `REVENUE_STATISTICS_BY_YEAR` */;
/*!50003 SET @saved_cs_client      = @@character_set_client */ ;
/*!50003 SET @saved_cs_results     = @@character_set_results */ ;
/*!50003 SET @saved_col_connection = @@collation_connection */ ;
/*!50003 SET character_set_client  = utf8mb4 */ ;
/*!50003 SET character_set_results = utf8mb4 */ ;
/*!50003 SET collation_connection  = utf8mb4_0900_ai_ci */ ;
/*!50003 SET @saved_sql_mode       = @@sql_mode */ ;
/*!50003 SET sql_mode              = 'STRICT_TRANS_TABLES,NO_ENGINE_SUBSTITUTION' */ ;
DELIMITER ;;
CREATE DEFINER=`root`@`localhost` PROCEDURE `REVENUE_STATISTICS_BY_YEAR`(IN years int)
BEGIN
    SELECT
        MONTH(recipient_date) ,
        YEAR(recipient_date),
        SUM(amount)
    FROM orders O INNER JOIN order_detail OD ON O.od_id = OD.odde_od_id
    WHERE status = 'DELIVERED'
      AND YEAR(recipient_date) = years
    GROUP BY MONTH(recipient_date);
END ;;
DELIMITER ;
/*!50003 SET sql_mode              = @saved_sql_mode */ ;
/*!50003 SET character_set_client  = @saved_cs_client */ ;
/*!50003 SET character_set_results = @saved_cs_results */ ;
/*!50003 SET collation_connection  = @saved_col_connection */ ;
/*!50003 DROP PROCEDURE IF EXISTS `SHIPPER_STATISTICS_ORDER` */;
/*!50003 SET @saved_cs_client      = @@character_set_client */ ;
/*!50003 SET @saved_cs_results     = @@character_set_results */ ;
/*!50003 SET @saved_col_connection = @@collation_connection */ ;
/*!50003 SET character_set_client  = utf8mb4 */ ;
/*!50003 SET character_set_results = utf8mb4 */ ;
/*!50003 SET collation_connection  = utf8mb4_0900_ai_ci */ ;
/*!50003 SET @saved_sql_mode       = @@sql_mode */ ;
/*!50003 SET sql_mode              = 'STRICT_TRANS_TABLES,NO_ENGINE_SUBSTITUTION' */ ;
DELIMITER ;;
CREATE DEFINER=`root`@`localhost` PROCEDURE `SHIPPER_STATISTICS_ORDER`(IN userShipperId bigint, IN years int)
BEGIN
    SELECT
        MONTH(o.recipient_date) as months,
        YEAR(o.recipient_date) as years,
        sum(distinct case
             when (select sum(od.qty * price) from order_detail od where od.odde_od_id = o.od_id) > 10000000
                 and (select sum(od.qty * price) from order_detail od where od.odde_od_id = o.od_id) < 20000000
                 then 300000
             when (select sum(od.qty * price) from order_detail od where od.odde_od_id = o.od_id) >= 20000000
                 and (select sum(od.qty * price) from order_detail od where od.odde_od_id = o.od_id) < 30000000
                 then 500000
             when (select sum(od.qty * price) from order_detail od where od.odde_od_id = o.od_id) >= 30000000
                 and (select sum(od.qty * price) from order_detail od where od.odde_od_id = o.od_id) < 50000000
                 then 1000000
             when (select sum(od.qty * price) from order_detail od where od.odde_od_id = o.od_id) >= 50000000
                 then (select sum(od.qty * price) from order_detail od where od.odde_od_id = o.od_id) * 0.05
             else 0
            end) as total
    FROM shipper s
             INNER JOIN orders o
                        ON s.order_shipper_od_id = o.od_id
    inner join order_detail od on o.od_id = od.odde_od_id
    WHERE s.user_shippers_user_id = userShipperId and o.status = 'DELIVERED' and YEAR(o.recipient_date) = years
    GROUP BY MONTH(o.recipient_date);
END ;;
DELIMITER ;
/*!50003 SET sql_mode              = @saved_sql_mode */ ;
/*!50003 SET character_set_client  = @saved_cs_client */ ;
/*!50003 SET character_set_results = @saved_cs_results */ ;
/*!50003 SET collation_connection  = @saved_col_connection */ ;
/*!50003 DROP PROCEDURE IF EXISTS `ThongKe_Top10_Product` */;
/*!50003 SET @saved_cs_client      = @@character_set_client */ ;
/*!50003 SET @saved_cs_results     = @@character_set_results */ ;
/*!50003 SET @saved_col_connection = @@collation_connection */ ;
/*!50003 SET character_set_client  = utf8mb4 */ ;
/*!50003 SET character_set_results = utf8mb4 */ ;
/*!50003 SET collation_connection  = utf8mb4_0900_ai_ci */ ;
/*!50003 SET @saved_sql_mode       = @@sql_mode */ ;
/*!50003 SET sql_mode              = 'STRICT_TRANS_TABLES,NO_ENGINE_SUBSTITUTION' */ ;
DELIMITER ;;
CREATE DEFINER=`root`@`localhost` PROCEDURE `ThongKe_Top10_Product`(month int,year int)
BEGIN
    SELECT
        p.prod_name prodName,
        COUNT(o.qty) countQty,
        Sum(p.price_prod) countPrice,
        o2.recipient_date
    from order_detail o INNER JOIN products p on p.prod_id = o.prod_odde_prod_id
                        Join orders o2 on o.odde_od_id = o2.od_id where MONTH(o2.recipient_date) = month and
            YEAR(o2.recipient_date) = year
    group by p.prod_name,p.price_prod
    order by countQty DESC
    LIMIT 0,10;
End ;;
DELIMITER ;
/*!50003 SET sql_mode              = @saved_sql_mode */ ;
/*!50003 SET character_set_client  = @saved_cs_client */ ;
/*!50003 SET character_set_results = @saved_cs_results */ ;
/*!50003 SET collation_connection  = @saved_col_connection */ ;
/*!50003 DROP PROCEDURE IF EXISTS `ThongKe_Top10_ProductByYear` */;
/*!50003 SET @saved_cs_client      = @@character_set_client */ ;
/*!50003 SET @saved_cs_results     = @@character_set_results */ ;
/*!50003 SET @saved_col_connection = @@collation_connection */ ;
/*!50003 SET character_set_client  = utf8mb4 */ ;
/*!50003 SET character_set_results = utf8mb4 */ ;
/*!50003 SET collation_connection  = utf8mb4_0900_ai_ci */ ;
/*!50003 SET @saved_sql_mode       = @@sql_mode */ ;
/*!50003 SET sql_mode              = 'STRICT_TRANS_TABLES,NO_ENGINE_SUBSTITUTION' */ ;
DELIMITER ;;
CREATE DEFINER=`root`@`localhost` PROCEDURE `ThongKe_Top10_ProductByYear`(year int)
begin
    SELECT
        p.prod_name prodName,
        COUNT(o.qty) countQty,
        Sum(p.price_prod) countPrice,
        o2.recipient_date
    from order_detail o INNER JOIN products p on p.prod_id = o.prod_odde_prod_id
                        Join orders o2 on o.odde_od_id = o2.od_id where
            YEAR(o2.recipient_date) = year
    group by p.prod_name,p.price_prod
    order by countQty DESC
    LIMIT 0,10;
end ;;
DELIMITER ;
/*!50003 SET sql_mode              = @saved_sql_mode */ ;
/*!50003 SET character_set_client  = @saved_cs_client */ ;
/*!50003 SET character_set_results = @saved_cs_results */ ;
/*!50003 SET collation_connection  = @saved_col_connection */ ;
/*!40103 SET TIME_ZONE=@OLD_TIME_ZONE */;

/*!40101 SET SQL_MODE=@OLD_SQL_MODE */;
/*!40014 SET FOREIGN_KEY_CHECKS=@OLD_FOREIGN_KEY_CHECKS */;
/*!40014 SET UNIQUE_CHECKS=@OLD_UNIQUE_CHECKS */;
/*!40101 SET CHARACTER_SET_CLIENT=@OLD_CHARACTER_SET_CLIENT */;
/*!40101 SET CHARACTER_SET_RESULTS=@OLD_CHARACTER_SET_RESULTS */;
/*!40101 SET COLLATION_CONNECTION=@OLD_COLLATION_CONNECTION */;
/*!40111 SET SQL_NOTES=@OLD_SQL_NOTES */;

-- Dump completed on 2022-11-30 18:58:27
